iso3,year,value,source,source_url,vintage_date,confidence,verified_by,verified_at,notes
ABW,1992,2.214,NSO published (national vital statistics / Eurostat),,2026-06-15,HIGH,NSO_TFR_RESOURCE_2026_06,2026-06-15,Δ vs WPP -0.14
ABW,1993,2.052,NSO published (national vital statistics / Eurostat),,2026-06-15,HIGH,NSO_TFR_RESOURCE_2026_06,2026-06-15,Δ vs WPP -0.28
ABW,1994,2.036,NSO published (national vital statistics / Eurostat),,2026-06-15,HIGH,NSO_TFR_RESOURCE_2026_06,2026-06-15,Δ vs WPP -0.26
ABW,1995,2.137,NSO published (national vital statistics / Eurostat),,2026-06-15,HIGH,NSO_TFR_RESOURCE_2026_06,2026-06-15,Δ vs WPP -0.15
ABW,1996,2.088,NSO published (national vital statistics / Eurostat),,2026-06-15,HIGH,NSO_TFR_RESOURCE_2026_06,2026-06-15,Δ vs WPP -0.14
ABW,1997,2.038,NSO published (national vital statistics / Eurostat),,2026-06-15,HIGH,NSO_TFR_RESOURCE_2026_06,2026-06-15,Δ vs WPP -0.10
ABW,1998,1.821,NSO published (national vital statistics / Eurostat),,2026-06-15,HIGH,NSO_TFR_RESOURCE_2026_06,2026-06-15,Δ vs WPP -0.18
ABW,1999,1.716,NSO published (national vital statistics / Eurostat),,2026-06-15,HIGH,NSO_TFR_RESOURCE_2026_06,2026-06-15,Δ vs WPP -0.18
ABW,2000,1.896,NSO published (national vital statistics / Eurostat),,2026-06-15,HIGH,NSO_TFR_RESOURCE_2026_06,2026-06-15,Δ vs WPP +0.05
ABW,2001,1.866,NSO published (national vital statistics / Eurostat),,2026-06-15,HIGH,NSO_TFR_RESOURCE_2026_06,2026-06-15,Δ vs WPP +0.05
ABW,2002,1.874,NSO published (national vital statistics / Eurostat),,2026-06-15,HIGH,NSO_TFR_RESOURCE_2026_06,2026-06-15,Δ vs WPP +0.07
ABW,2003,1.883,NSO published (national vital statistics / Eurostat),,2026-06-15,HIGH,NSO_TFR_RESOURCE_2026_06,2026-06-15,Δ vs WPP +0.07
ABW,2004,1.787,NSO published (national vital statistics / Eurostat),,2026-06-15,HIGH,NSO_TFR_RESOURCE_2026_06,2026-06-15,Δ vs WPP -0.03
ABW,2005,1.834,NSO published (national vital statistics / Eurostat),,2026-06-15,HIGH,NSO_TFR_RESOURCE_2026_06,2026-06-15,Δ vs WPP -0.01
ABW,2006,2.035,NSO published (national vital statistics / Eurostat),,2026-06-15,HIGH,NSO_TFR_RESOURCE_2026_06,2026-06-15,Δ vs WPP +0.17
ABW,2007,2.041,NSO published (national vital statistics / Eurostat),,2026-06-15,HIGH,NSO_TFR_RESOURCE_2026_06,2026-06-15,Δ vs WPP +0.16
ABW,2008,2.024,NSO published (national vital statistics / Eurostat),,2026-06-15,HIGH,NSO_TFR_RESOURCE_2026_06,2026-06-15,Δ vs WPP +0.13
ABW,2009,1.961,NSO published (national vital statistics / Eurostat),,2026-06-15,HIGH,NSO_TFR_RESOURCE_2026_06,2026-06-15,Δ vs WPP +0.09
ABW,2010,1.923,NSO published (national vital statistics / Eurostat),,2026-06-15,HIGH,NSO_TFR_RESOURCE_2026_06,2026-06-15,Δ vs WPP +0.07
ABW,2011,1.938,NSO published (national vital statistics / Eurostat),,2026-06-15,HIGH,NSO_TFR_RESOURCE_2026_06,2026-06-15,Δ vs WPP +0.08
ABW,2012,2.019,NSO published (national vital statistics / Eurostat),,2026-06-15,HIGH,NSO_TFR_RESOURCE_2026_06,2026-06-15,Δ vs WPP +0.11
ABW,2013,2.01,NSO published (national vital statistics / Eurostat),,2026-06-15,HIGH,NSO_TFR_RESOURCE_2026_06,2026-06-15,Δ vs WPP +0.07
ABW,2014,2.081,NSO published (national vital statistics / Eurostat),,2026-06-15,HIGH,NSO_TFR_RESOURCE_2026_06,2026-06-15,Δ vs WPP +0.14
ABW,2015,1.859,NSO published (national vital statistics / Eurostat),,2026-06-15,HIGH,NSO_TFR_RESOURCE_2026_06,2026-06-15,Δ vs WPP -0.04
ABW,2016,1.9,Wikipedia: Demographics of [ABW] (vital statistics),,2026-05-13,HIGH,EDITOR_DECISION_2026_05_v2,2026-05-13,Δ vs WPP +0.05
ABW,2017,1.894,Wikipedia: Demographics of [ABW] (vital statistics),,2026-05-13,HIGH,EDITOR_DECISION_2026_05_v2,2026-05-13,Δ vs WPP +0.10
ABW,2018,1.779,Wikipedia: Demographics of [ABW] (vital statistics),,2026-05-13,HIGH,EDITOR_DECISION_2026_05_v2,2026-05-13,Δ vs WPP +0.05
ABW,2019,1.816,Wikipedia: Demographics of [ABW] (vital statistics),,2026-05-13,HIGH,EDITOR_DECISION_2026_05_v2,2026-05-13,Δ vs WPP +0.12
ABW,2020,1.638,Wikipedia: Demographics of [ABW] (vital statistics),,2026-05-13,HIGH,EDITOR_DECISION_2026_05_v2,2026-05-13,Δ vs WPP -0.02
ABW,2021,1.619,NSO published (national vital statistics / Eurostat),,2026-06-15,HIGH,NSO_TFR_RESOURCE_2026_06,2026-06-15,Δ vs WPP -0.01
ABW,2022,1.463,Wikipedia: Demographics of [ABW] (vital statistics),,2026-05-13,HIGH,EDITOR_DECISION_2026_05_v2,2026-05-13,Δ vs WPP -0.16
ABW,2023,1.382,Wikipedia: Demographics of [ABW] (vital statistics),,2026-05-13,HIGH,EDITOR_DECISION_2026_05_v2,2026-05-13,Δ vs WPP -0.22
ABW,2024,1.324,Wikipedia: Demographics of [ABW] (vital statistics),,2026-05-13,MEDIUM,EDITOR_DECISION_2026_05_v2,2026-05-13,Δ vs WPP -0.29. Editor certainty: Recheck
ABW,2025,1.27,Wikipedia (bidirectional TFR interpolation),,2026-05-14,MEDIUM,CALCNEW_V7_FRESH,2026-05-14,Calc New v7 (tfr_extrap_fwd). 
AFG,1965,7.31,NSO published (national vital statistics / Eurostat),,2026-06-15,HIGH,NSO_TFR_RESOURCE_2026_06,2026-06-15,Δ vs WPP +0.00
AFG,1966,7.32,NSO published (national vital statistics / Eurostat),,2026-06-15,HIGH,NSO_TFR_RESOURCE_2026_06,2026-06-15,Δ vs WPP -0.00
AFG,1967,7.34,NSO published (national vital statistics / Eurostat),,2026-06-15,HIGH,NSO_TFR_RESOURCE_2026_06,2026-06-15,Δ vs WPP +0.00
AFG,1968,7.36,NSO published (national vital statistics / Eurostat),,2026-06-15,HIGH,NSO_TFR_RESOURCE_2026_06,2026-06-15,Δ vs WPP -0.00
AFG,1969,7.39,NSO published (national vital statistics / Eurostat),,2026-06-15,HIGH,NSO_TFR_RESOURCE_2026_06,2026-06-15,Δ vs WPP +0.00
AFG,1970,7.4,NSO published (national vital statistics / Eurostat),,2026-06-15,HIGH,NSO_TFR_RESOURCE_2026_06,2026-06-15,Δ vs WPP +0.00
AFG,1971,7.43,NSO published (national vital statistics / Eurostat),,2026-06-15,HIGH,NSO_TFR_RESOURCE_2026_06,2026-06-15,Δ vs WPP -0.00
AFG,1972,7.45,NSO published (national vital statistics / Eurostat),,2026-06-15,HIGH,NSO_TFR_RESOURCE_2026_06,2026-06-15,Δ vs WPP -0.00
AFG,1973,7.49,NSO published (national vital statistics / Eurostat),,2026-06-15,HIGH,NSO_TFR_RESOURCE_2026_06,2026-06-15,Δ vs WPP +0.00
AFG,1974,7.53,NSO published (national vital statistics / Eurostat),,2026-06-15,HIGH,NSO_TFR_RESOURCE_2026_06,2026-06-15,Δ vs WPP +0.00
AFG,1975,7.54,NSO published (national vital statistics / Eurostat),,2026-06-15,HIGH,NSO_TFR_RESOURCE_2026_06,2026-06-15,Δ vs WPP -0.00
AFG,1976,7.56,NSO published (national vital statistics / Eurostat),,2026-06-15,HIGH,NSO_TFR_RESOURCE_2026_06,2026-06-15,Δ vs WPP -0.00
AFG,1977,7.59,NSO published (national vital statistics / Eurostat),,2026-06-15,HIGH,NSO_TFR_RESOURCE_2026_06,2026-06-15,Δ vs WPP -0.00
AFG,1978,7.6,NSO published (national vital statistics / Eurostat),,2026-06-15,HIGH,NSO_TFR_RESOURCE_2026_06,2026-06-15,Δ vs WPP +0.00
AFG,1979,7.61,NSO published (national vital statistics / Eurostat),,2026-06-15,HIGH,NSO_TFR_RESOURCE_2026_06,2026-06-15,Δ vs WPP -0.00
AFG,1980,7.59,NSO published (national vital statistics / Eurostat),,2026-06-15,HIGH,NSO_TFR_RESOURCE_2026_06,2026-06-15,Δ vs WPP -0.05
AFG,1981,7.57,NSO published (national vital statistics / Eurostat),,2026-06-15,HIGH,NSO_TFR_RESOURCE_2026_06,2026-06-15,Δ vs WPP -0.05
AFG,1982,7.55,NSO published (national vital statistics / Eurostat),,2026-06-15,HIGH,NSO_TFR_RESOURCE_2026_06,2026-06-15,Δ vs WPP -0.05
AFG,1983,7.54,NSO published (national vital statistics / Eurostat),,2026-06-15,HIGH,NSO_TFR_RESOURCE_2026_06,2026-06-15,Δ vs WPP -0.03
AFG,1984,7.51,NSO published (national vital statistics / Eurostat),,2026-06-15,HIGH,NSO_TFR_RESOURCE_2026_06,2026-06-15,Δ vs WPP -0.04
AFG,1985,7.52,NSO published (national vital statistics / Eurostat),,2026-06-15,HIGH,NSO_TFR_RESOURCE_2026_06,2026-06-15,Δ vs WPP -0.03
AFG,1986,7.52,NSO published (national vital statistics / Eurostat),,2026-06-15,HIGH,NSO_TFR_RESOURCE_2026_06,2026-06-15,Δ vs WPP -0.03
AFG,1987,7.53,NSO published (national vital statistics / Eurostat),,2026-06-15,HIGH,NSO_TFR_RESOURCE_2026_06,2026-06-15,Δ vs WPP -0.02
AFG,1988,7.53,NSO published (national vital statistics / Eurostat),,2026-06-15,HIGH,NSO_TFR_RESOURCE_2026_06,2026-06-15,Δ vs WPP -0.02
AFG,1989,7.53,NSO published (national vital statistics / Eurostat),,2026-06-15,HIGH,NSO_TFR_RESOURCE_2026_06,2026-06-15,Δ vs WPP -0.03
AFG,1990,7.56,NSO published (national vital statistics / Eurostat),,2026-06-15,HIGH,NSO_TFR_RESOURCE_2026_06,2026-06-15,Δ vs WPP -0.02
AFG,1991,7.61,NSO published (national vital statistics / Eurostat),,2026-06-15,HIGH,NSO_TFR_RESOURCE_2026_06,2026-06-15,Δ vs WPP -0.02
AFG,1992,7.66,NSO published (national vital statistics / Eurostat),,2026-06-15,HIGH,NSO_TFR_RESOURCE_2026_06,2026-06-15,Δ vs WPP -0.04
AFG,1993,7.72,NSO published (national vital statistics / Eurostat),,2026-06-15,HIGH,NSO_TFR_RESOURCE_2026_06,2026-06-15,Δ vs WPP -0.04
AFG,1994,7.72,NSO published (national vital statistics / Eurostat),,2026-06-15,HIGH,NSO_TFR_RESOURCE_2026_06,2026-06-15,Δ vs WPP -0.05
AFG,1995,7.71,NSO published (national vital statistics / Eurostat),,2026-06-15,HIGH,NSO_TFR_RESOURCE_2026_06,2026-06-15,Δ vs WPP -0.06
AFG,1996,7.71,NSO published (national vital statistics / Eurostat),,2026-06-15,HIGH,NSO_TFR_RESOURCE_2026_06,2026-06-15,Δ vs WPP -0.05
AFG,1997,7.67,NSO published (national vital statistics / Eurostat),,2026-06-15,HIGH,NSO_TFR_RESOURCE_2026_06,2026-06-15,Δ vs WPP -0.06
AFG,1998,7.64,NSO published (national vital statistics / Eurostat),,2026-06-15,HIGH,NSO_TFR_RESOURCE_2026_06,2026-06-15,Δ vs WPP -0.05
AFG,1999,7.6,NSO published (national vital statistics / Eurostat),,2026-06-15,HIGH,NSO_TFR_RESOURCE_2026_06,2026-06-15,Δ vs WPP -0.04
AFG,2000,7.53,NSO published (national vital statistics / Eurostat),,2026-06-15,HIGH,NSO_TFR_RESOURCE_2026_06,2026-06-15,Δ vs WPP -0.04
AFG,2001,7.45,NSO published (national vital statistics / Eurostat),,2026-06-15,HIGH,NSO_TFR_RESOURCE_2026_06,2026-06-15,Δ vs WPP -0.00
AFG,2002,7.34,NSO published (national vital statistics / Eurostat),,2026-06-15,HIGH,NSO_TFR_RESOURCE_2026_06,2026-06-15,Δ vs WPP +0.02
AFG,2003,7.22,NSO published (national vital statistics / Eurostat),,2026-06-15,HIGH,NSO_TFR_RESOURCE_2026_06,2026-06-15,Δ vs WPP +0.05
AFG,2004,7.07,NSO published (national vital statistics / Eurostat),,2026-06-15,HIGH,NSO_TFR_RESOURCE_2026_06,2026-06-15,Δ vs WPP +0.05
AFG,2005,6.91,NSO published (national vital statistics / Eurostat),,2026-06-15,HIGH,NSO_TFR_RESOURCE_2026_06,2026-06-15,Δ vs WPP +0.05
AFG,2006,6.72,NSO published (national vital statistics / Eurostat),,2026-06-15,HIGH,NSO_TFR_RESOURCE_2026_06,2026-06-15,Δ vs WPP +0.03
AFG,2007,6.53,NSO published (national vital statistics / Eurostat),,2026-06-15,HIGH,NSO_TFR_RESOURCE_2026_06,2026-06-15,Δ vs WPP +0.02
AFG,2008,6.38,NSO published (national vital statistics / Eurostat),,2026-06-15,HIGH,NSO_TFR_RESOURCE_2026_06,2026-06-15,Δ vs WPP -0.01
AFG,2009,6.24,NSIA Afghanistan,https://www.nsia.gov.af/,2026-05-13,HIGH,EDITOR_DECISION_2026_05_v2,2026-05-13,Pre-2016 override (editor matrix start year: 2009)
AFG,2010,6.1,NSIA Afghanistan,https://www.nsia.gov.af/,2026-05-13,HIGH,EDITOR_DECISION_2026_05_v2,2026-05-13,Pre-2016 override (editor matrix start year: 2009)
AFG,2011,5.96,NSIA Afghanistan,https://www.nsia.gov.af/,2026-05-13,HIGH,EDITOR_DECISION_2026_05_v2,2026-05-13,Pre-2016 override (editor matrix start year: 2009)
AFG,2012,5.83,NSIA Afghanistan,https://www.nsia.gov.af/,2026-05-13,HIGH,EDITOR_DECISION_2026_05_v2,2026-05-13,Pre-2016 override (editor matrix start year: 2009)
AFG,2013,5.7,NSIA Afghanistan,https://www.nsia.gov.af/,2026-05-13,HIGH,EDITOR_DECISION_2026_05_v2,2026-05-13,Pre-2016 override (editor matrix start year: 2009)
AFG,2014,5.56,NSIA Afghanistan,https://www.nsia.gov.af/,2026-05-13,HIGH,EDITOR_DECISION_2026_05_v2,2026-05-13,Pre-2016 override (editor matrix start year: 2009)
AFG,2015,5.41,NSIA Afghanistan,https://www.nsia.gov.af/,2026-05-13,HIGH,EDITOR_DECISION_2026_05_v2,2026-05-13,Pre-2016 override (editor matrix start year: 2009)
AFG,2016,5.26,NSIA Afghanistan,https://www.nsia.gov.af/,2026-05-13,HIGH,EDITOR_DECISION_2026_05_v2,2026-05-13,Δ vs WPP -0.28. Editor certainty: Materially Lower
AFG,2017,5.13,NSIA Afghanistan,https://www.nsia.gov.af/,2026-05-13,HIGH,EDITOR_DECISION_2026_05_v2,2026-05-13,Δ vs WPP -0.30. Editor certainty: Materially Lower
AFG,2018,5,NSIA Afghanistan,https://www.nsia.gov.af/,2026-05-13,HIGH,EDITOR_DECISION_2026_05_v2,2026-05-13,Δ vs WPP -0.33. Editor certainty: Materially Lower
AFG,2019,4.87,NSIA Afghanistan,https://www.nsia.gov.af/,2026-05-13,HIGH,EDITOR_DECISION_2026_05_v2,2026-05-13,Δ vs WPP -0.37. Editor certainty: Materially Lower
AFG,2020,4.75,NSIA Afghanistan,https://www.nsia.gov.af/,2026-05-13,HIGH,EDITOR_DECISION_2026_05_v2,2026-05-13,Δ vs WPP -0.40. Editor certainty: Materially Lower
AFG,2021,4.64,NSIA Afghanistan,https://www.nsia.gov.af/,2026-05-13,HIGH,EDITOR_DECISION_2026_05_v2,2026-05-13,Δ vs WPP -0.40. Editor certainty: Materially Lower
AFG,2022,4.52,NSIA Afghanistan,https://www.nsia.gov.af/,2026-05-13,HIGH,EDITOR_DECISION_2026_05_v2,2026-05-13,Δ vs WPP -0.41. Editor certainty: Materially Lower
AFG,2023,4.41,NSIA Afghanistan,https://www.nsia.gov.af/,2026-05-13,HIGH,EDITOR_DECISION_2026_05_v2,2026-05-13,Δ vs WPP -0.43. Editor certainty: Materially Lower
AFG,2024,4.36,Wikipedia (bidirectional TFR interpolation),,2026-05-14,MEDIUM,CALCNEW_V7_FRESH,2026-05-14,Calc New v7 (tfr_extrap_fwd). 
AFG,2025,4.31,Wikipedia (bidirectional TFR interpolation),,2026-05-14,MEDIUM,CALCNEW_V7_FRESH,2026-05-14,Calc New v7 (tfr_extrap_fwd). 
ALB,1965,5.65,NSO published (national vital statistics / Eurostat),,2026-06-15,HIGH,NSO_TFR_RESOURCE_2026_06,2026-06-15,Δ vs WPP +0.18
ALB,1966,5.32,NSO published (national vital statistics / Eurostat),,2026-06-15,HIGH,NSO_TFR_RESOURCE_2026_06,2026-06-15,Δ vs WPP -0.01
ALB,1967,5.53,NSO published (national vital statistics / Eurostat),,2026-06-15,HIGH,NSO_TFR_RESOURCE_2026_06,2026-06-15,Δ vs WPP +0.22
ALB,1968,5.6,NSO published (national vital statistics / Eurostat),,2026-06-15,HIGH,NSO_TFR_RESOURCE_2026_06,2026-06-15,Δ vs WPP +0.28
ALB,1969,5.6,NSO published (national vital statistics / Eurostat),,2026-06-15,HIGH,NSO_TFR_RESOURCE_2026_06,2026-06-15,Δ vs WPP +0.31
ALB,1970,5.16,NSO published (national vital statistics / Eurostat),,2026-06-15,HIGH,NSO_TFR_RESOURCE_2026_06,2026-06-15,Δ vs WPP +0.00
ALB,1971,5.2,NSO published (national vital statistics / Eurostat),,2026-06-15,HIGH,NSO_TFR_RESOURCE_2026_06,2026-06-15,Δ vs WPP +0.12
ALB,1972,5.06,NSO published (national vital statistics / Eurostat),,2026-06-15,HIGH,NSO_TFR_RESOURCE_2026_06,2026-06-15,Δ vs WPP +0.08
ALB,1973,4.62,NSO published (national vital statistics / Eurostat),,2026-06-15,HIGH,NSO_TFR_RESOURCE_2026_06,2026-06-15,Δ vs WPP -0.21
ALB,1974,4.59,NSO published (national vital statistics / Eurostat),,2026-06-15,HIGH,NSO_TFR_RESOURCE_2026_06,2026-06-15,Δ vs WPP -0.11
ALB,1975,4.23,NSO published (national vital statistics / Eurostat),,2026-06-15,HIGH,NSO_TFR_RESOURCE_2026_06,2026-06-15,Δ vs WPP -0.34
ALB,1976,4.08,NSO published (national vital statistics / Eurostat),,2026-06-15,HIGH,NSO_TFR_RESOURCE_2026_06,2026-06-15,Δ vs WPP -0.29
ALB,1977,4.12,NSO published (national vital statistics / Eurostat),,2026-06-15,HIGH,NSO_TFR_RESOURCE_2026_06,2026-06-15,Δ vs WPP -0.08
ALB,1978,3.84,NSO published (national vital statistics / Eurostat),,2026-06-15,HIGH,NSO_TFR_RESOURCE_2026_06,2026-06-15,Δ vs WPP -0.16
ALB,1979,3.8,NSO published (national vital statistics / Eurostat),,2026-06-15,HIGH,NSO_TFR_RESOURCE_2026_06,2026-06-15,Δ vs WPP +0.02
ALB,1980,3.62,NSO published (national vital statistics / Eurostat),,2026-06-15,HIGH,NSO_TFR_RESOURCE_2026_06,2026-06-15,Δ vs WPP +0.03
ALB,1981,3.63,NSO published (national vital statistics / Eurostat),,2026-06-15,HIGH,NSO_TFR_RESOURCE_2026_06,2026-06-15,Δ vs WPP +0.16
ALB,1982,3.8,NSO published (national vital statistics / Eurostat),,2026-06-15,HIGH,NSO_TFR_RESOURCE_2026_06,2026-06-15,Δ vs WPP +0.38
ALB,1983,3.24,NSO published (national vital statistics / Eurostat),,2026-06-15,HIGH,NSO_TFR_RESOURCE_2026_06,2026-06-15,Δ vs WPP -0.08
ALB,1984,3.41,NSO published (national vital statistics / Eurostat),,2026-06-15,HIGH,NSO_TFR_RESOURCE_2026_06,2026-06-15,Δ vs WPP +0.13
ALB,1985,3.26,NSO published (national vital statistics / Eurostat),,2026-06-15,HIGH,NSO_TFR_RESOURCE_2026_06,2026-06-15,Δ vs WPP +0.05
ALB,1986,3.11,NSO published (national vital statistics / Eurostat),,2026-06-15,HIGH,NSO_TFR_RESOURCE_2026_06,2026-06-15,Δ vs WPP -0.03
ALB,1987,3.16,NSO published (national vital statistics / Eurostat),,2026-06-15,HIGH,NSO_TFR_RESOURCE_2026_06,2026-06-15,Δ vs WPP +0.05
ALB,1988,3.03,NSO published (national vital statistics / Eurostat),,2026-06-15,HIGH,NSO_TFR_RESOURCE_2026_06,2026-06-15,Δ vs WPP -0.04
ALB,1989,2.96,NSO published (national vital statistics / Eurostat),,2026-06-15,HIGH,NSO_TFR_RESOURCE_2026_06,2026-06-15,Δ vs WPP -0.07
ALB,1990,3.03,NSO published (national vital statistics / Eurostat),,2026-06-15,HIGH,NSO_TFR_RESOURCE_2026_06,2026-06-15,Δ vs WPP +0.02
ALB,1991,2.9,NSO published (national vital statistics / Eurostat),,2026-06-15,HIGH,NSO_TFR_RESOURCE_2026_06,2026-06-15,Δ vs WPP -0.06
ALB,1992,2.86,NSO published (national vital statistics / Eurostat),,2026-06-15,HIGH,NSO_TFR_RESOURCE_2026_06,2026-06-15,Δ vs WPP -0.03
ALB,1993,2.61,NSO published (national vital statistics / Eurostat),,2026-06-15,HIGH,NSO_TFR_RESOURCE_2026_06,2026-06-15,Δ vs WPP -0.20
ALB,1994,2.82,NSO published (national vital statistics / Eurostat),,2026-06-15,HIGH,NSO_TFR_RESOURCE_2026_06,2026-06-15,Δ vs WPP +0.02
ALB,1995,2.87,NSO published (national vital statistics / Eurostat),,2026-06-15,HIGH,NSO_TFR_RESOURCE_2026_06,2026-06-15,Δ vs WPP +0.11
ALB,1996,2.77,NSO published (national vital statistics / Eurostat),,2026-06-15,HIGH,NSO_TFR_RESOURCE_2026_06,2026-06-15,Δ vs WPP +0.10
ALB,1997,2.55,NSO published (national vital statistics / Eurostat),,2026-06-15,HIGH,NSO_TFR_RESOURCE_2026_06,2026-06-15,Δ vs WPP +0.02
ALB,1998,2.53,NSO published (national vital statistics / Eurostat),,2026-06-15,HIGH,NSO_TFR_RESOURCE_2026_06,2026-06-15,Δ vs WPP +0.10
ALB,1999,2.49,NSO published (national vital statistics / Eurostat),,2026-06-15,HIGH,NSO_TFR_RESOURCE_2026_06,2026-06-15,Δ vs WPP +0.18
ALB,2000,2.25,NSO published (national vital statistics / Eurostat),,2026-06-15,HIGH,NSO_TFR_RESOURCE_2026_06,2026-06-15,Δ vs WPP +0.03
ALB,2001,2.31,NSO published (national vital statistics / Eurostat),,2026-06-15,HIGH,NSO_TFR_RESOURCE_2026_06,2026-06-15,Δ vs WPP +0.17
ALB,2002,1.9,NSO published (national vital statistics / Eurostat),,2026-06-15,HIGH,NSO_TFR_RESOURCE_2026_06,2026-06-15,Δ vs WPP -0.10
ALB,2003,2.06,NSO published (national vital statistics / Eurostat),,2026-06-15,HIGH,NSO_TFR_RESOURCE_2026_06,2026-06-15,Δ vs WPP +0.05
ALB,2004,1.86,NSO published (national vital statistics / Eurostat),,2026-06-15,HIGH,NSO_TFR_RESOURCE_2026_06,2026-06-15,Δ vs WPP -0.03
ALB,2005,1.79,NSO published (national vital statistics / Eurostat),,2026-06-15,HIGH,NSO_TFR_RESOURCE_2026_06,2026-06-15,Δ vs WPP +0.00
ALB,2006,1.67,NSO published (national vital statistics / Eurostat),,2026-06-15,HIGH,NSO_TFR_RESOURCE_2026_06,2026-06-15,Δ vs WPP -0.02
ALB,2007,1.62,NSO published (national vital statistics / Eurostat),,2026-06-15,HIGH,NSO_TFR_RESOURCE_2026_06,2026-06-15,Δ vs WPP -0.01
ALB,2008,1.58,NSO published (national vital statistics / Eurostat),,2026-06-15,HIGH,NSO_TFR_RESOURCE_2026_06,2026-06-15,Δ vs WPP -0.04
ALB,2009,1.63,NSO published (national vital statistics / Eurostat),,2026-06-15,HIGH,NSO_TFR_RESOURCE_2026_06,2026-06-15,Δ vs WPP -0.01
ALB,2010,1.63,NSO published (national vital statistics / Eurostat),,2026-06-15,HIGH,NSO_TFR_RESOURCE_2026_06,2026-06-15,Δ vs WPP -0.02
ALB,2011,1.65,NSO published (national vital statistics / Eurostat),,2026-06-15,HIGH,NSO_TFR_RESOURCE_2026_06,2026-06-15,Δ vs WPP -0.03
ALB,2012,1.74,NSO published (national vital statistics / Eurostat),,2026-06-15,HIGH,NSO_TFR_RESOURCE_2026_06,2026-06-15,Δ vs WPP +0.02
ALB,2013,1.81,INSTAT Albania,https://www.instat.gov.al/,2026-05-13,HIGH,EDITOR_DECISION_2026_05_v2,2026-05-13,Pre-2016 override (editor matrix start year: 2013)
ALB,2014,1.87,INSTAT Albania,https://www.instat.gov.al/,2026-05-13,HIGH,EDITOR_DECISION_2026_05_v2,2026-05-13,Pre-2016 override (editor matrix start year: 2013)
ALB,2015,1.76,INSTAT Albania,https://www.instat.gov.al/,2026-05-13,HIGH,EDITOR_DECISION_2026_05_v2,2026-05-13,Pre-2016 override (editor matrix start year: 2013)
ALB,2016,1.76,INSTAT Albania,https://www.instat.gov.al/,2026-05-13,HIGH,EDITOR_DECISION_2026_05_v2,2026-05-13,Δ vs WPP +0.20. Editor certainty: Materially Higher
ALB,2017,1.77,INSTAT Albania,https://www.instat.gov.al/,2026-05-13,HIGH,EDITOR_DECISION_2026_05_v2,2026-05-13,Δ vs WPP +0.28. Editor certainty: Materially Higher
ALB,2018,1.71,INSTAT Albania,https://www.instat.gov.al/,2026-05-13,HIGH,EDITOR_DECISION_2026_05_v2,2026-05-13,Δ vs WPP +0.29. Editor certainty: Materially Higher
ALB,2019,1.74,INSTAT Albania,https://www.instat.gov.al/,2026-05-13,HIGH,EDITOR_DECISION_2026_05_v2,2026-05-13,Δ vs WPP +0.34. Editor certainty: Materially Higher
ALB,2020,1.76,INSTAT Albania,https://www.instat.gov.al/,2026-05-13,HIGH,EDITOR_DECISION_2026_05_v2,2026-05-13,Δ vs WPP +0.39. Editor certainty: Materially Higher
ALB,2021,1.76,INSTAT Albania,https://www.instat.gov.al/,2026-05-13,HIGH,EDITOR_DECISION_2026_05_v2,2026-05-13,Δ vs WPP +0.39. Editor certainty: Materially Higher
ALB,2022,1.65,INSTAT Albania,https://www.instat.gov.al/,2026-05-13,HIGH,EDITOR_DECISION_2026_05_v2,2026-05-13,Δ vs WPP +0.29. Editor certainty: Materially Higher
ALB,2023,1.61,INSTAT Albania,https://www.instat.gov.al/,2026-05-13,HIGH,EDITOR_DECISION_2026_05_v2,2026-05-13,Δ vs WPP +0.26. Editor certainty: Materially Higher
ALB,2024,1.64,INSTAT Albania,https://www.instat.gov.al/,2026-05-13,HIGH,EDITOR_DECISION_2026_05_v2,2026-05-13,Δ vs WPP +0.30. Editor certainty: Materially Higher
ALB,2025,1.53,"Wikipedia (TFR from observed births × local-window ratio, outlier-filtered)",,2026-05-14,HIGH,CALCNEW_V7_FRESH,2026-05-14,"Calc New v7 (v7_births_5anchor_±5y). R=0.000068, anchors=[(2020, 28075.0, 1.76, 6.269e-05), (2021, 27211.0, 1.76, 6.468e-05), (2022, 24688.0, 1.65, 6.683e-05), (2023, 23617.0, 1.61, 6.817e-05), (2024, 23310.0, 1.64, 7.036e-05)], dropped=[], window=±5y. Wiki-observed births 2025: 22,541."
AND,2010,1.41,NSO published (national vital statistics / Eurostat),,2026-06-15,HIGH,NSO_TFR_RESOURCE_2026_06,2026-06-15,Δ vs WPP +0.14
AND,2011,1.38,NSO published (national vital statistics / Eurostat),,2026-06-15,HIGH,NSO_TFR_RESOURCE_2026_06,2026-06-15,Δ vs WPP +0.06
AND,2012,1.33,NSO published (national vital statistics / Eurostat),,2026-06-15,HIGH,NSO_TFR_RESOURCE_2026_06,2026-06-15,Δ vs WPP +0.07
AND,2013,1.18,NSO published (national vital statistics / Eurostat),,2026-06-15,HIGH,NSO_TFR_RESOURCE_2026_06,2026-06-15,Δ vs WPP +0.04
AND,2014,1.21,NSO published (national vital statistics / Eurostat),,2026-06-15,HIGH,NSO_TFR_RESOURCE_2026_06,2026-06-15,Δ vs WPP +0.04
AND,2015,1.23,NSO published (national vital statistics / Eurostat),,2026-06-15,HIGH,NSO_TFR_RESOURCE_2026_06,2026-06-15,Δ vs WPP +0.01
AND,2016,1.19,NSO published (national vital statistics / Eurostat),,2026-06-15,HIGH,NSO_TFR_RESOURCE_2026_06,2026-06-15,Δ vs WPP +0.01
AND,2017,1.13,NSO published (national vital statistics / Eurostat),,2026-06-15,HIGH,NSO_TFR_RESOURCE_2026_06,2026-06-15,Δ vs WPP +0.00
AND,2018,1.03,Wikipedia: Demographics of [AND] (vital statistics),,2026-05-13,HIGH,EDITOR_DECISION_2026_05_v2,2026-05-13,Δ vs WPP -0.02
AND,2019,1.03,NSO published (national vital statistics / Eurostat),,2026-06-15,HIGH,NSO_TFR_RESOURCE_2026_06,2026-06-15,Δ vs WPP -0.01
AND,2020,1.03,NSO published (national vital statistics / Eurostat),,2026-06-15,HIGH,NSO_TFR_RESOURCE_2026_06,2026-06-15,Δ vs WPP +0.00
AND,2021,0.97,Wikipedia: Demographics of [AND] (vital statistics),,2026-05-13,HIGH,EDITOR_DECISION_2026_05_v2,2026-05-13,Δ vs WPP -0.09
AND,2022,0.94,Wikipedia: Demographics of [AND] (vital statistics),,2026-05-13,HIGH,EDITOR_DECISION_2026_05_v2,2026-05-13,Δ vs WPP -0.13
AND,2023,0.79,Wikipedia: Demographics of [AND] (vital statistics),,2026-05-13,HIGH,EDITOR_DECISION_2026_05_v2,2026-05-13,Δ vs WPP -0.29
AND,2024,0.84,Wikipedia: Demographics of [AND] (vital statistics),,2026-05-13,MEDIUM,EDITOR_DECISION_2026_05_v2,2026-05-13,Δ vs WPP -0.25. Editor certainty: Recheck
AND,2025,0.79,Wikipedia (bidirectional TFR interpolation),,2026-05-14,MEDIUM,CALCNEW_V7_FRESH,2026-05-14,Calc New v7 (tfr_extrap_fwd). 
ARG,1965,2.92,NSO published (national vital statistics / Eurostat),,2026-06-15,HIGH,NSO_TFR_RESOURCE_2026_06,2026-06-15,Δ vs WPP -0.09
ARG,1966,2.87,NSO published (national vital statistics / Eurostat),,2026-06-15,HIGH,NSO_TFR_RESOURCE_2026_06,2026-06-15,Δ vs WPP -0.10
ARG,1967,2.84,NSO published (national vital statistics / Eurostat),,2026-06-15,HIGH,NSO_TFR_RESOURCE_2026_06,2026-06-15,Δ vs WPP -0.14
ARG,1968,2.87,NSO published (national vital statistics / Eurostat),,2026-06-15,HIGH,NSO_TFR_RESOURCE_2026_06,2026-06-15,Δ vs WPP -0.14
ARG,1969,3.34,NSO published (national vital statistics / Eurostat),,2026-06-15,HIGH,NSO_TFR_RESOURCE_2026_06,2026-06-15,Δ vs WPP +0.29
ARG,1970,3.09,NSO published (national vital statistics / Eurostat),,2026-06-15,HIGH,NSO_TFR_RESOURCE_2026_06,2026-06-15,Δ vs WPP +0.01
ARG,1971,3.16,NSO published (national vital statistics / Eurostat),,2026-06-15,HIGH,NSO_TFR_RESOURCE_2026_06,2026-06-15,Δ vs WPP +0.05
ARG,1972,3.09,NSO published (national vital statistics / Eurostat),,2026-06-15,HIGH,NSO_TFR_RESOURCE_2026_06,2026-06-15,Δ vs WPP -0.04
ARG,1973,3.06,NSO published (national vital statistics / Eurostat),,2026-06-15,HIGH,NSO_TFR_RESOURCE_2026_06,2026-06-15,Δ vs WPP -0.11
ARG,1974,3.24,NSO published (national vital statistics / Eurostat),,2026-06-15,HIGH,NSO_TFR_RESOURCE_2026_06,2026-06-15,Δ vs WPP +0.02
ARG,1975,3.29,NSO published (national vital statistics / Eurostat),,2026-06-15,HIGH,NSO_TFR_RESOURCE_2026_06,2026-06-15,Δ vs WPP +0.02
ARG,1976,3.44,NSO published (national vital statistics / Eurostat),,2026-06-15,HIGH,NSO_TFR_RESOURCE_2026_06,2026-06-15,Δ vs WPP +0.12
ARG,1977,3.43,NSO published (national vital statistics / Eurostat),,2026-06-15,HIGH,NSO_TFR_RESOURCE_2026_06,2026-06-15,Δ vs WPP +0.07
ARG,1978,3.41,NSO published (national vital statistics / Eurostat),,2026-06-15,HIGH,NSO_TFR_RESOURCE_2026_06,2026-06-15,Δ vs WPP +0.05
ARG,1979,3.29,NSO published (national vital statistics / Eurostat),,2026-06-15,HIGH,NSO_TFR_RESOURCE_2026_06,2026-06-15,Δ vs WPP -0.05
ARG,1980,3.49,NSO published (national vital statistics / Eurostat),,2026-06-15,HIGH,NSO_TFR_RESOURCE_2026_06,2026-06-15,Δ vs WPP +0.19
ARG,1981,3.37,NSO published (national vital statistics / Eurostat),,2026-06-15,HIGH,NSO_TFR_RESOURCE_2026_06,2026-06-15,Δ vs WPP +0.12
ARG,1982,3.24,NSO published (national vital statistics / Eurostat),,2026-06-15,HIGH,NSO_TFR_RESOURCE_2026_06,2026-06-15,Δ vs WPP +0.04
ARG,1983,3.15,NSO published (national vital statistics / Eurostat),,2026-06-15,HIGH,NSO_TFR_RESOURCE_2026_06,2026-06-15,Δ vs WPP +0.00
ARG,1984,3,NSO published (national vital statistics / Eurostat),,2026-06-15,HIGH,NSO_TFR_RESOURCE_2026_06,2026-06-15,Δ vs WPP -0.12
ARG,1985,3.02,NSO published (national vital statistics / Eurostat),,2026-06-15,HIGH,NSO_TFR_RESOURCE_2026_06,2026-06-15,Δ vs WPP -0.05
ARG,1986,3.08,NSO published (national vital statistics / Eurostat),,2026-06-15,HIGH,NSO_TFR_RESOURCE_2026_06,2026-06-15,Δ vs WPP +0.03
ARG,1987,2.99,NSO published (national vital statistics / Eurostat),,2026-06-15,HIGH,NSO_TFR_RESOURCE_2026_06,2026-06-15,Δ vs WPP -0.05
ARG,1988,3,NSO published (national vital statistics / Eurostat),,2026-06-15,HIGH,NSO_TFR_RESOURCE_2026_06,2026-06-15,Δ vs WPP -0.05
ARG,1989,2.89,NSO published (national vital statistics / Eurostat),,2026-06-15,HIGH,NSO_TFR_RESOURCE_2026_06,2026-06-15,Δ vs WPP -0.13
ARG,1990,2.89,NSO published (national vital statistics / Eurostat),,2026-06-15,HIGH,NSO_TFR_RESOURCE_2026_06,2026-06-15,Δ vs WPP -0.14
ARG,1991,2.91,NSO published (national vital statistics / Eurostat),,2026-06-15,HIGH,NSO_TFR_RESOURCE_2026_06,2026-06-15,Δ vs WPP -0.10
ARG,1992,2.79,NSO published (national vital statistics / Eurostat),,2026-06-15,HIGH,NSO_TFR_RESOURCE_2026_06,2026-06-15,Δ vs WPP -0.20
ARG,1993,2.7,NSO published (national vital statistics / Eurostat),,2026-06-15,HIGH,NSO_TFR_RESOURCE_2026_06,2026-06-15,Δ vs WPP -0.27
ARG,1994,2.68,NSO published (national vital statistics / Eurostat),,2026-06-15,HIGH,NSO_TFR_RESOURCE_2026_06,2026-06-15,Δ vs WPP -0.26
ARG,1995,2.58,NSO published (national vital statistics / Eurostat),,2026-06-15,HIGH,NSO_TFR_RESOURCE_2026_06,2026-06-15,Δ vs WPP -0.28
ARG,1996,2.6,NSO published (national vital statistics / Eurostat),,2026-06-15,HIGH,NSO_TFR_RESOURCE_2026_06,2026-06-15,Δ vs WPP -0.18
ARG,1997,2.63,NSO published (national vital statistics / Eurostat),,2026-06-15,HIGH,NSO_TFR_RESOURCE_2026_06,2026-06-15,Δ vs WPP -0.08
ARG,1998,2.56,NSO published (national vital statistics / Eurostat),,2026-06-15,HIGH,NSO_TFR_RESOURCE_2026_06,2026-06-15,Δ vs WPP -0.10
ARG,1999,2.54,NSO published (national vital statistics / Eurostat),,2026-06-15,HIGH,NSO_TFR_RESOURCE_2026_06,2026-06-15,Δ vs WPP -0.10
ARG,2000,2.57,NSO published (national vital statistics / Eurostat),,2026-06-15,HIGH,NSO_TFR_RESOURCE_2026_06,2026-06-15,Δ vs WPP -0.02
ARG,2001,2.5,NSO published (national vital statistics / Eurostat),,2026-06-15,HIGH,NSO_TFR_RESOURCE_2026_06,2026-06-15,Δ vs WPP -0.03
ARG,2002,2.48,NSO published (national vital statistics / Eurostat),,2026-06-15,HIGH,NSO_TFR_RESOURCE_2026_06,2026-06-15,Δ vs WPP -0.01
ARG,2003,2.46,NSO published (national vital statistics / Eurostat),,2026-06-15,HIGH,NSO_TFR_RESOURCE_2026_06,2026-06-15,Δ vs WPP +0.01
ARG,2004,2.57,NSO published (national vital statistics / Eurostat),,2026-06-15,HIGH,NSO_TFR_RESOURCE_2026_06,2026-06-15,Δ vs WPP +0.14
ARG,2005,2.45,NSO published (national vital statistics / Eurostat),,2026-06-15,HIGH,NSO_TFR_RESOURCE_2026_06,2026-06-15,Δ vs WPP +0.02
ARG,2006,2.37,NSO published (national vital statistics / Eurostat),,2026-06-15,HIGH,NSO_TFR_RESOURCE_2026_06,2026-06-15,Δ vs WPP -0.03
ARG,2007,2.36,NSO published (national vital statistics / Eurostat),,2026-06-15,HIGH,NSO_TFR_RESOURCE_2026_06,2026-06-15,Δ vs WPP -0.01
ARG,2008,2.49,NSO published (national vital statistics / Eurostat),,2026-06-15,HIGH,NSO_TFR_RESOURCE_2026_06,2026-06-15,Δ vs WPP +0.06
ARG,2009,2.46,NSO published (national vital statistics / Eurostat),,2026-06-15,HIGH,NSO_TFR_RESOURCE_2026_06,2026-06-15,Δ vs WPP +0.06
ARG,2010,2.47,NSO published (national vital statistics / Eurostat),,2026-06-15,HIGH,NSO_TFR_RESOURCE_2026_06,2026-06-15,Δ vs WPP +0.06
ARG,2011,2.45,NSO published (national vital statistics / Eurostat),,2026-06-15,HIGH,NSO_TFR_RESOURCE_2026_06,2026-06-15,Δ vs WPP +0.06
ARG,2012,2.28,NSO published (national vital statistics / Eurostat),,2026-06-15,HIGH,NSO_TFR_RESOURCE_2026_06,2026-06-15,Δ vs WPP -0.02
ARG,2013,2.28,NSO published (national vital statistics / Eurostat),,2026-06-15,HIGH,NSO_TFR_RESOURCE_2026_06,2026-06-15,Δ vs WPP -0.05
ARG,2014,2.33,NSO published (national vital statistics / Eurostat),,2026-06-15,HIGH,NSO_TFR_RESOURCE_2026_06,2026-06-15,Δ vs WPP -0.06
ARG,2015,2.24,NSO published (national vital statistics / Eurostat),,2026-06-15,HIGH,NSO_TFR_RESOURCE_2026_06,2026-06-15,Δ vs WPP -0.11
ARG,2016,2.13,Wikipedia: Demographics of [ARG] (vital statistics),,2026-05-13,HIGH,EDITOR_DECISION_2026_05_v2,2026-05-13,Δ vs WPP -0.11
ARG,2017,2.06,Wikipedia: Demographics of [ARG] (vital statistics),,2026-05-13,HIGH,EDITOR_DECISION_2026_05_v2,2026-05-13,Δ vs WPP -0.11
ARG,2018,2,Wikipedia: Demographics of [ARG] (vital statistics),,2026-05-13,HIGH,EDITOR_DECISION_2026_05_v2,2026-05-13,Δ vs WPP -0.07
ARG,2019,1.81,Wikipedia: Demographics of [ARG] (vital statistics),,2026-05-13,HIGH,EDITOR_DECISION_2026_05_v2,2026-05-13,Δ vs WPP -0.07
ARG,2020,1.61,NSO published (national vital statistics / Eurostat),,2026-06-15,HIGH,NSO_TFR_RESOURCE_2026_06,2026-06-15,Δ vs WPP +0.01
ARG,2021,1.48,Wikipedia: Demographics of [ARG] (vital statistics),,2026-05-13,HIGH,EDITOR_DECISION_2026_05_v2,2026-05-13,Δ vs WPP -0.11
ARG,2022,1.39,Wikipedia: Demographics of [ARG] (vital statistics),,2026-05-13,HIGH,EDITOR_DECISION_2026_05_v2,2026-05-13,Δ vs WPP -0.09
ARG,2023,1.33,Wikipedia: Demographics of [ARG] (vital statistics),,2026-05-13,HIGH,EDITOR_DECISION_2026_05_v2,2026-05-13,Δ vs WPP -0.17
ARG,2024,1.23,Wikipedia: Demographics of [ARG] (vital statistics),,2026-05-13,MEDIUM,EDITOR_DECISION_2026_05_v2,2026-05-13,Δ vs WPP -0.27. Editor certainty: Recheck
ARG,2025,1.18,Wikipedia (bidirectional TFR interpolation),,2026-05-14,MEDIUM,CALCNEW_V7_FRESH,2026-05-14,Calc New v7 (tfr_extrap_fwd). 
ARM,2016,1.62,Wikipedia: Demographics of [ARM] (vital statistics),,2026-05-13,HIGH,EDITOR_DECISION_2026_05_v2,2026-05-13,Δ vs WPP +0.03
ARM,2017,1.56,NSO published (national vital statistics / Eurostat),,2026-06-15,HIGH,NSO_TFR_RESOURCE_2026_06,2026-06-15,Δ vs WPP -0.00
ARM,2018,1.57,NSO published (national vital statistics / Eurostat),,2026-06-15,HIGH,NSO_TFR_RESOURCE_2026_06,2026-06-15,Δ vs WPP +0.00
ARM,2019,1.6,NSO published (national vital statistics / Eurostat),,2026-06-15,HIGH,NSO_TFR_RESOURCE_2026_06,2026-06-15,Δ vs WPP -0.00
ARM,2020,1.66,Wikipedia: Demographics of [ARM] (vital statistics),,2026-05-13,HIGH,EDITOR_DECISION_2026_05_v2,2026-05-13,Δ vs WPP +0.04
ARM,2023,1.89,Wikipedia: Demographics of [ARM] (vital statistics),,2026-05-13,HIGH,EDITOR_DECISION_2026_05_v2,2026-05-13,Δ vs WPP +0.18
ARM,2025,1.7,Wikipedia (bidirectional TFR interpolation),,2026-05-14,MEDIUM,CALCNEW_V7_FRESH,2026-05-14,Calc New v7 (tfr_extrap_fwd). 
ATG,2005,1.6,NSO published (national vital statistics / Eurostat),,2026-06-15,HIGH,NSO_TFR_RESOURCE_2026_06,2026-06-15,Δ vs WPP -0.23
ATG,2006,1.6,NSO published (national vital statistics / Eurostat),,2026-06-15,HIGH,NSO_TFR_RESOURCE_2026_06,2026-06-15,Δ vs WPP -0.23
ATG,2007,1.86,NSO published (national vital statistics / Eurostat),,2026-06-15,HIGH,NSO_TFR_RESOURCE_2026_06,2026-06-15,Δ vs WPP -0.00
ATG,2008,2.06,NSO published (national vital statistics / Eurostat),,2026-06-15,HIGH,NSO_TFR_RESOURCE_2026_06,2026-06-15,Δ vs WPP +0.02
ATG,2009,2.02,NSO published (national vital statistics / Eurostat),,2026-06-15,HIGH,NSO_TFR_RESOURCE_2026_06,2026-06-15,Δ vs WPP +0.01
ATG,2010,1.78,NSO published (national vital statistics / Eurostat),,2026-06-15,HIGH,NSO_TFR_RESOURCE_2026_06,2026-06-15,Δ vs WPP -0.01
ATG,2011,1.75,NSO published (national vital statistics / Eurostat),,2026-06-15,HIGH,NSO_TFR_RESOURCE_2026_06,2026-06-15,Δ vs WPP +0.00
ATG,2012,1.66,NSO published (national vital statistics / Eurostat),,2026-06-15,HIGH,NSO_TFR_RESOURCE_2026_06,2026-06-15,Δ vs WPP +0.00
ATG,2013,1.53,NSO published (national vital statistics / Eurostat),,2026-06-15,HIGH,NSO_TFR_RESOURCE_2026_06,2026-06-15,Δ vs WPP -0.01
ATG,2014,1.53,NSO published (national vital statistics / Eurostat),,2026-06-15,HIGH,NSO_TFR_RESOURCE_2026_06,2026-06-15,Δ vs WPP +0.00
ATG,2015,1.58,NSO published (national vital statistics / Eurostat),,2026-06-15,HIGH,NSO_TFR_RESOURCE_2026_06,2026-06-15,Δ vs WPP +0.01
ATG,2016,1.45,NSO published (national vital statistics / Eurostat),,2026-06-15,HIGH,NSO_TFR_RESOURCE_2026_06,2026-06-15,Δ vs WPP -0.01
ATG,2017,1.5,Wikipedia: Demographics of [ATG] (vital statistics),,2026-05-13,HIGH,EDITOR_DECISION_2026_05_v2,2026-05-13,Δ vs WPP +0.02
ATG,2018,1.36,NSO published (national vital statistics / Eurostat),,2026-06-15,HIGH,NSO_TFR_RESOURCE_2026_06,2026-06-15,Δ vs WPP -0.01
ATG,2019,1.45,Wikipedia: Demographics of [ATG] (vital statistics),,2026-05-13,HIGH,EDITOR_DECISION_2026_05_v2,2026-05-13,Δ vs WPP -0.02
ATG,2020,1.53,Wikipedia: Demographics of [ATG] (vital statistics),,2026-05-13,HIGH,EDITOR_DECISION_2026_05_v2,2026-05-13,Δ vs WPP -0.04
ATG,2021,1.58,Wikipedia (bidirectional TFR interpolation),,2026-05-14,MEDIUM,CALCNEW_V7_FRESH,2026-05-14,Calc New v7 (tfr_extrap_fwd). 
ATG,2022,1.63,Wikipedia (bidirectional TFR interpolation),,2026-05-14,MEDIUM,CALCNEW_V7_FRESH,2026-05-14,Calc New v7 (tfr_extrap_fwd). 
ATG,2023,1.68,Wikipedia (bidirectional TFR interpolation),,2026-05-14,MEDIUM,CALCNEW_V7_FRESH,2026-05-14,Calc New v7 (tfr_extrap_fwd). 
ATG,2024,1.73,Wikipedia (bidirectional TFR interpolation),,2026-05-14,MEDIUM,CALCNEW_V7_FRESH,2026-05-14,Calc New v7 (tfr_extrap_fwd). 
ATG,2025,1.78,Wikipedia (bidirectional TFR interpolation),,2026-05-14,MEDIUM,CALCNEW_V7_FRESH,2026-05-14,Calc New v7 (tfr_extrap_fwd). 
AUS,1965,2.97,NSO published (national vital statistics / Eurostat),,2026-06-15,HIGH,NSO_TFR_RESOURCE_2026_06,2026-06-15,Δ vs WPP -0.01
AUS,1966,2.89,NSO published (national vital statistics / Eurostat),,2026-06-15,HIGH,NSO_TFR_RESOURCE_2026_06,2026-06-15,Δ vs WPP +0.01
AUS,1967,2.85,NSO published (national vital statistics / Eurostat),,2026-06-15,HIGH,NSO_TFR_RESOURCE_2026_06,2026-06-15,Δ vs WPP -0.00
AUS,1968,2.89,NSO published (national vital statistics / Eurostat),,2026-06-15,HIGH,NSO_TFR_RESOURCE_2026_06,2026-06-15,Δ vs WPP +0.00
AUS,1969,2.93,NSO published (national vital statistics / Eurostat),,2026-06-15,HIGH,NSO_TFR_RESOURCE_2026_06,2026-06-15,Δ vs WPP +0.04
AUS,1970,2.94,NSO published (national vital statistics / Eurostat),,2026-06-15,HIGH,NSO_TFR_RESOURCE_2026_06,2026-06-15,Δ vs WPP +0.08
AUS,1971,2.98,NSO published (national vital statistics / Eurostat),,2026-06-15,HIGH,NSO_TFR_RESOURCE_2026_06,2026-06-15,Δ vs WPP +0.03
AUS,1972,2.74,NSO published (national vital statistics / Eurostat),,2026-06-15,HIGH,NSO_TFR_RESOURCE_2026_06,2026-06-15,Δ vs WPP -0.00
AUS,1973,2.49,NSO published (national vital statistics / Eurostat),,2026-06-15,HIGH,NSO_TFR_RESOURCE_2026_06,2026-06-15,Δ vs WPP -0.00
AUS,1974,2.32,NSO published (national vital statistics / Eurostat),,2026-06-15,HIGH,NSO_TFR_RESOURCE_2026_06,2026-06-15,Δ vs WPP -0.06
AUS,1975,2.15,NSO published (national vital statistics / Eurostat),,2026-06-15,HIGH,NSO_TFR_RESOURCE_2026_06,2026-06-15,Δ vs WPP -0.06
AUS,1976,2.06,NSO published (national vital statistics / Eurostat),,2026-06-15,HIGH,NSO_TFR_RESOURCE_2026_06,2026-06-15,Δ vs WPP -0.00
AUS,1977,2.01,NSO published (national vital statistics / Eurostat),,2026-06-15,HIGH,NSO_TFR_RESOURCE_2026_06,2026-06-15,Δ vs WPP -0.01
AUS,1978,1.95,NSO published (national vital statistics / Eurostat),,2026-06-15,HIGH,NSO_TFR_RESOURCE_2026_06,2026-06-15,Δ vs WPP -0.01
AUS,1979,1.91,NSO published (national vital statistics / Eurostat),,2026-06-15,HIGH,NSO_TFR_RESOURCE_2026_06,2026-06-15,Δ vs WPP -0.00
AUS,1980,1.89,NSO published (national vital statistics / Eurostat),,2026-06-15,HIGH,NSO_TFR_RESOURCE_2026_06,2026-06-15,Δ vs WPP -0.01
AUS,1981,1.94,NSO published (national vital statistics / Eurostat),,2026-06-15,HIGH,NSO_TFR_RESOURCE_2026_06,2026-06-15,Δ vs WPP -0.00
AUS,1982,1.93,NSO published (national vital statistics / Eurostat),,2026-06-15,HIGH,NSO_TFR_RESOURCE_2026_06,2026-06-15,Δ vs WPP -0.01
AUS,1983,1.92,NSO published (national vital statistics / Eurostat),,2026-06-15,HIGH,NSO_TFR_RESOURCE_2026_06,2026-06-15,Δ vs WPP -0.01
AUS,1984,1.84,NSO published (national vital statistics / Eurostat),,2026-06-15,HIGH,NSO_TFR_RESOURCE_2026_06,2026-06-15,Δ vs WPP -0.03
AUS,1985,1.92,NSO published (national vital statistics / Eurostat),,2026-06-15,HIGH,NSO_TFR_RESOURCE_2026_06,2026-06-15,Δ vs WPP +0.02
AUS,1986,1.87,NSO published (national vital statistics / Eurostat),,2026-06-15,HIGH,NSO_TFR_RESOURCE_2026_06,2026-06-15,Δ vs WPP -0.00
AUS,1987,1.85,NSO published (national vital statistics / Eurostat),,2026-06-15,HIGH,NSO_TFR_RESOURCE_2026_06,2026-06-15,Δ vs WPP -0.00
AUS,1988,1.83,NSO published (national vital statistics / Eurostat),,2026-06-15,HIGH,NSO_TFR_RESOURCE_2026_06,2026-06-15,Δ vs WPP -0.01
AUS,1989,1.84,NSO published (national vital statistics / Eurostat),,2026-06-15,HIGH,NSO_TFR_RESOURCE_2026_06,2026-06-15,Δ vs WPP -0.00
AUS,1990,1.9,NSO published (national vital statistics / Eurostat),,2026-06-15,HIGH,NSO_TFR_RESOURCE_2026_06,2026-06-15,Δ vs WPP -0.01
AUS,1991,1.85,NSO published (national vital statistics / Eurostat),,2026-06-15,HIGH,NSO_TFR_RESOURCE_2026_06,2026-06-15,Δ vs WPP -0.01
AUS,1992,1.89,NSO published (national vital statistics / Eurostat),,2026-06-15,HIGH,NSO_TFR_RESOURCE_2026_06,2026-06-15,Δ vs WPP -0.00
AUS,1993,1.86,NSO published (national vital statistics / Eurostat),,2026-06-15,HIGH,NSO_TFR_RESOURCE_2026_06,2026-06-15,Δ vs WPP -0.00
AUS,1994,1.84,NSO published (national vital statistics / Eurostat),,2026-06-15,HIGH,NSO_TFR_RESOURCE_2026_06,2026-06-15,Δ vs WPP -0.01
AUS,1995,1.82,NSO published (national vital statistics / Eurostat),,2026-06-15,HIGH,NSO_TFR_RESOURCE_2026_06,2026-06-15,Δ vs WPP -0.00
AUS,1996,1.8,NSO published (national vital statistics / Eurostat),,2026-06-15,HIGH,NSO_TFR_RESOURCE_2026_06,2026-06-15,Δ vs WPP -0.00
AUS,1997,1.78,NSO published (national vital statistics / Eurostat),,2026-06-15,HIGH,NSO_TFR_RESOURCE_2026_06,2026-06-15,Δ vs WPP -0.00
AUS,1998,1.75,NSO published (national vital statistics / Eurostat),,2026-06-15,HIGH,NSO_TFR_RESOURCE_2026_06,2026-06-15,Δ vs WPP -0.02
AUS,1999,1.75,NSO published (national vital statistics / Eurostat),,2026-06-15,HIGH,NSO_TFR_RESOURCE_2026_06,2026-06-15,Δ vs WPP -0.01
AUS,2000,1.75,NSO published (national vital statistics / Eurostat),,2026-06-15,HIGH,NSO_TFR_RESOURCE_2026_06,2026-06-15,Δ vs WPP -0.01
AUS,2001,1.73,NSO published (national vital statistics / Eurostat),,2026-06-15,HIGH,NSO_TFR_RESOURCE_2026_06,2026-06-15,Δ vs WPP -0.01
AUS,2002,1.77,NSO published (national vital statistics / Eurostat),,2026-06-15,HIGH,NSO_TFR_RESOURCE_2026_06,2026-06-15,Δ vs WPP +0.01
AUS,2003,1.75,NSO published (national vital statistics / Eurostat),,2026-06-15,HIGH,NSO_TFR_RESOURCE_2026_06,2026-06-15,Δ vs WPP -0.01
AUS,2004,1.76,NSO published (national vital statistics / Eurostat),,2026-06-15,HIGH,NSO_TFR_RESOURCE_2026_06,2026-06-15,Δ vs WPP -0.02
AUS,2005,1.79,NSO published (national vital statistics / Eurostat),,2026-06-15,HIGH,NSO_TFR_RESOURCE_2026_06,2026-06-15,Δ vs WPP -0.06
AUS,2006,1.82,NSO published (national vital statistics / Eurostat),,2026-06-15,HIGH,NSO_TFR_RESOURCE_2026_06,2026-06-15,Δ vs WPP -0.06
AUS,2007,1.87,NSO published (national vital statistics / Eurostat),,2026-06-15,HIGH,NSO_TFR_RESOURCE_2026_06,2026-06-15,Δ vs WPP -0.12
AUS,2008,2.02,NSO published (national vital statistics / Eurostat),,2026-06-15,HIGH,NSO_TFR_RESOURCE_2026_06,2026-06-15,Δ vs WPP -0.00
AUS,2009,1.97,NSO published (national vital statistics / Eurostat),,2026-06-15,HIGH,NSO_TFR_RESOURCE_2026_06,2026-06-15,Δ vs WPP -0.00
AUS,2010,1.95,NSO published (national vital statistics / Eurostat),,2026-06-15,HIGH,NSO_TFR_RESOURCE_2026_06,2026-06-15,Δ vs WPP +0.00
AUS,2011,1.92,NSO published (national vital statistics / Eurostat),,2026-06-15,HIGH,NSO_TFR_RESOURCE_2026_06,2026-06-15,Δ vs WPP -0.00
AUS,2012,1.93,NSO published (national vital statistics / Eurostat),,2026-06-15,HIGH,NSO_TFR_RESOURCE_2026_06,2026-06-15,Δ vs WPP -0.00
AUS,2013,1.88,NSO published (national vital statistics / Eurostat),,2026-06-15,HIGH,NSO_TFR_RESOURCE_2026_06,2026-06-15,Δ vs WPP -0.00
AUS,2014,1.8,NSO published (national vital statistics / Eurostat),,2026-06-15,HIGH,NSO_TFR_RESOURCE_2026_06,2026-06-15,Δ vs WPP -0.01
AUS,2015,1.8,NSO published (national vital statistics / Eurostat),,2026-06-15,HIGH,NSO_TFR_RESOURCE_2026_06,2026-06-15,Δ vs WPP -0.00
AUS,2016,1.79,NSO published (national vital statistics / Eurostat),,2026-06-15,HIGH,NSO_TFR_RESOURCE_2026_06,2026-06-15,Δ vs WPP -0.00
AUS,2017,1.74,NSO published (national vital statistics / Eurostat),,2026-06-15,HIGH,NSO_TFR_RESOURCE_2026_06,2026-06-15,Δ vs WPP -0.01
AUS,2018,1.75,NSO published (national vital statistics / Eurostat),,2026-06-15,HIGH,NSO_TFR_RESOURCE_2026_06,2026-06-15,Δ vs WPP +0.01
AUS,2019,1.67,NSO published (national vital statistics / Eurostat),,2026-06-15,HIGH,NSO_TFR_RESOURCE_2026_06,2026-06-15,Δ vs WPP +0.00
AUS,2020,1.59,NSO published (national vital statistics / Eurostat),,2026-06-15,HIGH,NSO_TFR_RESOURCE_2026_06,2026-06-15,Δ vs WPP -0.00
AUS,2021,1.7,Wikipedia: Demographics of [AUS] (vital statistics),,2026-05-13,HIGH,EDITOR_DECISION_2026_05_v2,2026-05-13,Δ vs WPP +0.05
AUS,2022,1.63,NSO published (national vital statistics / Eurostat),,2026-06-15,HIGH,NSO_TFR_RESOURCE_2026_06,2026-06-15,Δ vs WPP -0.01
AUS,2023,1.5,Wikipedia: Demographics of [AUS] (vital statistics),,2026-05-13,HIGH,EDITOR_DECISION_2026_05_v2,2026-05-13,Δ vs WPP -0.14
AUS,2024,1.48,Wikipedia: Demographics of [AUS] (vital statistics),,2026-05-13,MEDIUM,EDITOR_DECISION_2026_05_v2,2026-05-13,Δ vs WPP -0.16. Editor certainty: Recheck
AUS,2025,1.43,Wikipedia (bidirectional TFR interpolation),,2026-05-14,MEDIUM,CALCNEW_V7_FRESH,2026-05-14,Calc New v7 (tfr_extrap_fwd). 
AUT,2016,1.53,NSO published (national vital statistics / Eurostat),,2026-06-15,HIGH,NSO_TFR_RESOURCE_2026_06,2026-06-15,Δ vs WPP -0.00
AUT,2017,1.52,NSO published (national vital statistics / Eurostat),,2026-06-15,HIGH,NSO_TFR_RESOURCE_2026_06,2026-06-15,Δ vs WPP -0.00
AUT,2018,1.47,NSO published (national vital statistics / Eurostat),,2026-06-15,HIGH,NSO_TFR_RESOURCE_2026_06,2026-06-15,Δ vs WPP -0.01
AUT,2019,1.46,NSO published (national vital statistics / Eurostat),,2026-06-15,HIGH,NSO_TFR_RESOURCE_2026_06,2026-06-15,Δ vs WPP -0.00
AUT,2020,1.44,NSO published (national vital statistics / Eurostat),,2026-06-15,HIGH,NSO_TFR_RESOURCE_2026_06,2026-06-15,Δ vs WPP +0.00
AUT,2021,1.48,NSO published (national vital statistics / Eurostat),,2026-06-15,HIGH,NSO_TFR_RESOURCE_2026_06,2026-06-15,Δ vs WPP +0.01
AUT,2022,1.41,NSO published (national vital statistics / Eurostat),,2026-06-15,HIGH,NSO_TFR_RESOURCE_2026_06,2026-06-15,Δ vs WPP +0.00
AUT,2023,1.32,NSO published (national vital statistics / Eurostat),,2026-06-15,HIGH,NSO_TFR_RESOURCE_2026_06,2026-06-15,Δ vs WPP +0.00
AUT,2024,1.31,NSO published (national vital statistics / Eurostat),,2026-06-15,HIGH,NSO_TFR_RESOURCE_2026_06,2026-06-15,Δ vs WPP -0.01
AZE,2016,1.9,NSO published (national vital statistics / Eurostat),,2026-06-15,HIGH,NSO_TFR_RESOURCE_2026_06,2026-06-15,Δ vs WPP -0.13
AZE,2017,1.75,Wikipedia: Demographics of [AZE] (vital statistics),,2026-05-13,HIGH,EDITOR_DECISION_2026_05_v2,2026-05-13,Δ vs WPP -0.09
AZE,2018,1.73,Wikipedia: Demographics of [AZE] (vital statistics),,2026-05-13,HIGH,EDITOR_DECISION_2026_05_v2,2026-05-13,Δ vs WPP -0.15
AZE,2019,1.81,Wikipedia: Demographics of [AZE] (vital statistics),,2026-05-13,HIGH,EDITOR_DECISION_2026_05_v2,2026-05-13,Δ vs WPP -0.05
AZE,2020,1.65,Wikipedia: Demographics of [AZE] (vital statistics),,2026-05-13,HIGH,EDITOR_DECISION_2026_05_v2,2026-05-13,Δ vs WPP -0.11
AZE,2021,1.48,Wikipedia: Demographics of [AZE] (vital statistics),,2026-05-13,HIGH,EDITOR_DECISION_2026_05_v2,2026-05-13,Δ vs WPP -0.23
AZE,2022,1.67,Wikipedia: Demographics of [AZE] (vital statistics),,2026-05-13,HIGH,EDITOR_DECISION_2026_05_v2,2026-05-13,Δ vs WPP -0.02
AZE,2023,1.55,Wikipedia: Demographics of [AZE] (vital statistics),,2026-05-13,HIGH,EDITOR_DECISION_2026_05_v2,2026-05-13,Δ vs WPP -0.12
AZE,2024,1.43,Wikipedia: Demographics of [AZE] (vital statistics),,2026-05-13,MEDIUM,EDITOR_DECISION_2026_05_v2,2026-05-13,Δ vs WPP -0.24. Editor certainty: Recheck
AZE,2025,1.35,Wikipedia: Demographics of [AZE] (vital statistics),,2026-05-13,MEDIUM,EDITOR_DECISION_2026_05_v2,2026-05-13,Δ vs WPP -0.31. Editor certainty: Recheck
BEL,2016,1.68,NSO published (national vital statistics / Eurostat),,2026-06-15,HIGH,NSO_TFR_RESOURCE_2026_06,2026-06-15,Δ vs WPP +0.00
BEL,2017,1.65,NSO published (national vital statistics / Eurostat),,2026-06-15,HIGH,NSO_TFR_RESOURCE_2026_06,2026-06-15,Δ vs WPP +0.01
BEL,2018,1.62,NSO published (national vital statistics / Eurostat),,2026-06-15,HIGH,NSO_TFR_RESOURCE_2026_06,2026-06-15,Δ vs WPP +0.00
BEL,2019,1.6,NSO published (national vital statistics / Eurostat),,2026-06-15,HIGH,NSO_TFR_RESOURCE_2026_06,2026-06-15,Δ vs WPP -0.01
BEL,2020,1.55,Wikipedia: Demographics of [BEL] (vital statistics),,2026-05-13,HIGH,EDITOR_DECISION_2026_05_v2,2026-05-13,Δ vs WPP -0.02
BEL,2021,1.6,NSO published (national vital statistics / Eurostat),,2026-06-15,HIGH,NSO_TFR_RESOURCE_2026_06,2026-06-15,Δ vs WPP +0.00
BEL,2022,1.53,Wikipedia: Demographics of [BEL] (vital statistics),,2026-05-13,HIGH,EDITOR_DECISION_2026_05_v2,2026-05-13,Δ vs WPP -0.02
BEL,2023,1.47,Wikipedia: Demographics of [BEL] (vital statistics),,2026-05-13,HIGH,EDITOR_DECISION_2026_05_v2,2026-05-13,Δ vs WPP +0.09
BEL,2024,1.44,Wikipedia: Demographics of [BEL] (vital statistics),,2026-05-13,MEDIUM,EDITOR_DECISION_2026_05_v2,2026-05-13,Δ vs WPP +0.06. Editor certainty: Recheck
BEL,2025,1.44,Wikipedia: Demographics of [BEL] (vital statistics),,2026-05-13,MEDIUM,EDITOR_DECISION_2026_05_v2,2026-05-13,Δ vs WPP +0.05. Editor certainty: Recheck
BGR,2013,1.54,Bulgaria NSI,https://www.nsi.bg/,2026-05-13,HIGH,EDITOR_DECISION_2026_05_v2,2026-05-13,Pre-2016 override (editor matrix start year: 2013)
BGR,2014,1.62,Bulgaria NSI,https://www.nsi.bg/,2026-05-13,HIGH,EDITOR_DECISION_2026_05_v2,2026-05-13,Pre-2016 override (editor matrix start year: 2013)
BGR,2015,1.64,Bulgaria NSI,https://www.nsi.bg/,2026-05-13,HIGH,EDITOR_DECISION_2026_05_v2,2026-05-13,Pre-2016 override (editor matrix start year: 2013)
BGR,2016,1.67,Bulgaria NSI,https://www.nsi.bg/,2026-05-13,HIGH,EDITOR_DECISION_2026_05_v2,2026-05-13,Δ vs WPP +0.13. Editor certainty: Materially Higher
BGR,2017,1.71,Bulgaria NSI,https://www.nsi.bg/,2026-05-13,HIGH,EDITOR_DECISION_2026_05_v2,2026-05-13,Δ vs WPP +0.15. Editor certainty: Materially Higher
BGR,2018,1.73,Bulgaria NSI,https://www.nsi.bg/,2026-05-13,HIGH,EDITOR_DECISION_2026_05_v2,2026-05-13,Δ vs WPP +0.17. Editor certainty: Materially Higher
BGR,2019,1.79,Bulgaria NSI,https://www.nsi.bg/,2026-05-13,HIGH,EDITOR_DECISION_2026_05_v2,2026-05-13,Δ vs WPP +0.21. Editor certainty: Materially Higher
BGR,2020,1.77,Bulgaria NSI,https://www.nsi.bg/,2026-05-13,HIGH,EDITOR_DECISION_2026_05_v2,2026-05-13,Δ vs WPP +0.21. Editor certainty: Materially Higher
BGR,2021,1.8,Bulgaria NSI,https://www.nsi.bg/,2026-05-13,HIGH,EDITOR_DECISION_2026_05_v2,2026-05-13,Δ vs WPP +0.21. Editor certainty: Materially Higher
BGR,2022,1.78,NSO published (national vital statistics / Eurostat),,2026-06-15,HIGH,NSO_TFR_RESOURCE_2026_06,2026-06-15,Δ vs WPP +0.01
BGR,2023,1.81,Bulgaria NSI,https://www.nsi.bg/,2026-05-13,HIGH,EDITOR_DECISION_2026_05_v2,2026-05-13,Δ vs WPP +0.06. Editor certainty: Materially Higher
BGR,2024,1.72,Bulgaria NSI,https://www.nsi.bg/,2026-05-13,HIGH,EDITOR_DECISION_2026_05_v2,2026-05-13,Δ vs WPP -0.03. Editor certainty: Materially Higher
BGR,2025,1.63,Bulgaria NSI,https://www.nsi.bg/,2026-05-13,HIGH,EDITOR_DECISION_2026_05_v2,2026-05-13,Δ vs WPP -0.11. Editor certainty: Materially Higher
BHR,1999,2.9,NSO published (national vital statistics / Eurostat),,2026-06-15,HIGH,NSO_TFR_RESOURCE_2026_06,2026-06-15,Δ vs WPP +0.00
BHR,2000,2.8,NSO published (national vital statistics / Eurostat),,2026-06-15,HIGH,NSO_TFR_RESOURCE_2026_06,2026-06-15,Δ vs WPP +0.00
BHR,2001,2.6,NSO published (national vital statistics / Eurostat),,2026-06-15,HIGH,NSO_TFR_RESOURCE_2026_06,2026-06-15,Δ vs WPP -0.05
BHR,2002,2.4,NSO published (national vital statistics / Eurostat),,2026-06-15,HIGH,NSO_TFR_RESOURCE_2026_06,2026-06-15,Δ vs WPP -0.30
BHR,2003,2.4,NSO published (national vital statistics / Eurostat),,2026-06-15,HIGH,NSO_TFR_RESOURCE_2026_06,2026-06-15,Δ vs WPP -0.38
BHR,2004,2.3,NSO published (national vital statistics / Eurostat),,2026-06-15,HIGH,NSO_TFR_RESOURCE_2026_06,2026-06-15,Δ vs WPP -0.47
BHR,2005,2.1,NSO published (national vital statistics / Eurostat),,2026-06-15,HIGH,NSO_TFR_RESOURCE_2026_06,2026-06-15,Δ vs WPP -0.57
BHR,2006,2,NSO published (national vital statistics / Eurostat),,2026-06-15,HIGH,NSO_TFR_RESOURCE_2026_06,2026-06-15,Δ vs WPP -0.46
BHR,2007,1.964,NSO published (national vital statistics / Eurostat),,2026-06-15,HIGH,NSO_TFR_RESOURCE_2026_06,2026-06-15,Δ vs WPP -0.32
BHR,2008,1.968,NSO published (national vital statistics / Eurostat),,2026-06-15,HIGH,NSO_TFR_RESOURCE_2026_06,2026-06-15,Δ vs WPP -0.18
BHR,2009,1.951,NSO published (national vital statistics / Eurostat),,2026-06-15,HIGH,NSO_TFR_RESOURCE_2026_06,2026-06-15,Δ vs WPP -0.10
BHR,2010,1.877,NSO published (national vital statistics / Eurostat),,2026-06-15,HIGH,NSO_TFR_RESOURCE_2026_06,2026-06-15,Δ vs WPP -0.11
BHR,2011,1.967,NSO published (national vital statistics / Eurostat),,2026-06-15,HIGH,NSO_TFR_RESOURCE_2026_06,2026-06-15,Δ vs WPP -0.06
BHR,2012,2.134,NSO published (national vital statistics / Eurostat),,2026-06-15,HIGH,NSO_TFR_RESOURCE_2026_06,2026-06-15,Δ vs WPP +0.02
BHR,2013,2.157,NSO published (national vital statistics / Eurostat),,2026-06-15,HIGH,NSO_TFR_RESOURCE_2026_06,2026-06-15,Δ vs WPP -0.01
BHR,2014,2.108,NSO published (national vital statistics / Eurostat),,2026-06-15,HIGH,NSO_TFR_RESOURCE_2026_06,2026-06-15,Δ vs WPP -0.04
BHR,2015,2.093,NSO published (national vital statistics / Eurostat),,2026-06-15,HIGH,NSO_TFR_RESOURCE_2026_06,2026-06-15,Δ vs WPP -0.02
BHR,2016,1.984,Wikipedia: Demographics of [BHR] (vital statistics),,2026-05-13,HIGH,EDITOR_DECISION_2026_05_v2,2026-05-13,Δ vs WPP -0.06
BHR,2017,1.945,Wikipedia: Demographics of [BHR] (vital statistics),,2026-05-13,HIGH,EDITOR_DECISION_2026_05_v2,2026-05-13,Δ vs WPP -0.03
BHR,2018,1.838,Wikipedia: Demographics of [BHR] (vital statistics),,2026-05-13,HIGH,EDITOR_DECISION_2026_05_v2,2026-05-13,Δ vs WPP -0.07
BHR,2019,1.744,Wikipedia: Demographics of [BHR] (vital statistics),,2026-05-13,HIGH,EDITOR_DECISION_2026_05_v2,2026-05-13,Δ vs WPP -0.10
BHR,2020,1.846,NSO published (national vital statistics / Eurostat),,2026-06-15,HIGH,NSO_TFR_RESOURCE_2026_06,2026-06-15,Δ vs WPP -0.01
BHR,2021,1.612,Wikipedia: Demographics of [BHR] (vital statistics),,2026-05-13,HIGH,EDITOR_DECISION_2026_05_v2,2026-05-13,Δ vs WPP -0.24
BHR,2022,1.64,Wikipedia: Demographics of [BHR] (vital statistics),,2026-05-13,HIGH,EDITOR_DECISION_2026_05_v2,2026-05-13,Δ vs WPP -0.20
BHR,2023,1.59,Wikipedia (bidirectional TFR interpolation),,2026-05-14,MEDIUM,CALCNEW_V7_FRESH,2026-05-14,Calc New v7 (tfr_extrap_fwd). 
BHR,2024,1.54,Wikipedia (bidirectional TFR interpolation),,2026-05-14,MEDIUM,CALCNEW_V7_FRESH,2026-05-14,Calc New v7 (tfr_extrap_fwd). 
BHR,2025,1.49,Wikipedia (bidirectional TFR interpolation),,2026-05-14,MEDIUM,CALCNEW_V7_FRESH,2026-05-14,Calc New v7 (tfr_extrap_fwd). 
BLR,2016,1.73,NSO published (national vital statistics / Eurostat),,2026-06-15,HIGH,NSO_TFR_RESOURCE_2026_06,2026-06-15,Δ vs WPP +0.00
BLR,2017,1.54,Wikipedia: Demographics of [BLR] (vital statistics),,2026-05-13,HIGH,EDITOR_DECISION_2026_05_v2,2026-05-13,Δ vs WPP -0.02
BLR,2018,1.45,NSO published (national vital statistics / Eurostat),,2026-06-15,HIGH,NSO_TFR_RESOURCE_2026_06,2026-06-15,Δ vs WPP -0.01
BLR,2020,1.33,Wikipedia: Demographics of [BLR] (vital statistics),,2026-05-13,HIGH,EDITOR_DECISION_2026_05_v2,2026-05-13,Δ vs WPP -0.04
BLR,2021,1.29,Wikipedia: Demographics of [BLR] (vital statistics),,2026-05-13,HIGH,EDITOR_DECISION_2026_05_v2,2026-05-13,Δ vs WPP -0.08
BLR,2022,1.19,Wikipedia: Demographics of [BLR] (vital statistics),,2026-05-13,HIGH,EDITOR_DECISION_2026_05_v2,2026-05-13,Δ vs WPP -0.14
BLR,2023,1.15,Wikipedia: Demographics of [BLR] (vital statistics),,2026-05-13,HIGH,EDITOR_DECISION_2026_05_v2,2026-05-13,Δ vs WPP -0.06
BLR,2024,1.08,Wikipedia: Demographics of [BLR] (vital statistics),,2026-05-13,MEDIUM,EDITOR_DECISION_2026_05_v2,2026-05-13,Δ vs WPP -0.14. Editor certainty: Recheck
BLR,2025,1.03,Wikipedia: Demographics of [BLR] (vital statistics),,2026-05-13,MEDIUM,EDITOR_DECISION_2026_05_v2,2026-05-13,Δ vs WPP -0.19. Editor certainty: Recheck
BLZ,1967,5.838,NSO published (national vital statistics / Eurostat),,2026-06-15,HIGH,NSO_TFR_RESOURCE_2026_06,2026-06-15,Δ vs WPP -0.52
BLZ,1970,6.276,NSO published (national vital statistics / Eurostat),,2026-06-15,HIGH,NSO_TFR_RESOURCE_2026_06,2026-06-15,Δ vs WPP -0.02
BLZ,1975,5.769,NSO published (national vital statistics / Eurostat),,2026-06-15,HIGH,NSO_TFR_RESOURCE_2026_06,2026-06-15,Δ vs WPP -0.51
BLZ,1980,5.883,NSO published (national vital statistics / Eurostat),,2026-06-15,HIGH,NSO_TFR_RESOURCE_2026_06,2026-06-15,Δ vs WPP +0.03
BLZ,1981,5.771,NSO published (national vital statistics / Eurostat),,2026-06-15,HIGH,NSO_TFR_RESOURCE_2026_06,2026-06-15,Δ vs WPP +0.09
BLZ,1982,5.494,NSO published (national vital statistics / Eurostat),,2026-06-15,HIGH,NSO_TFR_RESOURCE_2026_06,2026-06-15,Δ vs WPP -0.00
BLZ,1983,5.29,NSO published (national vital statistics / Eurostat),,2026-06-15,HIGH,NSO_TFR_RESOURCE_2026_06,2026-06-15,Δ vs WPP -0.02
BLZ,1984,5.15,NSO published (national vital statistics / Eurostat),,2026-06-15,HIGH,NSO_TFR_RESOURCE_2026_06,2026-06-15,Δ vs WPP +0.03
BLZ,1985,4.92,NSO published (national vital statistics / Eurostat),,2026-06-15,HIGH,NSO_TFR_RESOURCE_2026_06,2026-06-15,Δ vs WPP -0.08
BLZ,1986,5.04,NSO published (national vital statistics / Eurostat),,2026-06-15,HIGH,NSO_TFR_RESOURCE_2026_06,2026-06-15,Δ vs WPP +0.10
BLZ,1987,5.4,NSO published (national vital statistics / Eurostat),,2026-06-15,HIGH,NSO_TFR_RESOURCE_2026_06,2026-06-15,Δ vs WPP +0.52
BLZ,1988,4.958,NSO published (national vital statistics / Eurostat),,2026-06-15,HIGH,NSO_TFR_RESOURCE_2026_06,2026-06-15,Δ vs WPP +0.09
BLZ,1989,5.181,NSO published (national vital statistics / Eurostat),,2026-06-15,HIGH,NSO_TFR_RESOURCE_2026_06,2026-06-15,Δ vs WPP +0.32
BLZ,1990,5.477,NSO published (national vital statistics / Eurostat),,2026-06-15,HIGH,NSO_TFR_RESOURCE_2026_06,2026-06-15,Δ vs WPP +0.67
BLZ,1991,4.109,NSO published (national vital statistics / Eurostat),,2026-06-15,HIGH,NSO_TFR_RESOURCE_2026_06,2026-06-15,Δ vs WPP -0.49
BLZ,1992,4.918,NSO published (national vital statistics / Eurostat),,2026-06-15,HIGH,NSO_TFR_RESOURCE_2026_06,2026-06-15,Δ vs WPP +0.49
BLZ,1993,3.205,NSO published (national vital statistics / Eurostat),,2026-06-15,HIGH,NSO_TFR_RESOURCE_2026_06,2026-06-15,Δ vs WPP -1.00
BLZ,1994,3.58,NSO published (national vital statistics / Eurostat),,2026-06-15,HIGH,NSO_TFR_RESOURCE_2026_06,2026-06-15,Δ vs WPP -0.39
BLZ,1995,4.009,NSO published (national vital statistics / Eurostat),,2026-06-15,HIGH,NSO_TFR_RESOURCE_2026_06,2026-06-15,Δ vs WPP +0.13
BLZ,1996,3.896,NSO published (national vital statistics / Eurostat),,2026-06-15,HIGH,NSO_TFR_RESOURCE_2026_06,2026-06-15,Δ vs WPP +0.14
BLZ,1997,4.189,NSO published (national vital statistics / Eurostat),,2026-06-15,HIGH,NSO_TFR_RESOURCE_2026_06,2026-06-15,Δ vs WPP +0.45
BLZ,1998,3.671,NSO published (national vital statistics / Eurostat),,2026-06-15,HIGH,NSO_TFR_RESOURCE_2026_06,2026-06-15,Δ vs WPP -0.08
BLZ,2001,3.468,NSO published (national vital statistics / Eurostat),,2026-06-15,HIGH,NSO_TFR_RESOURCE_2026_06,2026-06-15,Δ vs WPP -0.06
BLZ,2002,3.537,NSO published (national vital statistics / Eurostat),,2026-06-15,HIGH,NSO_TFR_RESOURCE_2026_06,2026-06-15,Δ vs WPP +0.11
BLZ,2003,3.386,NSO published (national vital statistics / Eurostat),,2026-06-15,HIGH,NSO_TFR_RESOURCE_2026_06,2026-06-15,Δ vs WPP +0.05
BLZ,2004,3.557,NSO published (national vital statistics / Eurostat),,2026-06-15,HIGH,NSO_TFR_RESOURCE_2026_06,2026-06-15,Δ vs WPP +0.31
BLZ,2005,3.571,NSO published (national vital statistics / Eurostat),,2026-06-15,HIGH,NSO_TFR_RESOURCE_2026_06,2026-06-15,Δ vs WPP +0.40
BLZ,2006,2.995,NSO published (national vital statistics / Eurostat),,2026-06-15,HIGH,NSO_TFR_RESOURCE_2026_06,2026-06-15,Δ vs WPP -0.03
BLZ,2007,2.865,NSO published (national vital statistics / Eurostat),,2026-06-15,HIGH,NSO_TFR_RESOURCE_2026_06,2026-06-15,Δ vs WPP -0.02
BLZ,2008,2.8,NSO published (national vital statistics / Eurostat),,2026-06-15,HIGH,NSO_TFR_RESOURCE_2026_06,2026-06-15,Δ vs WPP +0.02
BLZ,2009,3.01,NSO published (national vital statistics / Eurostat),,2026-06-15,HIGH,NSO_TFR_RESOURCE_2026_06,2026-06-15,Δ vs WPP +0.35
BLZ,2010,2.58,NSO published (national vital statistics / Eurostat),,2026-06-15,HIGH,NSO_TFR_RESOURCE_2026_06,2026-06-15,Δ vs WPP +0.03
BLZ,2011,2.5,NSO published (national vital statistics / Eurostat),,2026-06-15,HIGH,NSO_TFR_RESOURCE_2026_06,2026-06-15,Δ vs WPP -0.03
BLZ,2012,2.414,NSO published (national vital statistics / Eurostat),,2026-06-15,HIGH,NSO_TFR_RESOURCE_2026_06,2026-06-15,Δ vs WPP -0.10
BLZ,2013,2.402,NSO published (national vital statistics / Eurostat),,2026-06-15,HIGH,NSO_TFR_RESOURCE_2026_06,2026-06-15,Δ vs WPP -0.10
BLZ,2014,2.37,NSO published (national vital statistics / Eurostat),,2026-06-15,HIGH,NSO_TFR_RESOURCE_2026_06,2026-06-15,Δ vs WPP -0.10
BLZ,2015,2.366,NSO published (national vital statistics / Eurostat),,2026-06-15,HIGH,NSO_TFR_RESOURCE_2026_06,2026-06-15,Δ vs WPP -0.07
BLZ,2016,2.23,Wikipedia: Demographics of [BLZ] (vital statistics),,2026-05-13,HIGH,EDITOR_DECISION_2026_05_v2,2026-05-13,Δ vs WPP -0.17
BLZ,2017,2.18,Wikipedia: Demographics of [BLZ] (vital statistics),,2026-05-13,HIGH,EDITOR_DECISION_2026_05_v2,2026-05-13,Δ vs WPP -0.19
BLZ,2018,2.294,Wikipedia: Demographics of [BLZ] (vital statistics),,2026-05-13,HIGH,EDITOR_DECISION_2026_05_v2,2026-05-13,Δ vs WPP -0.05
BLZ,2019,2.123,Wikipedia: Demographics of [BLZ] (vital statistics),,2026-05-13,HIGH,EDITOR_DECISION_2026_05_v2,2026-05-13,Δ vs WPP -0.02
BLZ,2020,2.02,Wikipedia: Demographics of [BLZ] (vital statistics),,2026-05-13,HIGH,EDITOR_DECISION_2026_05_v2,2026-05-13,Δ vs WPP -0.02
BLZ,2021,1.88,Wikipedia: Demographics of [BLZ] (vital statistics),,2026-05-13,HIGH,EDITOR_DECISION_2026_05_v2,2026-05-13,Δ vs WPP +0.04
BLZ,2022,2.036,Wikipedia: Demographics of [BLZ] (vital statistics),,2026-05-13,HIGH,EDITOR_DECISION_2026_05_v2,2026-05-13,Δ vs WPP +0.09
BLZ,2023,1.807,Wikipedia: Demographics of [BLZ] (vital statistics),,2026-05-13,HIGH,EDITOR_DECISION_2026_05_v2,2026-05-13,Δ vs WPP -0.20
BLZ,2024,1.625,Wikipedia: Demographics of [BLZ] (vital statistics),,2026-05-13,MEDIUM,EDITOR_DECISION_2026_05_v2,2026-05-13,Δ vs WPP -0.40. Editor certainty: Recheck
BLZ,2025,1.57,Wikipedia (bidirectional TFR interpolation),,2026-05-14,MEDIUM,CALCNEW_V7_FRESH,2026-05-14,Calc New v7 (tfr_extrap_fwd). 
BMU,2000,2.11,NSO published (national vital statistics / Eurostat),,2026-06-15,HIGH,NSO_TFR_RESOURCE_2026_06,2026-06-15,Δ vs WPP +0.37
BMU,2001,2.08,NSO published (national vital statistics / Eurostat),,2026-06-15,HIGH,NSO_TFR_RESOURCE_2026_06,2026-06-15,Δ vs WPP +0.22
BMU,2002,2.08,NSO published (national vital statistics / Eurostat),,2026-06-15,HIGH,NSO_TFR_RESOURCE_2026_06,2026-06-15,Δ vs WPP +0.27
BMU,2003,2.09,NSO published (national vital statistics / Eurostat),,2026-06-15,HIGH,NSO_TFR_RESOURCE_2026_06,2026-06-15,Δ vs WPP +0.30
BMU,2004,2.07,NSO published (national vital statistics / Eurostat),,2026-06-15,HIGH,NSO_TFR_RESOURCE_2026_06,2026-06-15,Δ vs WPP +0.31
BMU,2005,2.09,NSO published (national vital statistics / Eurostat),,2026-06-15,HIGH,NSO_TFR_RESOURCE_2026_06,2026-06-15,Δ vs WPP +0.31
BMU,2006,2.01,NSO published (national vital statistics / Eurostat),,2026-06-15,HIGH,NSO_TFR_RESOURCE_2026_06,2026-06-15,Δ vs WPP +0.22
BMU,2007,2.14,NSO published (national vital statistics / Eurostat),,2026-06-15,HIGH,NSO_TFR_RESOURCE_2026_06,2026-06-15,Δ vs WPP +0.21
BMU,2008,2.03,NSO published (national vital statistics / Eurostat),,2026-06-15,HIGH,NSO_TFR_RESOURCE_2026_06,2026-06-15,Δ vs WPP +0.17
BMU,2009,2.02,NSO published (national vital statistics / Eurostat),,2026-06-15,HIGH,NSO_TFR_RESOURCE_2026_06,2026-06-15,Δ vs WPP +0.17
BMU,2010,1.82,NSO published (national vital statistics / Eurostat),,2026-06-15,HIGH,NSO_TFR_RESOURCE_2026_06,2026-06-15,Δ vs WPP +0.05
BMU,2011,1.65,NSO published (national vital statistics / Eurostat),,2026-06-15,HIGH,NSO_TFR_RESOURCE_2026_06,2026-06-15,Δ vs WPP +0.08
BMU,2012,1.59,NSO published (national vital statistics / Eurostat),,2026-06-15,HIGH,NSO_TFR_RESOURCE_2026_06,2026-06-15,Δ vs WPP +0.06
BMU,2013,1.59,NSO published (national vital statistics / Eurostat),,2026-06-15,HIGH,NSO_TFR_RESOURCE_2026_06,2026-06-15,Δ vs WPP +0.07
BMU,2014,1.42,NSO published (national vital statistics / Eurostat),,2026-06-15,HIGH,NSO_TFR_RESOURCE_2026_06,2026-06-15,Δ vs WPP +0.00
BMU,2015,1.45,NSO published (national vital statistics / Eurostat),,2026-06-15,HIGH,NSO_TFR_RESOURCE_2026_06,2026-06-15,Δ vs WPP +0.01
BMU,2016,1.439,NSO published (national vital statistics / Eurostat),,2026-06-15,HIGH,NSO_TFR_RESOURCE_2026_06,2026-06-15,Δ vs WPP -0.01
BMU,2017,1.4,Wikipedia: Demographics of [BMU] (vital statistics),,2026-05-13,HIGH,EDITOR_DECISION_2026_05_v2,2026-05-13,Δ vs WPP -0.02
BMU,2018,1.346,Wikipedia: Demographics of [BMU] (vital statistics),,2026-05-13,HIGH,EDITOR_DECISION_2026_05_v2,2026-05-13,Δ vs WPP -0.02
BMU,2019,1.348,Wikipedia: Demographics of [BMU] (vital statistics),,2026-05-13,HIGH,EDITOR_DECISION_2026_05_v2,2026-05-13,Δ vs WPP -0.03
BMU,2020,1.413,Wikipedia: Demographics of [BMU] (vital statistics),,2026-05-13,HIGH,EDITOR_DECISION_2026_05_v2,2026-05-13,Δ vs WPP -0.04
BMU,2021,1.32,Wikipedia: Demographics of [BMU] (vital statistics),,2026-05-13,HIGH,EDITOR_DECISION_2026_05_v2,2026-05-13,Δ vs WPP -0.07
BMU,2022,1.3,Wikipedia: Demographics of [BMU] (vital statistics),,2026-05-13,HIGH,EDITOR_DECISION_2026_05_v2,2026-05-13,Δ vs WPP -0.10
BMU,2023,1.222,Wikipedia: Demographics of [BMU] (vital statistics),,2026-05-13,HIGH,EDITOR_DECISION_2026_05_v2,2026-05-13,Δ vs WPP -0.18
BMU,2024,1.16,"Wikipedia (TFR from observed births × local-window ratio, outlier-filtered)",,2026-05-14,HIGH,CALCNEW_V7_FRESH,2026-05-14,"Calc New v7 (v7_births_5anchor_±5y). R=0.002723, anchors=[(2019, 525.0, 1.348, 0.00256762), (2020, 541.0, 1.413, 0.00261183), (2021, 494.0, 1.321, 0.00267409), (2022, 479.0, 1.3, 0.00271399), (2023, 436.0, 1.222, 0.00280275)], dropped=[], window=±5y. Wiki-observed births 2024: 425."
BMU,2025,1.12,Wikipedia (bidirectional TFR interpolation),,2026-05-14,MEDIUM,CALCNEW_V7_FRESH,2026-05-14,Calc New v7 (tfr_extrap_fwd). 
BOL,2012,3.05,NSO published (national vital statistics / Eurostat),,2026-06-15,HIGH,NSO_TFR_RESOURCE_2026_06,2026-06-15,Δ vs WPP -0.03
BOL,2013,2.98,NSO published (national vital statistics / Eurostat),,2026-06-15,HIGH,NSO_TFR_RESOURCE_2026_06,2026-06-15,Δ vs WPP -0.03
BOL,2014,2.92,NSO published (national vital statistics / Eurostat),,2026-06-15,HIGH,NSO_TFR_RESOURCE_2026_06,2026-06-15,Δ vs WPP -0.03
BOL,2015,2.86,NSO published (national vital statistics / Eurostat),,2026-06-15,HIGH,NSO_TFR_RESOURCE_2026_06,2026-06-15,Δ vs WPP -0.03
BOL,2016,2.8,Wikipedia: Demographics of [BOL] (vital statistics),,2026-05-13,HIGH,EDITOR_DECISION_2026_05_v2,2026-05-13,Δ vs WPP -0.03
BOL,2017,2.74,Wikipedia: Demographics of [BOL] (vital statistics),,2026-05-13,HIGH,EDITOR_DECISION_2026_05_v2,2026-05-13,Δ vs WPP -0.04
BOL,2018,2.69,Wikipedia: Demographics of [BOL] (vital statistics),,2026-05-13,HIGH,EDITOR_DECISION_2026_05_v2,2026-05-13,Δ vs WPP -0.04
BOL,2019,2.63,Wikipedia: Demographics of [BOL] (vital statistics),,2026-05-13,HIGH,EDITOR_DECISION_2026_05_v2,2026-05-13,Δ vs WPP -0.06
BOL,2020,2.58,Wikipedia: Demographics of [BOL] (vital statistics),,2026-05-13,HIGH,EDITOR_DECISION_2026_05_v2,2026-05-13,Δ vs WPP -0.07
BOL,2021,2.54,Wikipedia: Demographics of [BOL] (vital statistics),,2026-05-13,HIGH,EDITOR_DECISION_2026_05_v2,2026-05-13,Δ vs WPP -0.08
BOL,2022,2.41,Wikipedia: Demographics of [BOL] (vital statistics),,2026-05-13,HIGH,EDITOR_DECISION_2026_05_v2,2026-05-13,Δ vs WPP -0.17
BOL,2023,2.24,Wikipedia: Demographics of [BOL] (vital statistics),,2026-05-13,HIGH,EDITOR_DECISION_2026_05_v2,2026-05-13,Δ vs WPP -0.31
BOL,2024,2.06,Wikipedia: Demographics of [BOL] (vital statistics),,2026-05-13,MEDIUM,EDITOR_DECISION_2026_05_v2,2026-05-13,Δ vs WPP -0.46. Editor certainty: Recheck
BOL,2025,2.01,Wikipedia (bidirectional TFR interpolation),,2026-05-14,MEDIUM,CALCNEW_V7_FRESH,2026-05-14,Calc New v7 (tfr_extrap_fwd). 
BRA,2009,1.906,NSO published (national vital statistics / Eurostat),,2026-06-15,HIGH,NSO_TFR_RESOURCE_2026_06,2026-06-15,Δ vs WPP +0.11
BRA,2010,1.869,NSO published (national vital statistics / Eurostat),,2026-06-15,HIGH,NSO_TFR_RESOURCE_2026_06,2026-06-15,Δ vs WPP +0.08
BRA,2011,1.833,NSO published (national vital statistics / Eurostat),,2026-06-15,HIGH,NSO_TFR_RESOURCE_2026_06,2026-06-15,Δ vs WPP +0.06
BRA,2012,1.801,NSO published (national vital statistics / Eurostat),,2026-06-15,HIGH,NSO_TFR_RESOURCE_2026_06,2026-06-15,Δ vs WPP +0.03
BRA,2013,1.77,NSO published (national vital statistics / Eurostat),,2026-06-15,HIGH,NSO_TFR_RESOURCE_2026_06,2026-06-15,Δ vs WPP +0.01
BRA,2014,1.742,NSO published (national vital statistics / Eurostat),,2026-06-15,HIGH,NSO_TFR_RESOURCE_2026_06,2026-06-15,Δ vs WPP -0.03
BRA,2015,1.716,NSO published (national vital statistics / Eurostat),,2026-06-15,HIGH,NSO_TFR_RESOURCE_2026_06,2026-06-15,Δ vs WPP -0.06
BRA,2016,1.692,Wikipedia: Demographics of [BRA] (vital statistics),,2026-05-13,HIGH,EDITOR_DECISION_2026_05_v2,2026-05-13,Δ vs WPP -0.04
BRA,2017,1.63,Wikipedia: Demographics of [BRA] (vital statistics),,2026-05-13,HIGH,EDITOR_DECISION_2026_05_v2,2026-05-13,Δ vs WPP -0.11
BRA,2018,1.61,Wikipedia: Demographics of [BRA] (vital statistics),,2026-05-13,HIGH,EDITOR_DECISION_2026_05_v2,2026-05-13,Δ vs WPP -0.13
BRA,2019,1.59,Wikipedia: Demographics of [BRA] (vital statistics),,2026-05-13,HIGH,EDITOR_DECISION_2026_05_v2,2026-05-13,Δ vs WPP -0.11
BRA,2020,1.57,Wikipedia: Demographics of [BRA] (vital statistics),,2026-05-13,HIGH,EDITOR_DECISION_2026_05_v2,2026-05-13,Δ vs WPP -0.08
BRA,2021,1.53,Wikipedia: Demographics of [BRA] (vital statistics),,2026-05-13,HIGH,EDITOR_DECISION_2026_05_v2,2026-05-13,Δ vs WPP -0.11
BRA,2022,1.6,Wikipedia: Demographics of [BRA] (vital statistics),,2026-05-13,HIGH,EDITOR_DECISION_2026_05_v2,2026-05-13,Δ vs WPP -0.03
BRA,2023,1.57,Wikipedia: Demographics of [BRA] (vital statistics),,2026-05-13,HIGH,EDITOR_DECISION_2026_05_v2,2026-05-13,Δ vs WPP -0.05
BRA,2024,1.48,Wikipedia: Demographics of [BRA] (vital statistics),,2026-05-13,MEDIUM,EDITOR_DECISION_2026_05_v2,2026-05-13,Δ vs WPP -0.13. Editor certainty: Recheck
BRA,2025,1.52,Wikipedia: Demographics of [BRA] (vital statistics),,2026-05-13,MEDIUM,EDITOR_DECISION_2026_05_v2,2026-05-13,Δ vs WPP -0.08. Editor certainty: Recheck
BRN,2000,2.3,NSO published (national vital statistics / Eurostat),,2026-06-15,HIGH,NSO_TFR_RESOURCE_2026_06,2026-06-15,Δ vs WPP -0.10
BRN,2001,2.2,NSO published (national vital statistics / Eurostat),,2026-06-15,HIGH,NSO_TFR_RESOURCE_2026_06,2026-06-15,Δ vs WPP -0.14
BRN,2002,2.4,NSO published (national vital statistics / Eurostat),,2026-06-15,HIGH,NSO_TFR_RESOURCE_2026_06,2026-06-15,Δ vs WPP +0.14
BRN,2003,2.3,NSO published (national vital statistics / Eurostat),,2026-06-15,HIGH,NSO_TFR_RESOURCE_2026_06,2026-06-15,Δ vs WPP +0.11
BRN,2004,2.1,NSO published (national vital statistics / Eurostat),,2026-06-15,HIGH,NSO_TFR_RESOURCE_2026_06,2026-06-15,Δ vs WPP -0.00
BRN,2005,2,NSO published (national vital statistics / Eurostat),,2026-06-15,HIGH,NSO_TFR_RESOURCE_2026_06,2026-06-15,Δ vs WPP -0.02
BRN,2006,1.8,NSO published (national vital statistics / Eurostat),,2026-06-15,HIGH,NSO_TFR_RESOURCE_2026_06,2026-06-15,Δ vs WPP -0.17
BRN,2007,1.9,NSO published (national vital statistics / Eurostat),,2026-06-15,HIGH,NSO_TFR_RESOURCE_2026_06,2026-06-15,Δ vs WPP -0.03
BRN,2008,1.882,NSO published (national vital statistics / Eurostat),,2026-06-15,HIGH,NSO_TFR_RESOURCE_2026_06,2026-06-15,Δ vs WPP -0.04
BRN,2009,1.919,NSO published (national vital statistics / Eurostat),,2026-06-15,HIGH,NSO_TFR_RESOURCE_2026_06,2026-06-15,Δ vs WPP -0.00
BRN,2010,1.828,NSO published (national vital statistics / Eurostat),,2026-06-15,HIGH,NSO_TFR_RESOURCE_2026_06,2026-06-15,Δ vs WPP -0.11
BRN,2011,1.91,NSO published (national vital statistics / Eurostat),,2026-06-15,HIGH,NSO_TFR_RESOURCE_2026_06,2026-06-15,Δ vs WPP -0.05
BRN,2012,1.933,NSO published (national vital statistics / Eurostat),,2026-06-15,HIGH,NSO_TFR_RESOURCE_2026_06,2026-06-15,Δ vs WPP -0.04
BRN,2013,1.857,NSO published (national vital statistics / Eurostat),,2026-06-15,HIGH,NSO_TFR_RESOURCE_2026_06,2026-06-15,Δ vs WPP -0.12
BRN,2014,1.91,NSO published (national vital statistics / Eurostat),,2026-06-15,HIGH,NSO_TFR_RESOURCE_2026_06,2026-06-15,Δ vs WPP -0.06
BRN,2015,1.847,NSO published (national vital statistics / Eurostat),,2026-06-15,HIGH,NSO_TFR_RESOURCE_2026_06,2026-06-15,Δ vs WPP -0.10
BRN,2016,1.82,Wikipedia: Demographics of [BRN] (vital statistics),,2026-05-13,HIGH,EDITOR_DECISION_2026_05_v2,2026-05-13,Δ vs WPP -0.10
BRN,2017,1.797,Wikipedia: Demographics of [BRN] (vital statistics),,2026-05-13,HIGH,EDITOR_DECISION_2026_05_v2,2026-05-13,Δ vs WPP -0.08
BRN,2018,1.721,Wikipedia: Demographics of [BRN] (vital statistics),,2026-05-13,HIGH,EDITOR_DECISION_2026_05_v2,2026-05-13,Δ vs WPP -0.13
BRN,2019,1.7,Wikipedia: Demographics of [BRN] (vital statistics),,2026-05-13,HIGH,EDITOR_DECISION_2026_05_v2,2026-05-13,Δ vs WPP -0.12
BRN,2020,1.829,Wikipedia: Demographics of [BRN] (vital statistics),,2026-05-13,HIGH,EDITOR_DECISION_2026_05_v2,2026-05-13,Δ vs WPP +0.03
BRN,2021,1.906,Wikipedia: Demographics of [BRN] (vital statistics),,2026-05-13,HIGH,EDITOR_DECISION_2026_05_v2,2026-05-13,Δ vs WPP +0.13
BRN,2022,1.765,NSO published (national vital statistics / Eurostat),,2026-06-15,HIGH,NSO_TFR_RESOURCE_2026_06,2026-06-15,Δ vs WPP +0.00
BRN,2023,1.764,NSO published (national vital statistics / Eurostat),,2026-06-15,HIGH,NSO_TFR_RESOURCE_2026_06,2026-06-15,Δ vs WPP +0.02
BRN,2024,1.468,Wikipedia: Demographics of [BRN] (vital statistics),,2026-05-13,MEDIUM,EDITOR_DECISION_2026_05_v2,2026-05-13,Δ vs WPP -0.26. Editor certainty: Recheck
BRN,2025,1.42,Wikipedia (bidirectional TFR interpolation),,2026-05-14,MEDIUM,CALCNEW_V7_FRESH,2026-05-14,Calc New v7 (tfr_extrap_fwd). 
CAN,1965,3.192,NSO published (national vital statistics / Eurostat),,2026-06-15,HIGH,NSO_TFR_RESOURCE_2026_06,2026-06-15,Δ vs WPP +0.12
CAN,1966,2.749,NSO published (national vital statistics / Eurostat),,2026-06-15,HIGH,NSO_TFR_RESOURCE_2026_06,2026-06-15,Δ vs WPP -0.00
CAN,1967,2.528,NSO published (national vital statistics / Eurostat),,2026-06-15,HIGH,NSO_TFR_RESOURCE_2026_06,2026-06-15,Δ vs WPP -0.01
CAN,1968,2.386,NSO published (national vital statistics / Eurostat),,2026-06-15,HIGH,NSO_TFR_RESOURCE_2026_06,2026-06-15,Δ vs WPP -0.02
CAN,1969,2.334,NSO published (national vital statistics / Eurostat),,2026-06-15,HIGH,NSO_TFR_RESOURCE_2026_06,2026-06-15,Δ vs WPP -0.02
CAN,1970,2.258,NSO published (national vital statistics / Eurostat),,2026-06-15,HIGH,NSO_TFR_RESOURCE_2026_06,2026-06-15,Δ vs WPP -0.01
CAN,1971,2.141,NSO published (national vital statistics / Eurostat),,2026-06-15,HIGH,NSO_TFR_RESOURCE_2026_06,2026-06-15,Δ vs WPP +0.04
CAN,1972,1.98,NSO published (national vital statistics / Eurostat),,2026-06-15,HIGH,NSO_TFR_RESOURCE_2026_06,2026-06-15,Δ vs WPP +0.04
CAN,1973,1.89,NSO published (national vital statistics / Eurostat),,2026-06-15,HIGH,NSO_TFR_RESOURCE_2026_06,2026-06-15,Δ vs WPP +0.04
CAN,1974,1.837,NSO published (national vital statistics / Eurostat),,2026-06-15,HIGH,NSO_TFR_RESOURCE_2026_06,2026-06-15,Δ vs WPP +0.03
CAN,1975,1.824,NSO published (national vital statistics / Eurostat),,2026-06-15,HIGH,NSO_TFR_RESOURCE_2026_06,2026-06-15,Δ vs WPP +0.02
CAN,1976,1.796,NSO published (national vital statistics / Eurostat),,2026-06-15,HIGH,NSO_TFR_RESOURCE_2026_06,2026-06-15,Δ vs WPP +0.04
CAN,1977,1.782,NSO published (national vital statistics / Eurostat),,2026-06-15,HIGH,NSO_TFR_RESOURCE_2026_06,2026-06-15,Δ vs WPP +0.06
CAN,1978,1.768,NSO published (national vital statistics / Eurostat),,2026-06-15,HIGH,NSO_TFR_RESOURCE_2026_06,2026-06-15,Δ vs WPP +0.09
CAN,1979,1.754,NSO published (national vital statistics / Eurostat),,2026-06-15,HIGH,NSO_TFR_RESOURCE_2026_06,2026-06-15,Δ vs WPP +0.08
CAN,1980,1.74,NSO published (national vital statistics / Eurostat),,2026-06-15,HIGH,NSO_TFR_RESOURCE_2026_06,2026-06-15,Δ vs WPP +0.08
CAN,1981,1.7,NSO published (national vital statistics / Eurostat),,2026-06-15,HIGH,NSO_TFR_RESOURCE_2026_06,2026-06-15,Δ vs WPP +0.07
CAN,1982,1.69,NSO published (national vital statistics / Eurostat),,2026-06-15,HIGH,NSO_TFR_RESOURCE_2026_06,2026-06-15,Δ vs WPP +0.07
CAN,1983,1.68,NSO published (national vital statistics / Eurostat),,2026-06-15,HIGH,NSO_TFR_RESOURCE_2026_06,2026-06-15,Δ vs WPP +0.07
CAN,1984,1.65,NSO published (national vital statistics / Eurostat),,2026-06-15,HIGH,NSO_TFR_RESOURCE_2026_06,2026-06-15,Δ vs WPP +0.04
CAN,1985,1.67,NSO published (national vital statistics / Eurostat),,2026-06-15,HIGH,NSO_TFR_RESOURCE_2026_06,2026-06-15,Δ vs WPP +0.08
CAN,1986,1.675,NSO published (national vital statistics / Eurostat),,2026-06-15,HIGH,NSO_TFR_RESOURCE_2026_06,2026-06-15,Δ vs WPP +0.10
CAN,1987,1.68,NSO published (national vital statistics / Eurostat),,2026-06-15,HIGH,NSO_TFR_RESOURCE_2026_06,2026-06-15,Δ vs WPP +0.12
CAN,1988,1.68,NSO published (national vital statistics / Eurostat),,2026-06-15,HIGH,NSO_TFR_RESOURCE_2026_06,2026-06-15,Δ vs WPP +0.09
CAN,1989,1.77,NSO published (national vital statistics / Eurostat),,2026-06-15,HIGH,NSO_TFR_RESOURCE_2026_06,2026-06-15,Δ vs WPP +0.13
CAN,1990,1.83,NSO published (national vital statistics / Eurostat),,2026-06-15,HIGH,NSO_TFR_RESOURCE_2026_06,2026-06-15,Δ vs WPP +0.13
CAN,1991,1.72,NSO published (national vital statistics / Eurostat),,2026-06-15,HIGH,NSO_TFR_RESOURCE_2026_06,2026-06-15,Δ vs WPP -0.00
CAN,1992,1.71,NSO published (national vital statistics / Eurostat),,2026-06-15,HIGH,NSO_TFR_RESOURCE_2026_06,2026-06-15,Δ vs WPP -0.01
CAN,1993,1.68,NSO published (national vital statistics / Eurostat),,2026-06-15,HIGH,NSO_TFR_RESOURCE_2026_06,2026-06-15,Δ vs WPP -0.01
CAN,1994,1.69,NSO published (national vital statistics / Eurostat),,2026-06-15,HIGH,NSO_TFR_RESOURCE_2026_06,2026-06-15,Δ vs WPP -0.00
CAN,1995,1.67,NSO published (national vital statistics / Eurostat),,2026-06-15,HIGH,NSO_TFR_RESOURCE_2026_06,2026-06-15,Δ vs WPP -0.00
CAN,1996,1.63,NSO published (national vital statistics / Eurostat),,2026-06-15,HIGH,NSO_TFR_RESOURCE_2026_06,2026-06-15,Δ vs WPP -0.00
CAN,1997,1.57,NSO published (national vital statistics / Eurostat),,2026-06-15,HIGH,NSO_TFR_RESOURCE_2026_06,2026-06-15,Δ vs WPP +0.00
CAN,1998,1.56,NSO published (national vital statistics / Eurostat),,2026-06-15,HIGH,NSO_TFR_RESOURCE_2026_06,2026-06-15,Δ vs WPP +0.01
CAN,1999,1.54,NSO published (national vital statistics / Eurostat),,2026-06-15,HIGH,NSO_TFR_RESOURCE_2026_06,2026-06-15,Δ vs WPP -0.00
CAN,2000,1.51,NSO published (national vital statistics / Eurostat),,2026-06-15,HIGH,NSO_TFR_RESOURCE_2026_06,2026-06-15,Δ vs WPP -0.00
CAN,2001,1.54,NSO published (national vital statistics / Eurostat),,2026-06-15,HIGH,NSO_TFR_RESOURCE_2026_06,2026-06-15,Δ vs WPP +0.01
CAN,2002,1.51,NSO published (national vital statistics / Eurostat),,2026-06-15,HIGH,NSO_TFR_RESOURCE_2026_06,2026-06-15,Δ vs WPP -0.00
CAN,2003,1.54,NSO published (national vital statistics / Eurostat),,2026-06-15,HIGH,NSO_TFR_RESOURCE_2026_06,2026-06-15,Δ vs WPP +0.00
CAN,2004,1.55,NSO published (national vital statistics / Eurostat),,2026-06-15,HIGH,NSO_TFR_RESOURCE_2026_06,2026-06-15,Δ vs WPP +0.01
CAN,2005,1.57,NSO published (national vital statistics / Eurostat),,2026-06-15,HIGH,NSO_TFR_RESOURCE_2026_06,2026-06-15,Δ vs WPP +0.00
CAN,2006,1.61,NSO published (national vital statistics / Eurostat),,2026-06-15,HIGH,NSO_TFR_RESOURCE_2026_06,2026-06-15,Δ vs WPP -0.00
CAN,2007,1.66,NSO published (national vital statistics / Eurostat),,2026-06-15,HIGH,NSO_TFR_RESOURCE_2026_06,2026-06-15,Δ vs WPP +0.00
CAN,2008,1.69,NSO published (national vital statistics / Eurostat),,2026-06-15,HIGH,NSO_TFR_RESOURCE_2026_06,2026-06-15,Δ vs WPP +0.01
CAN,2009,1.68,NSO published (national vital statistics / Eurostat),,2026-06-15,HIGH,NSO_TFR_RESOURCE_2026_06,2026-06-15,Δ vs WPP +0.00
CAN,2010,1.64,NSO published (national vital statistics / Eurostat),,2026-06-15,HIGH,NSO_TFR_RESOURCE_2026_06,2026-06-15,Δ vs WPP -0.00
CAN,2011,1.62,NSO published (national vital statistics / Eurostat),,2026-06-15,HIGH,NSO_TFR_RESOURCE_2026_06,2026-06-15,Δ vs WPP -0.01
CAN,2012,1.62,NSO published (national vital statistics / Eurostat),,2026-06-15,HIGH,NSO_TFR_RESOURCE_2026_06,2026-06-15,Δ vs WPP -0.01
CAN,2013,1.6,NSO published (national vital statistics / Eurostat),,2026-06-15,HIGH,NSO_TFR_RESOURCE_2026_06,2026-06-15,Δ vs WPP -0.01
CAN,2014,1.61,NSO published (national vital statistics / Eurostat),,2026-06-15,HIGH,NSO_TFR_RESOURCE_2026_06,2026-06-15,Δ vs WPP -0.00
CAN,2015,1.6,NSO published (national vital statistics / Eurostat),,2026-06-15,HIGH,NSO_TFR_RESOURCE_2026_06,2026-06-15,Δ vs WPP -0.00
CAN,2016,1.59,NSO published (national vital statistics / Eurostat),,2026-06-15,HIGH,NSO_TFR_RESOURCE_2026_06,2026-06-15,Δ vs WPP +0.00
CAN,2017,1.54,NSO published (national vital statistics / Eurostat),,2026-06-15,HIGH,NSO_TFR_RESOURCE_2026_06,2026-06-15,Δ vs WPP -0.01
CAN,2018,1.5,NSO published (national vital statistics / Eurostat),,2026-06-15,HIGH,NSO_TFR_RESOURCE_2026_06,2026-06-15,Δ vs WPP -0.01
CAN,2019,1.47,NSO published (national vital statistics / Eurostat),,2026-06-15,HIGH,NSO_TFR_RESOURCE_2026_06,2026-06-15,Δ vs WPP -0.01
CAN,2020,1.41,NSO published (national vital statistics / Eurostat),,2026-06-15,HIGH,NSO_TFR_RESOURCE_2026_06,2026-06-15,Δ vs WPP -0.00
CAN,2021,1.44,NSO published (national vital statistics / Eurostat),,2026-06-15,HIGH,NSO_TFR_RESOURCE_2026_06,2026-06-15,Δ vs WPP +0.01
CAN,2022,1.33,Wikipedia: Demographics of [CAN] (vital statistics),,2026-05-13,HIGH,EDITOR_DECISION_2026_05_v2,2026-05-13,Δ vs WPP -0.04
CAN,2023,1.27,Wikipedia: Demographics of [CAN] (vital statistics),,2026-05-13,HIGH,EDITOR_DECISION_2026_05_v2,2026-05-13,Δ vs WPP -0.08
CAN,2024,1.27,Wikipedia: Demographics of [CAN] (vital statistics),,2026-05-13,MEDIUM,EDITOR_DECISION_2026_05_v2,2026-05-13,Δ vs WPP -0.07. Editor certainty: Recheck
CAN,2025,1.34,"Wikipedia (TFR from observed births × local-window ratio, outlier-filtered)",,2026-05-14,HIGH,CALCNEW_V7_FRESH,2026-05-14,"Calc New v7 (v7_births_5anchor_±5y). R=0.000004, anchors=[(2020, 361582.0, 1.41, 3.9e-06), (2021, 372564.0, 1.44, 3.87e-06), (2022, 355134.0, 1.33, 3.75e-06), (2023, 352644.0, 1.27, 3.6e-06), (2024, 365737.0, 1.27, 3.47e-06)], dropped=[], window=±5y. Wiki-observed births 2025: 371,373."
CHE,2016,1.54,NSO published (national vital statistics / Eurostat),,2026-06-15,HIGH,NSO_TFR_RESOURCE_2026_06,2026-06-15,Δ vs WPP +0.00
CHE,2017,1.52,NSO published (national vital statistics / Eurostat),,2026-06-15,HIGH,NSO_TFR_RESOURCE_2026_06,2026-06-15,Δ vs WPP +0.00
CHE,2018,1.52,NSO published (national vital statistics / Eurostat),,2026-06-15,HIGH,NSO_TFR_RESOURCE_2026_06,2026-06-15,Δ vs WPP +0.01
CHE,2019,1.48,NSO published (national vital statistics / Eurostat),,2026-06-15,HIGH,NSO_TFR_RESOURCE_2026_06,2026-06-15,Δ vs WPP +0.00
CHE,2020,1.46,NSO published (national vital statistics / Eurostat),,2026-06-15,HIGH,NSO_TFR_RESOURCE_2026_06,2026-06-15,Δ vs WPP -0.01
CHE,2021,1.52,Wikipedia: Demographics of [CHE] (vital statistics),,2026-05-13,HIGH,EDITOR_DECISION_2026_05_v2,2026-05-13,Δ vs WPP -0.02
CHE,2022,1.39,NSO published (national vital statistics / Eurostat),,2026-06-15,HIGH,NSO_TFR_RESOURCE_2026_06,2026-06-15,Δ vs WPP -0.00
CHE,2023,1.33,Wikipedia: Demographics of [CHE] (vital statistics),,2026-05-13,HIGH,EDITOR_DECISION_2026_05_v2,2026-05-13,Δ vs WPP -0.10
CHE,2024,1.29,Wikipedia: Demographics of [CHE] (vital statistics),,2026-05-13,MEDIUM,EDITOR_DECISION_2026_05_v2,2026-05-13,Δ vs WPP -0.15. Editor certainty: Recheck
CHE,2025,1.28,Wikipedia: Demographics of [CHE] (vital statistics),,2026-05-13,MEDIUM,EDITOR_DECISION_2026_05_v2,2026-05-13,Δ vs WPP -0.16. Editor certainty: Recheck
CHL,1992,2.54,NSO published (national vital statistics / Eurostat),,2026-06-15,HIGH,NSO_TFR_RESOURCE_2026_06,2026-06-15,Δ vs WPP +0.06
CHL,1993,2.48,NSO published (national vital statistics / Eurostat),,2026-06-15,HIGH,NSO_TFR_RESOURCE_2026_06,2026-06-15,Δ vs WPP +0.05
CHL,1994,2.36,NSO published (national vital statistics / Eurostat),,2026-06-15,HIGH,NSO_TFR_RESOURCE_2026_06,2026-06-15,Δ vs WPP -0.02
CHL,1995,2.28,NSO published (national vital statistics / Eurostat),,2026-06-15,HIGH,NSO_TFR_RESOURCE_2026_06,2026-06-15,Δ vs WPP -0.07
CHL,1996,2.26,NSO published (national vital statistics / Eurostat),,2026-06-15,HIGH,NSO_TFR_RESOURCE_2026_06,2026-06-15,Δ vs WPP -0.02
CHL,1997,2.21,NSO published (national vital statistics / Eurostat),,2026-06-15,HIGH,NSO_TFR_RESOURCE_2026_06,2026-06-15,Δ vs WPP +0.01
CHL,1998,2.17,NSO published (national vital statistics / Eurostat),,2026-06-15,HIGH,NSO_TFR_RESOURCE_2026_06,2026-06-15,Δ vs WPP +0.02
CHL,1999,2.11,NSO published (national vital statistics / Eurostat),,2026-06-15,HIGH,NSO_TFR_RESOURCE_2026_06,2026-06-15,Δ vs WPP +0.04
CHL,2000,2.09,NSO published (national vital statistics / Eurostat),,2026-06-15,HIGH,NSO_TFR_RESOURCE_2026_06,2026-06-15,Δ vs WPP +0.04
CHL,2001,2.05,NSO published (national vital statistics / Eurostat),,2026-06-15,HIGH,NSO_TFR_RESOURCE_2026_06,2026-06-15,Δ vs WPP +0.04
CHL,2002,1.99,NSO published (national vital statistics / Eurostat),,2026-06-15,HIGH,NSO_TFR_RESOURCE_2026_06,2026-06-15,Δ vs WPP +0.06
CHL,2003,1.94,NSO published (national vital statistics / Eurostat),,2026-06-15,HIGH,NSO_TFR_RESOURCE_2026_06,2026-06-15,Δ vs WPP +0.05
CHL,2004,1.9,NSO published (national vital statistics / Eurostat),,2026-06-15,HIGH,NSO_TFR_RESOURCE_2026_06,2026-06-15,Δ vs WPP +0.06
CHL,2005,1.89,NSO published (national vital statistics / Eurostat),,2026-06-15,HIGH,NSO_TFR_RESOURCE_2026_06,2026-06-15,Δ vs WPP +0.07
CHL,2006,1.88,NSO published (national vital statistics / Eurostat),,2026-06-15,HIGH,NSO_TFR_RESOURCE_2026_06,2026-06-15,Δ vs WPP +0.08
CHL,2007,1.94,NSO published (national vital statistics / Eurostat),,2026-06-15,HIGH,NSO_TFR_RESOURCE_2026_06,2026-06-15,Δ vs WPP +0.11
CHL,2008,1.97,NSO published (national vital statistics / Eurostat),,2026-06-15,HIGH,NSO_TFR_RESOURCE_2026_06,2026-06-15,Δ vs WPP +0.12
CHL,2009,2,NSO published (national vital statistics / Eurostat),,2026-06-15,HIGH,NSO_TFR_RESOURCE_2026_06,2026-06-15,Δ vs WPP +0.14
CHL,2010,1.97,NSO published (national vital statistics / Eurostat),,2026-06-15,HIGH,NSO_TFR_RESOURCE_2026_06,2026-06-15,Δ vs WPP +0.13
CHL,2011,1.94,NSO published (national vital statistics / Eurostat),,2026-06-15,HIGH,NSO_TFR_RESOURCE_2026_06,2026-06-15,Δ vs WPP +0.12
CHL,2012,1.9,NSO published (national vital statistics / Eurostat),,2026-06-15,HIGH,NSO_TFR_RESOURCE_2026_06,2026-06-15,Δ vs WPP +0.10
CHL,2013,1.85,NSO published (national vital statistics / Eurostat),,2026-06-15,HIGH,NSO_TFR_RESOURCE_2026_06,2026-06-15,Δ vs WPP +0.06
CHL,2014,1.91,NSO published (national vital statistics / Eurostat),,2026-06-15,HIGH,NSO_TFR_RESOURCE_2026_06,2026-06-15,Δ vs WPP +0.14
CHL,2015,1.86,NSO published (national vital statistics / Eurostat),,2026-06-15,HIGH,NSO_TFR_RESOURCE_2026_06,2026-06-15,Δ vs WPP +0.12
CHL,2016,1.75,Wikipedia: Demographics of [CHL] (vital statistics),,2026-05-13,HIGH,EDITOR_DECISION_2026_05_v2,2026-05-13,Δ vs WPP +0.06
CHL,2017,1.65,Wikipedia: Demographics of [CHL] (vital statistics),,2026-05-13,HIGH,EDITOR_DECISION_2026_05_v2,2026-05-13,Δ vs WPP +0.09
CHL,2018,1.62,Wikipedia: Demographics of [CHL] (vital statistics),,2026-05-13,HIGH,EDITOR_DECISION_2026_05_v2,2026-05-13,Δ vs WPP +0.08
CHL,2019,1.5,Wikipedia: Demographics of [CHL] (vital statistics),,2026-05-13,HIGH,EDITOR_DECISION_2026_05_v2,2026-05-13,Δ vs WPP +0.07
CHL,2020,1.3,NSO published (national vital statistics / Eurostat),,2026-06-15,HIGH,NSO_TFR_RESOURCE_2026_06,2026-06-15,Δ vs WPP -0.01
CHL,2021,1.17,NSO published (national vital statistics / Eurostat),,2026-06-15,HIGH,NSO_TFR_RESOURCE_2026_06,2026-06-15,Δ vs WPP -0.01
CHL,2022,1.32,Wikipedia: Demographics of [CHL] (vital statistics),,2026-05-13,HIGH,EDITOR_DECISION_2026_05_v2,2026-05-13,Δ vs WPP +0.06
CHL,2023,1.16,NSO published (national vital statistics / Eurostat),,2026-06-15,HIGH,NSO_TFR_RESOURCE_2026_06,2026-06-15,Δ vs WPP -0.01
CHL,2024,1.03,Wikipedia: Demographics of [CHL] (vital statistics),,2026-05-13,MEDIUM,EDITOR_DECISION_2026_05_v2,2026-05-13,Δ vs WPP -0.11. Editor certainty: Recheck
CHL,2025,0.98,"Wikipedia (TFR from observed births × local-window ratio, outlier-filtered)",,2026-05-14,HIGH,CALCNEW_V7_FRESH,2026-05-14,"Calc New v7 (v7_births_5anchor_±5y). R=0.000007, anchors=[(2020, 194978.0, 1.3, 6.67e-06), (2021, 177273.0, 1.17, 6.6e-06), (2022, 189310.0, 1.32, 6.97e-06), (2023, 173920.0, 1.16, 6.67e-06), (2024, 154441.0, 1.03, 6.67e-06)], dropped=[], window=±5y. Wiki-observed births 2025: 146,172."
CHN,1965,6.02,NSO published (national vital statistics / Eurostat),,2026-06-15,HIGH,NSO_TFR_RESOURCE_2026_06,2026-06-15,Δ vs WPP -0.59
CHN,1970,5.75,NSO published (national vital statistics / Eurostat),,2026-06-15,HIGH,NSO_TFR_RESOURCE_2026_06,2026-06-15,Δ vs WPP -0.33
CHN,1975,3.58,NSO published (national vital statistics / Eurostat),,2026-06-15,HIGH,NSO_TFR_RESOURCE_2026_06,2026-06-15,Δ vs WPP +0.01
CHN,1980,2.61,NSO published (national vital statistics / Eurostat),,2026-06-15,HIGH,NSO_TFR_RESOURCE_2026_06,2026-06-15,Δ vs WPP -0.13
CHN,1985,2.65,NSO published (national vital statistics / Eurostat),,2026-06-15,HIGH,NSO_TFR_RESOURCE_2026_06,2026-06-15,Δ vs WPP +0.02
CHN,1990,2.43,NSO published (national vital statistics / Eurostat),,2026-06-15,HIGH,NSO_TFR_RESOURCE_2026_06,2026-06-15,Δ vs WPP -0.08
CHN,1995,1.68,NSO published (national vital statistics / Eurostat),,2026-06-15,HIGH,NSO_TFR_RESOURCE_2026_06,2026-06-15,Δ vs WPP +0.09
CHN,2000,1.45,NSO published (national vital statistics / Eurostat),,2026-06-15,HIGH,NSO_TFR_RESOURCE_2026_06,2026-06-15,Δ vs WPP -0.18
CHN,2005,1.51,NSO published (national vital statistics / Eurostat),,2026-06-15,HIGH,NSO_TFR_RESOURCE_2026_06,2026-06-15,Δ vs WPP -0.11
CHN,2006,1.5,NSO published (national vital statistics / Eurostat),,2026-06-15,HIGH,NSO_TFR_RESOURCE_2026_06,2026-06-15,Δ vs WPP -0.14
CHN,2007,1.53,NSO published (national vital statistics / Eurostat),,2026-06-15,HIGH,NSO_TFR_RESOURCE_2026_06,2026-06-15,Δ vs WPP -0.14
CHN,2008,1.55,NSO published (national vital statistics / Eurostat),,2026-06-15,HIGH,NSO_TFR_RESOURCE_2026_06,2026-06-15,Δ vs WPP -0.15
CHN,2009,1.54,NSO published (national vital statistics / Eurostat),,2026-06-15,HIGH,NSO_TFR_RESOURCE_2026_06,2026-06-15,Δ vs WPP -0.17
CHN,2010,1.54,NSO published (national vital statistics / Eurostat),,2026-06-15,HIGH,NSO_TFR_RESOURCE_2026_06,2026-06-15,Δ vs WPP -0.15
CHN,2015,1.57,NSO published (national vital statistics / Eurostat),,2026-06-15,HIGH,NSO_TFR_RESOURCE_2026_06,2026-06-15,Δ vs WPP -0.10
CHN,2016,1.7,Wikipedia: Demographics of [CHN] (vital statistics),,2026-05-13,HIGH,EDITOR_DECISION_2026_05_v2,2026-05-13,Δ vs WPP -0.07
CHN,2017,1.67,Wikipedia: Demographics of [CHN] (vital statistics),,2026-05-13,HIGH,EDITOR_DECISION_2026_05_v2,2026-05-13,Δ vs WPP -0.13
CHN,2018,1.55,NSO published (national vital statistics / Eurostat),,2026-06-15,HIGH,NSO_TFR_RESOURCE_2026_06,2026-06-15,Δ vs WPP +0.01
CHN,2019,1.5,NSO published (national vital statistics / Eurostat),,2026-06-15,HIGH,NSO_TFR_RESOURCE_2026_06,2026-06-15,Δ vs WPP +0.00
CHN,2020,1.3,Wikipedia: Demographics of [CHN] (vital statistics),,2026-05-13,HIGH,EDITOR_DECISION_2026_05_v2,2026-05-13,Δ vs WPP +0.06
CHN,2021,1.16,Wikipedia: Demographics of [CHN] (vital statistics),,2026-05-13,HIGH,EDITOR_DECISION_2026_05_v2,2026-05-13,Δ vs WPP +0.04
CHN,2022,1.07,Wikipedia: Demographics of [CHN] (vital statistics),,2026-05-13,HIGH,EDITOR_DECISION_2026_05_v2,2026-05-13,Δ vs WPP +0.04
CHN,2023,1.04,Wikipedia: Demographics of [CHN] (vital statistics),,2026-05-13,HIGH,EDITOR_DECISION_2026_05_v2,2026-05-13,Δ vs WPP +0.04
CHN,2024,1.13,Wikipedia: Demographics of [CHN] (vital statistics),,2026-05-13,MEDIUM,EDITOR_DECISION_2026_05_v2,2026-05-13,Δ vs WPP +0.12. Editor certainty: Recheck
CHN,2025,0.93,Wikipedia: Demographics of [CHN] (vital statistics),,2026-05-13,MEDIUM,EDITOR_DECISION_2026_05_v2,2026-05-13,Δ vs WPP -0.09. Editor certainty: Recheck
COL,1965,6.33,NSO published (national vital statistics / Eurostat),,2026-06-15,HIGH,NSO_TFR_RESOURCE_2026_06,2026-06-15,Δ vs WPP -0.00
COL,1966,6.16,NSO published (national vital statistics / Eurostat),,2026-06-15,HIGH,NSO_TFR_RESOURCE_2026_06,2026-06-15,Δ vs WPP +0.00
COL,1967,5.96,NSO published (national vital statistics / Eurostat),,2026-06-15,HIGH,NSO_TFR_RESOURCE_2026_06,2026-06-15,Δ vs WPP +0.00
COL,1968,5.74,NSO published (national vital statistics / Eurostat),,2026-06-15,HIGH,NSO_TFR_RESOURCE_2026_06,2026-06-15,Δ vs WPP +0.00
COL,1969,5.51,NSO published (national vital statistics / Eurostat),,2026-06-15,HIGH,NSO_TFR_RESOURCE_2026_06,2026-06-15,Δ vs WPP +0.00
COL,1970,5.28,NSO published (national vital statistics / Eurostat),,2026-06-15,HIGH,NSO_TFR_RESOURCE_2026_06,2026-06-15,Δ vs WPP +0.00
COL,1971,5.06,NSO published (national vital statistics / Eurostat),,2026-06-15,HIGH,NSO_TFR_RESOURCE_2026_06,2026-06-15,Δ vs WPP +0.00
COL,1972,4.86,NSO published (national vital statistics / Eurostat),,2026-06-15,HIGH,NSO_TFR_RESOURCE_2026_06,2026-06-15,Δ vs WPP +0.00
COL,1973,4.68,NSO published (national vital statistics / Eurostat),,2026-06-15,HIGH,NSO_TFR_RESOURCE_2026_06,2026-06-15,Δ vs WPP +0.00
COL,1974,4.53,NSO published (national vital statistics / Eurostat),,2026-06-15,HIGH,NSO_TFR_RESOURCE_2026_06,2026-06-15,Δ vs WPP +0.00
COL,1975,4.4,NSO published (national vital statistics / Eurostat),,2026-06-15,HIGH,NSO_TFR_RESOURCE_2026_06,2026-06-15,Δ vs WPP +0.00
COL,1976,4.28,NSO published (national vital statistics / Eurostat),,2026-06-15,HIGH,NSO_TFR_RESOURCE_2026_06,2026-06-15,Δ vs WPP -0.00
COL,1977,4.18,NSO published (national vital statistics / Eurostat),,2026-06-15,HIGH,NSO_TFR_RESOURCE_2026_06,2026-06-15,Δ vs WPP +0.02
COL,1978,4.07,NSO published (national vital statistics / Eurostat),,2026-06-15,HIGH,NSO_TFR_RESOURCE_2026_06,2026-06-15,Δ vs WPP +0.07
COL,1979,3.97,NSO published (national vital statistics / Eurostat),,2026-06-15,HIGH,NSO_TFR_RESOURCE_2026_06,2026-06-15,Δ vs WPP +0.08
COL,1980,3.86,NSO published (national vital statistics / Eurostat),,2026-06-15,HIGH,NSO_TFR_RESOURCE_2026_06,2026-06-15,Δ vs WPP +0.06
COL,1981,3.74,NSO published (national vital statistics / Eurostat),,2026-06-15,HIGH,NSO_TFR_RESOURCE_2026_06,2026-06-15,Δ vs WPP +0.03
COL,1982,3.63,NSO published (national vital statistics / Eurostat),,2026-06-15,HIGH,NSO_TFR_RESOURCE_2026_06,2026-06-15,Δ vs WPP +0.01
COL,1983,3.53,NSO published (national vital statistics / Eurostat),,2026-06-15,HIGH,NSO_TFR_RESOURCE_2026_06,2026-06-15,Δ vs WPP +0.03
COL,1984,3.43,NSO published (national vital statistics / Eurostat),,2026-06-15,HIGH,NSO_TFR_RESOURCE_2026_06,2026-06-15,Δ vs WPP +0.08
COL,1985,3.34,NSO published (national vital statistics / Eurostat),,2026-06-15,HIGH,NSO_TFR_RESOURCE_2026_06,2026-06-15,Δ vs WPP +0.12
COL,1986,3.27,NSO published (national vital statistics / Eurostat),,2026-06-15,HIGH,NSO_TFR_RESOURCE_2026_06,2026-06-15,Δ vs WPP +0.12
COL,1987,3.21,NSO published (national vital statistics / Eurostat),,2026-06-15,HIGH,NSO_TFR_RESOURCE_2026_06,2026-06-15,Δ vs WPP +0.12
COL,1988,3.16,NSO published (national vital statistics / Eurostat),,2026-06-15,HIGH,NSO_TFR_RESOURCE_2026_06,2026-06-15,Δ vs WPP +0.12
COL,1989,3.12,NSO published (national vital statistics / Eurostat),,2026-06-15,HIGH,NSO_TFR_RESOURCE_2026_06,2026-06-15,Δ vs WPP +0.11
COL,1990,3.08,NSO published (national vital statistics / Eurostat),,2026-06-15,HIGH,NSO_TFR_RESOURCE_2026_06,2026-06-15,Δ vs WPP +0.08
COL,1991,3.05,NSO published (national vital statistics / Eurostat),,2026-06-15,HIGH,NSO_TFR_RESOURCE_2026_06,2026-06-15,Δ vs WPP +0.07
COL,1992,3.01,NSO published (national vital statistics / Eurostat),,2026-06-15,HIGH,NSO_TFR_RESOURCE_2026_06,2026-06-15,Δ vs WPP +0.03
COL,1993,2.97,NSO published (national vital statistics / Eurostat),,2026-06-15,HIGH,NSO_TFR_RESOURCE_2026_06,2026-06-15,Δ vs WPP -0.01
COL,1994,2.92,NSO published (national vital statistics / Eurostat),,2026-06-15,HIGH,NSO_TFR_RESOURCE_2026_06,2026-06-15,Δ vs WPP -0.02
COL,1995,2.86,NSO published (national vital statistics / Eurostat),,2026-06-15,HIGH,NSO_TFR_RESOURCE_2026_06,2026-06-15,Δ vs WPP +0.01
COL,1996,2.8,NSO published (national vital statistics / Eurostat),,2026-06-15,HIGH,NSO_TFR_RESOURCE_2026_06,2026-06-15,Δ vs WPP +0.03
COL,1997,2.74,NSO published (national vital statistics / Eurostat),,2026-06-15,HIGH,NSO_TFR_RESOURCE_2026_06,2026-06-15,Δ vs WPP -0.00
COL,1998,2.68,NSO published (national vital statistics / Eurostat),,2026-06-15,HIGH,NSO_TFR_RESOURCE_2026_06,2026-06-15,Δ vs WPP -0.04
COL,1999,2.63,NSO published (national vital statistics / Eurostat),,2026-06-15,HIGH,NSO_TFR_RESOURCE_2026_06,2026-06-15,Δ vs WPP -0.01
COL,2000,2.57,NSO published (national vital statistics / Eurostat),,2026-06-15,HIGH,NSO_TFR_RESOURCE_2026_06,2026-06-15,Δ vs WPP -0.00
COL,2001,2.52,NSO published (national vital statistics / Eurostat),,2026-06-15,HIGH,NSO_TFR_RESOURCE_2026_06,2026-06-15,Δ vs WPP -0.00
COL,2002,2.46,NSO published (national vital statistics / Eurostat),,2026-06-15,HIGH,NSO_TFR_RESOURCE_2026_06,2026-06-15,Δ vs WPP -0.03
COL,2003,2.4,NSO published (national vital statistics / Eurostat),,2026-06-15,HIGH,NSO_TFR_RESOURCE_2026_06,2026-06-15,Δ vs WPP -0.05
COL,2004,2.33,NSO published (national vital statistics / Eurostat),,2026-06-15,HIGH,NSO_TFR_RESOURCE_2026_06,2026-06-15,Δ vs WPP -0.05
COL,2005,2.26,NSO published (national vital statistics / Eurostat),,2026-06-15,HIGH,NSO_TFR_RESOURCE_2026_06,2026-06-15,Δ vs WPP -0.05
COL,2006,2.2,NSO published (national vital statistics / Eurostat),,2026-06-15,HIGH,NSO_TFR_RESOURCE_2026_06,2026-06-15,Δ vs WPP -0.04
COL,2007,2.14,NSO published (national vital statistics / Eurostat),,2026-06-15,HIGH,NSO_TFR_RESOURCE_2026_06,2026-06-15,Δ vs WPP -0.06
COL,2008,2.08,NSO published (national vital statistics / Eurostat),,2026-06-15,HIGH,NSO_TFR_RESOURCE_2026_06,2026-06-15,Δ vs WPP -0.08
COL,2009,2.03,NSO published (national vital statistics / Eurostat),,2026-06-15,HIGH,NSO_TFR_RESOURCE_2026_06,2026-06-15,Δ vs WPP -0.07
COL,2010,1.99,NSO published (national vital statistics / Eurostat),,2026-06-15,HIGH,NSO_TFR_RESOURCE_2026_06,2026-06-15,Δ vs WPP -0.02
COL,2011,1.96,NSO published (national vital statistics / Eurostat),,2026-06-15,HIGH,NSO_TFR_RESOURCE_2026_06,2026-06-15,Δ vs WPP +0.02
COL,2012,1.93,NSO published (national vital statistics / Eurostat),,2026-06-15,HIGH,NSO_TFR_RESOURCE_2026_06,2026-06-15,Δ vs WPP +0.03
COL,2013,1.9,NSO published (national vital statistics / Eurostat),,2026-06-15,HIGH,NSO_TFR_RESOURCE_2026_06,2026-06-15,Δ vs WPP +0.04
COL,2014,1.88,NSO published (national vital statistics / Eurostat),,2026-06-15,HIGH,NSO_TFR_RESOURCE_2026_06,2026-06-15,Δ vs WPP +0.06
COL,2015,1.86,NSO published (national vital statistics / Eurostat),,2026-06-15,HIGH,NSO_TFR_RESOURCE_2026_06,2026-06-15,Δ vs WPP +0.09
COL,2016,1.84,Wikipedia: Demographics of [COL] (vital statistics),,2026-05-13,HIGH,EDITOR_DECISION_2026_05_v2,2026-05-13,Δ vs WPP -0.03
COL,2017,1.82,Wikipedia: Demographics of [COL] (vital statistics),,2026-05-13,HIGH,EDITOR_DECISION_2026_05_v2,2026-05-13,Δ vs WPP -0.03
COL,2018,1.79,Wikipedia: Demographics of [COL] (vital statistics),,2026-05-13,HIGH,EDITOR_DECISION_2026_05_v2,2026-05-13,Δ vs WPP -0.06
COL,2019,1.76,Wikipedia: Demographics of [COL] (vital statistics),,2026-05-13,HIGH,EDITOR_DECISION_2026_05_v2,2026-05-13,Δ vs WPP -0.12
COL,2020,1.74,Wikipedia: Demographics of [COL] (vital statistics),,2026-05-13,HIGH,EDITOR_DECISION_2026_05_v2,2026-05-13,Δ vs WPP -0.16
COL,2021,1.72,Wikipedia: Demographics of [COL] (vital statistics),,2026-05-13,HIGH,EDITOR_DECISION_2026_05_v2,2026-05-13,Δ vs WPP -0.18
COL,2022,1.69,Wikipedia: Demographics of [COL] (vital statistics),,2026-05-13,HIGH,EDITOR_DECISION_2026_05_v2,2026-05-13,Δ vs WPP -0.28
COL,2023,1.23,Wikipedia: Demographics of [COL] (vital statistics),,2026-05-13,HIGH,EDITOR_DECISION_2026_05_v2,2026-05-13,Δ vs WPP -0.42
COL,2024,1.07,Wikipedia: Demographics of [COL] (vital statistics),,2026-05-13,MEDIUM,EDITOR_DECISION_2026_05_v2,2026-05-13,Δ vs WPP -0.56. Editor certainty: Recheck
COL,2025,1.01,Wikipedia: Demographics of [COL] (vital statistics),,2026-05-13,MEDIUM,EDITOR_DECISION_2026_05_v2,2026-05-13,Δ vs WPP -0.61. Editor certainty: Recheck
CPV,2000,4,NSO published (national vital statistics / Eurostat),,2026-06-15,HIGH,NSO_TFR_RESOURCE_2026_06,2026-06-15,Δ vs WPP +0.45
CPV,2006,2.443,NSO published (national vital statistics / Eurostat),,2026-06-15,HIGH,NSO_TFR_RESOURCE_2026_06,2026-06-15,Δ vs WPP -0.11
CPV,2007,2.575,INE Cabo Verde,https://ine.cv/,2026-05-13,HIGH,EDITOR_DECISION_2026_05_v2,2026-05-13,Pre-2016 override (editor matrix start year: 2007)
CPV,2008,2.429,INE Cabo Verde,https://ine.cv/,2026-05-13,HIGH,EDITOR_DECISION_2026_05_v2,2026-05-13,Pre-2016 override (editor matrix start year: 2007)
CPV,2009,2.334,INE Cabo Verde,https://ine.cv/,2026-05-13,HIGH,EDITOR_DECISION_2026_05_v2,2026-05-13,Pre-2016 override (editor matrix start year: 2007)
CPV,2010,2.535,INE Cabo Verde,https://ine.cv/,2026-05-13,HIGH,EDITOR_DECISION_2026_05_v2,2026-05-13,Pre-2016 override (editor matrix start year: 2007)
CPV,2011,2.59,INE Cabo Verde,https://ine.cv/,2026-05-13,HIGH,EDITOR_DECISION_2026_05_v2,2026-05-13,Pre-2016 override (editor matrix start year: 2007)
CPV,2012,2.42,INE Cabo Verde,https://ine.cv/,2026-05-13,HIGH,EDITOR_DECISION_2026_05_v2,2026-05-13,Pre-2016 override (editor matrix start year: 2007)
CPV,2013,2.358,INE Cabo Verde,https://ine.cv/,2026-05-13,HIGH,EDITOR_DECISION_2026_05_v2,2026-05-13,Pre-2016 override (editor matrix start year: 2007)
CPV,2014,2.356,INE Cabo Verde,https://ine.cv/,2026-05-13,HIGH,EDITOR_DECISION_2026_05_v2,2026-05-13,Pre-2016 override (editor matrix start year: 2007)
CPV,2015,2.33,INE Cabo Verde,https://ine.cv/,2026-05-13,HIGH,EDITOR_DECISION_2026_05_v2,2026-05-13,Pre-2016 override (editor matrix start year: 2007)
CPV,2016,2.389,INE Cabo Verde,https://ine.cv/,2026-05-13,HIGH,EDITOR_DECISION_2026_05_v2,2026-05-13,Δ vs WPP +0.42. Editor certainty: Materially Higher
CPV,2017,2.4,INE Cabo Verde,https://ine.cv/,2026-05-13,HIGH,EDITOR_DECISION_2026_05_v2,2026-05-13,Δ vs WPP +0.47. Editor certainty: Materially Higher
CPV,2018,2.327,INE Cabo Verde,https://ine.cv/,2026-05-13,HIGH,EDITOR_DECISION_2026_05_v2,2026-05-13,Δ vs WPP +0.53. Editor certainty: Materially Higher
CPV,2019,2.286,INE Cabo Verde,https://ine.cv/,2026-05-13,HIGH,EDITOR_DECISION_2026_05_v2,2026-05-13,Δ vs WPP +0.59. Editor certainty: Materially Higher
CPV,2020,2.28,INE Cabo Verde,https://ine.cv/,2026-05-13,HIGH,EDITOR_DECISION_2026_05_v2,2026-05-13,Δ vs WPP +0.69. Editor certainty: Materially Higher
CPV,2021,2.147,INE Cabo Verde,https://ine.cv/,2026-05-13,HIGH,EDITOR_DECISION_2026_05_v2,2026-05-13,Δ vs WPP +0.60. Editor certainty: Materially Higher
CPV,2022,2.008,INE Cabo Verde,https://ine.cv/,2026-05-13,HIGH,EDITOR_DECISION_2026_05_v2,2026-05-13,Δ vs WPP +0.48. Editor certainty: Materially Higher
CPV,2023,1.68,"Wikipedia (TFR from observed births × local-window ratio, outlier-filtered)",,2026-05-14,HIGH,CALCNEW_V7_FRESH,2026-05-14,"Calc New v7 (v7_births_5anchor_±5y). R=0.000249, anchors=[(2018, 9551.0, 2.327, 0.00024364), (2019, 9284.0, 2.286, 0.00024623), (2020, 9211.0, 2.28, 0.00024753), (2021, 8607.0, 2.147, 0.00024945), (2022, 7981.0, 2.008, 0.0002516)], dropped=[], window=±5y. Wiki-observed births 2023: 6,760."
CPV,2024,1.91,Wikipedia (bidirectional TFR interpolation),,2026-05-14,MEDIUM,CALCNEW_V7_FRESH,2026-05-14,Calc New v7 (tfr_extrap_fwd). 
CPV,2025,1.86,Wikipedia (bidirectional TFR interpolation),,2026-05-14,MEDIUM,CALCNEW_V7_FRESH,2026-05-14,Calc New v7 (tfr_extrap_fwd). 
CRI,2016,1.71,Wikipedia: Demographics of [CRI] (vital statistics),,2026-05-13,HIGH,EDITOR_DECISION_2026_05_v2,2026-05-13,Δ vs WPP -0.04
CRI,2017,1.67,Wikipedia: Demographics of [CRI] (vital statistics),,2026-05-13,HIGH,EDITOR_DECISION_2026_05_v2,2026-05-13,Δ vs WPP -0.04
CRI,2018,1.66,Wikipedia: Demographics of [CRI] (vital statistics),,2026-05-13,HIGH,EDITOR_DECISION_2026_05_v2,2026-05-13,Δ vs WPP -0.05
CRI,2019,1.56,Wikipedia: Demographics of [CRI] (vital statistics),,2026-05-13,HIGH,EDITOR_DECISION_2026_05_v2,2026-05-13,Δ vs WPP -0.04
CRI,2020,1.41,Wikipedia: Demographics of [CRI] (vital statistics),,2026-05-13,HIGH,EDITOR_DECISION_2026_05_v2,2026-05-13,Δ vs WPP -0.04
CRI,2021,1.32,Wikipedia: Demographics of [CRI] (vital statistics),,2026-05-13,HIGH,EDITOR_DECISION_2026_05_v2,2026-05-13,Δ vs WPP -0.03
CRI,2022,1.3,Wikipedia: Demographics of [CRI] (vital statistics),,2026-05-13,HIGH,EDITOR_DECISION_2026_05_v2,2026-05-13,Δ vs WPP -0.03
CRI,2023,1.19,Wikipedia: Demographics of [CRI] (vital statistics),,2026-05-13,HIGH,EDITOR_DECISION_2026_05_v2,2026-05-13,Δ vs WPP -0.14
CRI,2024,1.12,Wikipedia: Demographics of [CRI] (vital statistics),,2026-05-13,MEDIUM,EDITOR_DECISION_2026_05_v2,2026-05-13,Δ vs WPP -0.20. Editor certainty: Recheck
CRI,2025,1.12,Wikipedia: Demographics of [CRI] (vital statistics),,2026-05-13,MEDIUM,EDITOR_DECISION_2026_05_v2,2026-05-13,Δ vs WPP -0.19. Editor certainty: Recheck
CUB,2008,1.6,NSO published (national vital statistics / Eurostat),,2026-06-15,HIGH,NSO_TFR_RESOURCE_2026_06,2026-06-15,Δ vs WPP +0.02
CUB,2009,1.7,NSO published (national vital statistics / Eurostat),,2026-06-15,HIGH,NSO_TFR_RESOURCE_2026_06,2026-06-15,Δ vs WPP +0.02
CUB,2010,1.69,NSO published (national vital statistics / Eurostat),,2026-06-15,HIGH,NSO_TFR_RESOURCE_2026_06,2026-06-15,Δ vs WPP +0.02
CUB,2011,1.77,NSO published (national vital statistics / Eurostat),,2026-06-15,HIGH,NSO_TFR_RESOURCE_2026_06,2026-06-15,Δ vs WPP +0.04
CUB,2012,1.69,NSO published (national vital statistics / Eurostat),,2026-06-15,HIGH,NSO_TFR_RESOURCE_2026_06,2026-06-15,Δ vs WPP +0.02
CUB,2013,1.71,NSO published (national vital statistics / Eurostat),,2026-06-15,HIGH,NSO_TFR_RESOURCE_2026_06,2026-06-15,Δ vs WPP +0.03
CUB,2014,1.68,NSO published (national vital statistics / Eurostat),,2026-06-15,HIGH,NSO_TFR_RESOURCE_2026_06,2026-06-15,Δ vs WPP +0.02
CUB,2015,1.72,NSO published (national vital statistics / Eurostat),,2026-06-15,HIGH,NSO_TFR_RESOURCE_2026_06,2026-06-15,Δ vs WPP +0.03
CUB,2016,1.63,Wikipedia: Demographics of [CUB] (vital statistics),,2026-05-13,HIGH,EDITOR_DECISION_2026_05_v2,2026-05-13,Δ vs WPP +0.03
CUB,2017,1.61,Wikipedia: Demographics of [CUB] (vital statistics),,2026-05-13,HIGH,EDITOR_DECISION_2026_05_v2,2026-05-13,Δ vs WPP +0.03
CUB,2018,1.65,Wikipedia: Demographics of [CUB] (vital statistics),,2026-05-13,HIGH,EDITOR_DECISION_2026_05_v2,2026-05-13,Δ vs WPP +0.04
CUB,2019,1.57,Wikipedia: Demographics of [CUB] (vital statistics),,2026-05-13,HIGH,EDITOR_DECISION_2026_05_v2,2026-05-13,Δ vs WPP +0.03
CUB,2020,1.52,Wikipedia: Demographics of [CUB] (vital statistics),,2026-05-13,HIGH,EDITOR_DECISION_2026_05_v2,2026-05-13,Δ vs WPP +0.03
CUB,2021,1.45,Wikipedia: Demographics of [CUB] (vital statistics),,2026-05-13,HIGH,EDITOR_DECISION_2026_05_v2,2026-05-13,Δ vs WPP +0.02
CUB,2022,1.41,NSO published (national vital statistics / Eurostat),,2026-06-15,HIGH,NSO_TFR_RESOURCE_2026_06,2026-06-15,Δ vs WPP -0.00
CUB,2023,1.54,Wikipedia: Demographics of [CUB] (vital statistics),,2026-05-13,HIGH,EDITOR_DECISION_2026_05_v2,2026-05-13,Δ vs WPP +0.10
CUB,2024,1.3,Wikipedia: Demographics of [CUB] (vital statistics),,2026-05-13,MEDIUM,EDITOR_DECISION_2026_05_v2,2026-05-13,Δ vs WPP -0.15. Editor certainty: Recheck
CUB,2025,1.14,"Wikipedia (TFR from observed births × local-window ratio, outlier-filtered)",,2026-05-14,HIGH,CALCNEW_V7_FRESH,2026-05-14,"Calc New v7 (v7_births_5anchor_±5y). R=0.000017, anchors=[(2020, 105038.0, 1.52, 1.447e-05), (2021, 99096.0, 1.45, 1.463e-05), (2022, 95403.0, 1.41, 1.478e-05), (2023, 90392.0, 1.54, 1.704e-05), (2024, 71374.0, 1.3, 1.821e-05)], dropped=[], window=±5y. Wiki-observed births 2025: 68,051."
CYP,2016,1.36,NSO published (national vital statistics / Eurostat),,2026-06-15,HIGH,NSO_TFR_RESOURCE_2026_06,2026-06-15,Δ vs WPP +0.00
CYP,2017,1.34,NSO published (national vital statistics / Eurostat),,2026-06-15,HIGH,NSO_TFR_RESOURCE_2026_06,2026-06-15,Δ vs WPP +0.02
CYP,2018,1.36,NSO published (national vital statistics / Eurostat),,2026-06-15,HIGH,NSO_TFR_RESOURCE_2026_06,2026-06-15,Δ vs WPP +0.04
CYP,2019,1.4,NSO published (national vital statistics / Eurostat),,2026-06-15,HIGH,NSO_TFR_RESOURCE_2026_06,2026-06-15,Δ vs WPP +0.07
CYP,2020,1.36,NSO published (national vital statistics / Eurostat),,2026-06-15,HIGH,NSO_TFR_RESOURCE_2026_06,2026-06-15,Δ vs WPP -0.00
CYP,2021,1.39,NSO published (national vital statistics / Eurostat),,2026-06-15,HIGH,NSO_TFR_RESOURCE_2026_06,2026-06-15,Δ vs WPP -0.00
CYP,2022,1.37,NSO published (national vital statistics / Eurostat),,2026-06-15,HIGH,NSO_TFR_RESOURCE_2026_06,2026-06-15,Δ vs WPP -0.02
CYP,2023,1.4,NSO published (national vital statistics / Eurostat),,2026-06-15,HIGH,NSO_TFR_RESOURCE_2026_06,2026-06-15,Δ vs WPP +0.01
CYP,2024,1.38,NSO published (national vital statistics / Eurostat),,2026-06-15,HIGH,NSO_TFR_RESOURCE_2026_06,2026-06-15,Δ vs WPP +0.00
CZE,1965,2.178,NSO published (national vital statistics / Eurostat),,2026-06-15,HIGH,NSO_TFR_RESOURCE_2026_06,2026-06-15,Δ vs WPP -0.01
CZE,1966,2.01,NSO published (national vital statistics / Eurostat),,2026-06-15,HIGH,NSO_TFR_RESOURCE_2026_06,2026-06-15,Δ vs WPP -0.02
CZE,1967,1.9,NSO published (national vital statistics / Eurostat),,2026-06-15,HIGH,NSO_TFR_RESOURCE_2026_06,2026-06-15,Δ vs WPP -0.02
CZE,1968,1.83,NSO published (national vital statistics / Eurostat),,2026-06-15,HIGH,NSO_TFR_RESOURCE_2026_06,2026-06-15,Δ vs WPP -0.02
CZE,1969,1.86,NSO published (national vital statistics / Eurostat),,2026-06-15,HIGH,NSO_TFR_RESOURCE_2026_06,2026-06-15,Δ vs WPP -0.02
CZE,1970,1.91,NSO published (national vital statistics / Eurostat),,2026-06-15,HIGH,NSO_TFR_RESOURCE_2026_06,2026-06-15,Δ vs WPP -0.01
CZE,1971,1.98,NSO published (national vital statistics / Eurostat),,2026-06-15,HIGH,NSO_TFR_RESOURCE_2026_06,2026-06-15,Δ vs WPP -0.01
CZE,1972,2.07,NSO published (national vital statistics / Eurostat),,2026-06-15,HIGH,NSO_TFR_RESOURCE_2026_06,2026-06-15,Δ vs WPP -0.02
CZE,1973,2.29,NSO published (national vital statistics / Eurostat),,2026-06-15,HIGH,NSO_TFR_RESOURCE_2026_06,2026-06-15,Δ vs WPP -0.02
CZE,1974,2.43,NSO published (national vital statistics / Eurostat),,2026-06-15,HIGH,NSO_TFR_RESOURCE_2026_06,2026-06-15,Δ vs WPP -0.03
CZE,1975,2.4,NSO published (national vital statistics / Eurostat),,2026-06-15,HIGH,NSO_TFR_RESOURCE_2026_06,2026-06-15,Δ vs WPP -0.03
CZE,1976,2.36,NSO published (national vital statistics / Eurostat),,2026-06-15,HIGH,NSO_TFR_RESOURCE_2026_06,2026-06-15,Δ vs WPP -0.03
CZE,1977,2.32,NSO published (national vital statistics / Eurostat),,2026-06-15,HIGH,NSO_TFR_RESOURCE_2026_06,2026-06-15,Δ vs WPP -0.02
CZE,1978,2.32,NSO published (national vital statistics / Eurostat),,2026-06-15,HIGH,NSO_TFR_RESOURCE_2026_06,2026-06-15,Δ vs WPP -0.01
CZE,1979,2.29,NSO published (national vital statistics / Eurostat),,2026-06-15,HIGH,NSO_TFR_RESOURCE_2026_06,2026-06-15,Δ vs WPP +0.02
CZE,1980,2.1,NSO published (national vital statistics / Eurostat),,2026-06-15,HIGH,NSO_TFR_RESOURCE_2026_06,2026-06-15,Δ vs WPP +0.02
CZE,1981,2.02,NSO published (national vital statistics / Eurostat),,2026-06-15,HIGH,NSO_TFR_RESOURCE_2026_06,2026-06-15,Δ vs WPP +0.03
CZE,1982,2.01,NSO published (national vital statistics / Eurostat),,2026-06-15,HIGH,NSO_TFR_RESOURCE_2026_06,2026-06-15,Δ vs WPP +0.01
CZE,1983,1.96,NSO published (national vital statistics / Eurostat),,2026-06-15,HIGH,NSO_TFR_RESOURCE_2026_06,2026-06-15,Δ vs WPP -0.01
CZE,1984,1.97,NSO published (national vital statistics / Eurostat),,2026-06-15,HIGH,NSO_TFR_RESOURCE_2026_06,2026-06-15,Δ vs WPP +0.00
CZE,1985,1.96,NSO published (national vital statistics / Eurostat),,2026-06-15,HIGH,NSO_TFR_RESOURCE_2026_06,2026-06-15,Δ vs WPP +0.01
CZE,1986,1.94,NSO published (national vital statistics / Eurostat),,2026-06-15,HIGH,NSO_TFR_RESOURCE_2026_06,2026-06-15,Δ vs WPP +0.02
CZE,1987,1.91,NSO published (national vital statistics / Eurostat),,2026-06-15,HIGH,NSO_TFR_RESOURCE_2026_06,2026-06-15,Δ vs WPP +0.01
CZE,1988,1.94,NSO published (national vital statistics / Eurostat),,2026-06-15,HIGH,NSO_TFR_RESOURCE_2026_06,2026-06-15,Δ vs WPP +0.01
CZE,1989,1.87,NSO published (national vital statistics / Eurostat),,2026-06-15,HIGH,NSO_TFR_RESOURCE_2026_06,2026-06-15,Δ vs WPP +0.00
CZE,1990,1.89,NSO published (national vital statistics / Eurostat),,2026-06-15,HIGH,NSO_TFR_RESOURCE_2026_06,2026-06-15,Δ vs WPP +0.01
CZE,1991,1.86,NSO published (national vital statistics / Eurostat),,2026-06-15,HIGH,NSO_TFR_RESOURCE_2026_06,2026-06-15,Δ vs WPP +0.02
CZE,1992,1.71,NSO published (national vital statistics / Eurostat),,2026-06-15,HIGH,NSO_TFR_RESOURCE_2026_06,2026-06-15,Δ vs WPP +0.00
CZE,1993,1.67,NSO published (national vital statistics / Eurostat),,2026-06-15,HIGH,NSO_TFR_RESOURCE_2026_06,2026-06-15,Δ vs WPP +0.02
CZE,1994,1.44,NSO published (national vital statistics / Eurostat),,2026-06-15,HIGH,NSO_TFR_RESOURCE_2026_06,2026-06-15,Δ vs WPP +0.00
CZE,1995,1.28,NSO published (national vital statistics / Eurostat),,2026-06-15,HIGH,NSO_TFR_RESOURCE_2026_06,2026-06-15,Δ vs WPP +0.00
CZE,1996,1.19,NSO published (national vital statistics / Eurostat),,2026-06-15,HIGH,NSO_TFR_RESOURCE_2026_06,2026-06-15,Δ vs WPP +0.00
CZE,1997,1.17,NSO published (national vital statistics / Eurostat),,2026-06-15,HIGH,NSO_TFR_RESOURCE_2026_06,2026-06-15,Δ vs WPP -0.00
CZE,1998,1.16,NSO published (national vital statistics / Eurostat),,2026-06-15,HIGH,NSO_TFR_RESOURCE_2026_06,2026-06-15,Δ vs WPP +0.00
CZE,1999,1.13,NSO published (national vital statistics / Eurostat),,2026-06-15,HIGH,NSO_TFR_RESOURCE_2026_06,2026-06-15,Δ vs WPP -0.01
CZE,2000,1.14,NSO published (national vital statistics / Eurostat),,2026-06-15,HIGH,NSO_TFR_RESOURCE_2026_06,2026-06-15,Δ vs WPP -0.01
CZE,2001,1.14,NSO published (national vital statistics / Eurostat),,2026-06-15,HIGH,NSO_TFR_RESOURCE_2026_06,2026-06-15,Δ vs WPP -0.01
CZE,2002,1.17,NSO published (national vital statistics / Eurostat),,2026-06-15,HIGH,NSO_TFR_RESOURCE_2026_06,2026-06-15,Δ vs WPP +0.00
CZE,2003,1.18,NSO published (national vital statistics / Eurostat),,2026-06-15,HIGH,NSO_TFR_RESOURCE_2026_06,2026-06-15,Δ vs WPP +0.00
CZE,2004,1.23,NSO published (national vital statistics / Eurostat),,2026-06-15,HIGH,NSO_TFR_RESOURCE_2026_06,2026-06-15,Δ vs WPP +0.00
CZE,2005,1.28,NSO published (national vital statistics / Eurostat),,2026-06-15,HIGH,NSO_TFR_RESOURCE_2026_06,2026-06-15,Δ vs WPP -0.00
CZE,2006,1.33,NSO published (national vital statistics / Eurostat),,2026-06-15,HIGH,NSO_TFR_RESOURCE_2026_06,2026-06-15,Δ vs WPP -0.00
CZE,2007,1.44,NSO published (national vital statistics / Eurostat),,2026-06-15,HIGH,NSO_TFR_RESOURCE_2026_06,2026-06-15,Δ vs WPP -0.00
CZE,2008,1.5,NSO published (national vital statistics / Eurostat),,2026-06-15,HIGH,NSO_TFR_RESOURCE_2026_06,2026-06-15,Δ vs WPP -0.01
CZE,2009,1.49,NSO published (national vital statistics / Eurostat),,2026-06-15,HIGH,NSO_TFR_RESOURCE_2026_06,2026-06-15,Δ vs WPP -0.02
CZE,2010,1.49,NSO published (national vital statistics / Eurostat),,2026-06-15,HIGH,NSO_TFR_RESOURCE_2026_06,2026-06-15,Δ vs WPP -0.02
CZE,2011,1.43,NSO published (national vital statistics / Eurostat),,2026-06-15,HIGH,NSO_TFR_RESOURCE_2026_06,2026-06-15,Δ vs WPP +0.00
CZE,2012,1.45,NSO published (national vital statistics / Eurostat),,2026-06-15,HIGH,NSO_TFR_RESOURCE_2026_06,2026-06-15,Δ vs WPP +0.00
CZE,2013,1.46,NSO published (national vital statistics / Eurostat),,2026-06-15,HIGH,NSO_TFR_RESOURCE_2026_06,2026-06-15,Δ vs WPP +0.00
CZE,2014,1.53,NSO published (national vital statistics / Eurostat),,2026-06-15,HIGH,NSO_TFR_RESOURCE_2026_06,2026-06-15,Δ vs WPP +0.00
CZE,2015,1.57,NSO published (national vital statistics / Eurostat),,2026-06-15,HIGH,NSO_TFR_RESOURCE_2026_06,2026-06-15,Δ vs WPP -0.02
CZE,2016,1.63,Wikipedia: Demographics of [CZE] (vital statistics),,2026-05-13,HIGH,EDITOR_DECISION_2026_05_v2,2026-05-13,Δ vs WPP -0.02
CZE,2017,1.69,Wikipedia: Demographics of [CZE] (vital statistics),,2026-05-13,HIGH,EDITOR_DECISION_2026_05_v2,2026-05-13,Δ vs WPP -0.02
CZE,2018,1.71,Wikipedia: Demographics of [CZE] (vital statistics),,2026-05-13,HIGH,EDITOR_DECISION_2026_05_v2,2026-05-13,Δ vs WPP -0.03
CZE,2019,1.71,Wikipedia: Demographics of [CZE] (vital statistics),,2026-05-13,HIGH,EDITOR_DECISION_2026_05_v2,2026-05-13,Δ vs WPP -0.04
CZE,2020,1.71,Wikipedia: Demographics of [CZE] (vital statistics),,2026-05-13,HIGH,EDITOR_DECISION_2026_05_v2,2026-05-13,Δ vs WPP -0.05
CZE,2021,1.83,NSO published (national vital statistics / Eurostat),,2026-06-15,HIGH,NSO_TFR_RESOURCE_2026_06,2026-06-15,Δ vs WPP +0.01
CZE,2022,1.64,NSO published (national vital statistics / Eurostat),,2026-06-15,HIGH,NSO_TFR_RESOURCE_2026_06,2026-06-15,Δ vs WPP +0.02
CZE,2023,1.45,NSO published (national vital statistics / Eurostat),,2026-06-15,HIGH,NSO_TFR_RESOURCE_2026_06,2026-06-15,Δ vs WPP +0.00
CZE,2024,1.37,Wikipedia: Demographics of [CZE] (vital statistics),,2026-05-13,MEDIUM,EDITOR_DECISION_2026_05_v2,2026-05-13,Δ vs WPP -0.09. Editor certainty: Recheck
CZE,2025,1.32,Wikipedia (bidirectional TFR interpolation),,2026-05-14,MEDIUM,CALCNEW_V7_FRESH,2026-05-14,Calc New v7 (tfr_extrap_fwd). 
DEU,2016,1.6,NSO published (national vital statistics / Eurostat),,2026-06-15,HIGH,NSO_TFR_RESOURCE_2026_06,2026-06-15,Δ vs WPP +0.01
DEU,2017,1.57,NSO published (national vital statistics / Eurostat),,2026-06-15,HIGH,NSO_TFR_RESOURCE_2026_06,2026-06-15,Δ vs WPP +0.00
DEU,2018,1.57,NSO published (national vital statistics / Eurostat),,2026-06-15,HIGH,NSO_TFR_RESOURCE_2026_06,2026-06-15,Δ vs WPP +0.00
DEU,2019,1.54,NSO published (national vital statistics / Eurostat),,2026-06-15,HIGH,NSO_TFR_RESOURCE_2026_06,2026-06-15,Δ vs WPP -0.00
DEU,2020,1.53,NSO published (national vital statistics / Eurostat),,2026-06-15,HIGH,NSO_TFR_RESOURCE_2026_06,2026-06-15,Δ vs WPP -0.00
DEU,2021,1.58,NSO published (national vital statistics / Eurostat),,2026-06-15,HIGH,NSO_TFR_RESOURCE_2026_06,2026-06-15,Δ vs WPP +0.00
DEU,2022,1.46,Wikipedia: Demographics of [DEU] (vital statistics),,2026-05-13,HIGH,EDITOR_DECISION_2026_05_v2,2026-05-13,Δ vs WPP +0.03
DEU,2023,1.39,NSO published (national vital statistics / Eurostat),,2026-06-15,HIGH,NSO_TFR_RESOURCE_2026_06,2026-06-15,Δ vs WPP -0.05
DEU,2024,1.36,Wikipedia: Demographics of [DEU] (vital statistics),,2026-05-13,HIGH,EDITOR_DECISION_2026_05_v2,2026-05-13,Δ vs WPP -0.03
DEU,2025,1.31,Wikipedia: Demographics of [DEU] (vital statistics),,2026-05-13,MEDIUM,EDITOR_DECISION_2026_05_v2,2026-05-13,Δ vs WPP -0.15. Editor certainty: Recheck
DNK,2016,1.79,NSO published (national vital statistics / Eurostat),,2026-06-15,HIGH,NSO_TFR_RESOURCE_2026_06,2026-06-15,Δ vs WPP +0.02
DNK,2017,1.75,NSO published (national vital statistics / Eurostat),,2026-06-15,HIGH,NSO_TFR_RESOURCE_2026_06,2026-06-15,Δ vs WPP +0.00
DNK,2018,1.73,NSO published (national vital statistics / Eurostat),,2026-06-15,HIGH,NSO_TFR_RESOURCE_2026_06,2026-06-15,Δ vs WPP +0.00
DNK,2019,1.7,NSO published (national vital statistics / Eurostat),,2026-06-15,HIGH,NSO_TFR_RESOURCE_2026_06,2026-06-15,Δ vs WPP +0.00
DNK,2020,1.68,NSO published (national vital statistics / Eurostat),,2026-06-15,HIGH,NSO_TFR_RESOURCE_2026_06,2026-06-15,Δ vs WPP +0.00
DNK,2021,1.72,NSO published (national vital statistics / Eurostat),,2026-06-15,HIGH,NSO_TFR_RESOURCE_2026_06,2026-06-15,Δ vs WPP -0.01
DNK,2022,1.55,NSO published (national vital statistics / Eurostat),,2026-06-15,HIGH,NSO_TFR_RESOURCE_2026_06,2026-06-15,Δ vs WPP -0.01
DNK,2023,1.5,NSO published (national vital statistics / Eurostat),,2026-06-15,HIGH,NSO_TFR_RESOURCE_2026_06,2026-06-15,Δ vs WPP -0.01
DNK,2024,1.47,NSO published (national vital statistics / Eurostat),,2026-06-15,HIGH,NSO_TFR_RESOURCE_2026_06,2026-06-15,Δ vs WPP -0.05
DOM,2001,2.571,ONE Dominican Republic,https://www.one.gob.do/,2026-05-13,HIGH,EDITOR_DECISION_2026_05_v2,2026-05-13,Pre-2016 override (editor matrix start year: 2001)
DOM,2002,2.494,ONE Dominican Republic,https://www.one.gob.do/,2026-05-13,HIGH,EDITOR_DECISION_2026_05_v2,2026-05-13,Pre-2016 override (editor matrix start year: 2001)
DOM,2003,2.272,ONE Dominican Republic,https://www.one.gob.do/,2026-05-13,HIGH,EDITOR_DECISION_2026_05_v2,2026-05-13,Pre-2016 override (editor matrix start year: 2001)
DOM,2004,2.142,ONE Dominican Republic,https://www.one.gob.do/,2026-05-13,HIGH,EDITOR_DECISION_2026_05_v2,2026-05-13,Pre-2016 override (editor matrix start year: 2001)
DOM,2005,2.086,ONE Dominican Republic,https://www.one.gob.do/,2026-05-13,HIGH,EDITOR_DECISION_2026_05_v2,2026-05-13,Pre-2016 override (editor matrix start year: 2001)
DOM,2006,1.974,ONE Dominican Republic,https://www.one.gob.do/,2026-05-13,HIGH,EDITOR_DECISION_2026_05_v2,2026-05-13,Pre-2016 override (editor matrix start year: 2001)
DOM,2007,1.941,ONE Dominican Republic,https://www.one.gob.do/,2026-05-13,HIGH,EDITOR_DECISION_2026_05_v2,2026-05-13,Pre-2016 override (editor matrix start year: 2001)
DOM,2008,2.025,ONE Dominican Republic,https://www.one.gob.do/,2026-05-13,HIGH,EDITOR_DECISION_2026_05_v2,2026-05-13,Pre-2016 override (editor matrix start year: 2001)
DOM,2009,2.055,ONE Dominican Republic,https://www.one.gob.do/,2026-05-13,HIGH,EDITOR_DECISION_2026_05_v2,2026-05-13,Pre-2016 override (editor matrix start year: 2001)
DOM,2010,2.054,ONE Dominican Republic,https://www.one.gob.do/,2026-05-13,HIGH,EDITOR_DECISION_2026_05_v2,2026-05-13,Pre-2016 override (editor matrix start year: 2001)
DOM,2011,2.116,ONE Dominican Republic,https://www.one.gob.do/,2026-05-13,HIGH,EDITOR_DECISION_2026_05_v2,2026-05-13,Pre-2016 override (editor matrix start year: 2001)
DOM,2012,2.028,ONE Dominican Republic,https://www.one.gob.do/,2026-05-13,HIGH,EDITOR_DECISION_2026_05_v2,2026-05-13,Pre-2016 override (editor matrix start year: 2001)
DOM,2013,2.036,ONE Dominican Republic,https://www.one.gob.do/,2026-05-13,HIGH,EDITOR_DECISION_2026_05_v2,2026-05-13,Pre-2016 override (editor matrix start year: 2001)
DOM,2014,2.065,ONE Dominican Republic,https://www.one.gob.do/,2026-05-13,HIGH,EDITOR_DECISION_2026_05_v2,2026-05-13,Pre-2016 override (editor matrix start year: 2001)
DOM,2015,1.998,ONE Dominican Republic,https://www.one.gob.do/,2026-05-13,HIGH,EDITOR_DECISION_2026_05_v2,2026-05-13,Pre-2016 override (editor matrix start year: 2001)
DOM,2016,1.883,ONE Dominican Republic,https://www.one.gob.do/,2026-05-13,HIGH,EDITOR_DECISION_2026_05_v2,2026-05-13,Δ vs WPP -0.53. Editor certainty: Materially Lower
DOM,2017,1.982,ONE Dominican Republic,https://www.one.gob.do/,2026-05-13,HIGH,EDITOR_DECISION_2026_05_v2,2026-05-13,Δ vs WPP -0.42. Editor certainty: Materially Lower
DOM,2018,2.057,ONE Dominican Republic,https://www.one.gob.do/,2026-05-13,HIGH,EDITOR_DECISION_2026_05_v2,2026-05-13,Δ vs WPP -0.34. Editor certainty: Materially Lower
DOM,2019,2.09,ONE Dominican Republic,https://www.one.gob.do/,2026-05-13,HIGH,EDITOR_DECISION_2026_05_v2,2026-05-13,Δ vs WPP -0.28. Editor certainty: Materially Lower
DOM,2020,1.878,ONE Dominican Republic,https://www.one.gob.do/,2026-05-13,HIGH,EDITOR_DECISION_2026_05_v2,2026-05-13,Δ vs WPP -0.45. Editor certainty: Materially Lower
DOM,2021,1.972,ONE Dominican Republic,https://www.one.gob.do/,2026-05-13,HIGH,EDITOR_DECISION_2026_05_v2,2026-05-13,Δ vs WPP -0.32. Editor certainty: Materially Lower
DOM,2022,1.964,ONE Dominican Republic,https://www.one.gob.do/,2026-05-13,HIGH,EDITOR_DECISION_2026_05_v2,2026-05-13,Δ vs WPP -0.31. Editor certainty: Materially Lower
DOM,2023,1.82,ONE Dominican Republic,https://www.one.gob.do/,2026-05-13,HIGH,EDITOR_DECISION_2026_05_v2,2026-05-13,Δ vs WPP -0.42. Editor certainty: Materially Lower
DOM,2024,1.606,ONE Dominican Republic,https://www.one.gob.do/,2026-05-13,HIGH,EDITOR_DECISION_2026_05_v2,2026-05-13,Δ vs WPP -0.61. Editor certainty: Materially Lower
DOM,2025,1.56,Wikipedia (bidirectional TFR interpolation),,2026-05-14,MEDIUM,CALCNEW_V7_FRESH,2026-05-14,Calc New v7 (tfr_extrap_fwd). 
DZA,1990,4.5,NSO published (national vital statistics / Eurostat),,2026-06-15,HIGH,NSO_TFR_RESOURCE_2026_06,2026-06-15,Δ vs WPP -0.01
DZA,2000,2.4,NSO published (national vital statistics / Eurostat),,2026-06-15,HIGH,NSO_TFR_RESOURCE_2026_06,2026-06-15,Δ vs WPP -0.19
DZA,2002,2.48,NSO published (national vital statistics / Eurostat),,2026-06-15,HIGH,NSO_TFR_RESOURCE_2026_06,2026-06-15,Δ vs WPP +0.05
DZA,2003,2.53,NSO published (national vital statistics / Eurostat),,2026-06-15,HIGH,NSO_TFR_RESOURCE_2026_06,2026-06-15,Δ vs WPP +0.08
DZA,2005,2.52,NSO published (national vital statistics / Eurostat),,2026-06-15,HIGH,NSO_TFR_RESOURCE_2026_06,2026-06-15,Δ vs WPP -0.04
DZA,2008,2.81,NSO published (national vital statistics / Eurostat),,2026-06-15,HIGH,NSO_TFR_RESOURCE_2026_06,2026-06-15,Δ vs WPP +0.03
DZA,2009,2.84,NSO published (national vital statistics / Eurostat),,2026-06-15,HIGH,NSO_TFR_RESOURCE_2026_06,2026-06-15,Δ vs WPP +0.02
DZA,2010,2.87,NSO published (national vital statistics / Eurostat),,2026-06-15,HIGH,NSO_TFR_RESOURCE_2026_06,2026-06-15,Δ vs WPP -0.00
DZA,2011,2.87,NSO published (national vital statistics / Eurostat),,2026-06-15,HIGH,NSO_TFR_RESOURCE_2026_06,2026-06-15,Δ vs WPP -0.03
DZA,2012,3.02,NSO published (national vital statistics / Eurostat),,2026-06-15,HIGH,NSO_TFR_RESOURCE_2026_06,2026-06-15,Δ vs WPP +0.02
DZA,2013,2.93,NSO published (national vital statistics / Eurostat),,2026-06-15,HIGH,NSO_TFR_RESOURCE_2026_06,2026-06-15,Δ vs WPP -0.07
DZA,2014,3.03,NSO published (national vital statistics / Eurostat),,2026-06-15,HIGH,NSO_TFR_RESOURCE_2026_06,2026-06-15,Δ vs WPP -0.05
DZA,2015,3.09,NSO published (national vital statistics / Eurostat),,2026-06-15,HIGH,NSO_TFR_RESOURCE_2026_06,2026-06-15,Δ vs WPP -0.00
DZA,2016,3.13,Wikipedia: Demographics of [DZA] (vital statistics),,2026-05-13,HIGH,EDITOR_DECISION_2026_05_v2,2026-05-13,Δ vs WPP +0.04
DZA,2017,3.13,Wikipedia: Demographics of [DZA] (vital statistics),,2026-05-13,HIGH,EDITOR_DECISION_2026_05_v2,2026-05-13,Δ vs WPP +0.04
DZA,2018,2.97,Wikipedia: Demographics of [DZA] (vital statistics),,2026-05-13,HIGH,EDITOR_DECISION_2026_05_v2,2026-05-13,Δ vs WPP -0.05
DZA,2019,2.99,NSO published (national vital statistics / Eurostat),,2026-06-15,HIGH,NSO_TFR_RESOURCE_2026_06,2026-06-15,Δ vs WPP -0.01
DZA,2020,2.8,Wikipedia: Demographics of [DZA] (vital statistics),,2026-05-13,HIGH,EDITOR_DECISION_2026_05_v2,2026-05-13,Δ vs WPP -0.14
DZA,2021,2.7,Wikipedia: Demographics of [DZA] (vital statistics),,2026-05-13,HIGH,EDITOR_DECISION_2026_05_v2,2026-05-13,Δ vs WPP -0.17
DZA,2022,2.62,Wikipedia: Demographics of [DZA] (vital statistics),,2026-05-13,HIGH,EDITOR_DECISION_2026_05_v2,2026-05-13,Δ vs WPP -0.20
DZA,2023,2.53,Wikipedia: Demographics of [DZA] (vital statistics),,2026-05-13,HIGH,EDITOR_DECISION_2026_05_v2,2026-05-13,Δ vs WPP -0.24
DZA,2024,2.48,"Wikipedia (TFR from observed births × local-window ratio, outlier-filtered)",,2026-05-14,HIGH,CALCNEW_V7_FRESH,2026-05-14,"Calc New v7 (v7_births_5anchor_±5y). R=0.000003, anchors=[(2019, 1034000.0, 2.99, 2.89e-06), (2020, 988209.0, 2.8, 2.83e-06), (2021, 949799.0, 2.7, 2.84e-06), (2022, 915223.0, 2.62, 2.86e-06), (2023, 895140.0, 2.53, 2.83e-06)], dropped=[], window=±5y. Wiki-observed births 2024: 873,000."
DZA,2025,2.43,Wikipedia (bidirectional TFR interpolation),,2026-05-14,MEDIUM,CALCNEW_V7_FRESH,2026-05-14,Calc New v7 (tfr_extrap_fwd). 
EGY,1965,6.58,NSO published (national vital statistics / Eurostat),,2026-06-15,HIGH,NSO_TFR_RESOURCE_2026_06,2026-06-15,Δ vs WPP +0.19
EGY,1966,6.53,NSO published (national vital statistics / Eurostat),,2026-06-15,HIGH,NSO_TFR_RESOURCE_2026_06,2026-06-15,Δ vs WPP +0.22
EGY,1967,6.47,NSO published (national vital statistics / Eurostat),,2026-06-15,HIGH,NSO_TFR_RESOURCE_2026_06,2026-06-15,Δ vs WPP +0.22
EGY,1968,6.4,NSO published (national vital statistics / Eurostat),,2026-06-15,HIGH,NSO_TFR_RESOURCE_2026_06,2026-06-15,Δ vs WPP +0.21
EGY,1969,6.42,NSO published (national vital statistics / Eurostat),,2026-06-15,HIGH,NSO_TFR_RESOURCE_2026_06,2026-06-15,Δ vs WPP +0.30
EGY,1970,6.23,NSO published (national vital statistics / Eurostat),,2026-06-15,HIGH,NSO_TFR_RESOURCE_2026_06,2026-06-15,Δ vs WPP +0.17
EGY,1971,6.14,NSO published (national vital statistics / Eurostat),,2026-06-15,HIGH,NSO_TFR_RESOURCE_2026_06,2026-06-15,Δ vs WPP +0.15
EGY,1972,7.06,NSO published (national vital statistics / Eurostat),,2026-06-15,HIGH,NSO_TFR_RESOURCE_2026_06,2026-06-15,Δ vs WPP +1.13
EGY,1973,5.97,NSO published (national vital statistics / Eurostat),,2026-06-15,HIGH,NSO_TFR_RESOURCE_2026_06,2026-06-15,Δ vs WPP +0.13
EGY,1974,5.9,NSO published (national vital statistics / Eurostat),,2026-06-15,HIGH,NSO_TFR_RESOURCE_2026_06,2026-06-15,Δ vs WPP +0.12
EGY,1975,5.83,NSO published (national vital statistics / Eurostat),,2026-06-15,HIGH,NSO_TFR_RESOURCE_2026_06,2026-06-15,Δ vs WPP +0.08
EGY,1976,5.78,NSO published (national vital statistics / Eurostat),,2026-06-15,HIGH,NSO_TFR_RESOURCE_2026_06,2026-06-15,Δ vs WPP +0.05
EGY,1977,5.73,NSO published (national vital statistics / Eurostat),,2026-06-15,HIGH,NSO_TFR_RESOURCE_2026_06,2026-06-15,Δ vs WPP +0.05
EGY,1978,5.68,NSO published (national vital statistics / Eurostat),,2026-06-15,HIGH,NSO_TFR_RESOURCE_2026_06,2026-06-15,Δ vs WPP +0.05
EGY,1979,5.64,NSO published (national vital statistics / Eurostat),,2026-06-15,HIGH,NSO_TFR_RESOURCE_2026_06,2026-06-15,Δ vs WPP +0.07
EGY,1980,5.6,NSO published (national vital statistics / Eurostat),,2026-06-15,HIGH,NSO_TFR_RESOURCE_2026_06,2026-06-15,Δ vs WPP +0.11
EGY,1981,5.57,NSO published (national vital statistics / Eurostat),,2026-06-15,HIGH,NSO_TFR_RESOURCE_2026_06,2026-06-15,Δ vs WPP +0.20
EGY,1982,5.53,NSO published (national vital statistics / Eurostat),,2026-06-15,HIGH,NSO_TFR_RESOURCE_2026_06,2026-06-15,Δ vs WPP +0.20
EGY,1983,5.49,NSO published (national vital statistics / Eurostat),,2026-06-15,HIGH,NSO_TFR_RESOURCE_2026_06,2026-06-15,Δ vs WPP +0.18
EGY,1984,5.44,NSO published (national vital statistics / Eurostat),,2026-06-15,HIGH,NSO_TFR_RESOURCE_2026_06,2026-06-15,Δ vs WPP +0.23
EGY,1985,5.38,NSO published (national vital statistics / Eurostat),,2026-06-15,HIGH,NSO_TFR_RESOURCE_2026_06,2026-06-15,Δ vs WPP +0.26
EGY,1986,5.29,NSO published (national vital statistics / Eurostat),,2026-06-15,HIGH,NSO_TFR_RESOURCE_2026_06,2026-06-15,Δ vs WPP +0.29
EGY,1987,5.18,NSO published (national vital statistics / Eurostat),,2026-06-15,HIGH,NSO_TFR_RESOURCE_2026_06,2026-06-15,Δ vs WPP +0.27
EGY,1988,4.4,NSO published (national vital statistics / Eurostat),,2026-06-15,HIGH,NSO_TFR_RESOURCE_2026_06,2026-06-15,Δ vs WPP -0.43
EGY,1991,4.1,NSO published (national vital statistics / Eurostat),,2026-06-15,HIGH,NSO_TFR_RESOURCE_2026_06,2026-06-15,Δ vs WPP -0.21
EGY,1995,3.6,NSO published (national vital statistics / Eurostat),,2026-06-15,HIGH,NSO_TFR_RESOURCE_2026_06,2026-06-15,Δ vs WPP -0.16
EGY,1997,3.3,NSO published (national vital statistics / Eurostat),,2026-06-15,HIGH,NSO_TFR_RESOURCE_2026_06,2026-06-15,Δ vs WPP -0.38
EGY,1998,3.4,NSO published (national vital statistics / Eurostat),,2026-06-15,HIGH,NSO_TFR_RESOURCE_2026_06,2026-06-15,Δ vs WPP -0.28
EGY,2000,3.5,NSO published (national vital statistics / Eurostat),,2026-06-15,HIGH,NSO_TFR_RESOURCE_2026_06,2026-06-15,Δ vs WPP -0.00
EGY,2003,3.2,NSO published (national vital statistics / Eurostat),,2026-06-15,HIGH,NSO_TFR_RESOURCE_2026_06,2026-06-15,Δ vs WPP -0.15
EGY,2005,3.1,NSO published (national vital statistics / Eurostat),,2026-06-15,HIGH,NSO_TFR_RESOURCE_2026_06,2026-06-15,Δ vs WPP -0.15
EGY,2008,3,NSO published (national vital statistics / Eurostat),,2026-06-15,HIGH,NSO_TFR_RESOURCE_2026_06,2026-06-15,Δ vs WPP -0.24
EGY,2014,3.5,NSO published (national vital statistics / Eurostat),,2026-06-15,HIGH,NSO_TFR_RESOURCE_2026_06,2026-06-15,Δ vs WPP +0.01
EGY,2015,3.4,NSO published (national vital statistics / Eurostat),,2026-06-15,HIGH,NSO_TFR_RESOURCE_2026_06,2026-06-15,Δ vs WPP -0.10
EGY,2016,3.25,Wikipedia: Demographics of [EGY] (vital statistics),,2026-05-13,HIGH,EDITOR_DECISION_2026_05_v2,2026-05-13,Δ vs WPP -0.10
EGY,2017,3.12,Wikipedia: Demographics of [EGY] (vital statistics),,2026-05-13,HIGH,EDITOR_DECISION_2026_05_v2,2026-05-13,Δ vs WPP -0.19
EGY,2018,3,Wikipedia: Demographics of [EGY] (vital statistics),,2026-05-13,HIGH,EDITOR_DECISION_2026_05_v2,2026-05-13,Δ vs WPP -0.02
EGY,2019,3.01,Wikipedia: Demographics of [EGY] (vital statistics),,2026-05-13,HIGH,EDITOR_DECISION_2026_05_v2,2026-05-13,Δ vs WPP +0.14
EGY,2020,2.885,Wikipedia: Demographics of [EGY] (vital statistics),,2026-05-13,HIGH,EDITOR_DECISION_2026_05_v2,2026-05-13,Δ vs WPP +0.03
EGY,2021,2.796,Wikipedia: Demographics of [EGY] (vital statistics),,2026-05-13,HIGH,EDITOR_DECISION_2026_05_v2,2026-05-13,Δ vs WPP +0.05
EGY,2022,2.761,NSO published (national vital statistics / Eurostat),,2026-06-15,HIGH,NSO_TFR_RESOURCE_2026_06,2026-06-15,Δ vs WPP +0.01
EGY,2023,2.537,Wikipedia: Demographics of [EGY] (vital statistics),,2026-05-13,HIGH,EDITOR_DECISION_2026_05_v2,2026-05-13,Δ vs WPP -0.21
EGY,2024,2.412,Wikipedia: Demographics of [EGY] (vital statistics),,2026-05-13,MEDIUM,EDITOR_DECISION_2026_05_v2,2026-05-13,Δ vs WPP -0.33. Editor certainty: Recheck
EGY,2025,2.42,"Wikipedia (TFR from observed births × local-window ratio, outlier-filtered)",,2026-05-14,HIGH,CALCNEW_V7_FRESH,2026-05-14,"Calc New v7 (v7_births_5anchor_±5y). R=0.000001, anchors=[(2020, 2235300.0, 2.885, 1.29e-06), (2021, 2184605.0, 2.796, 1.28e-06), (2022, 2193001.0, 2.761, 1.26e-06), (2023, 2044891.0, 2.537, 1.24e-06), (2024, 1968396.0, 2.412, 1.23e-06)], dropped=[], window=±5y. Wiki-observed births 2025: 1,944,700."
ESP,1965,2.94,NSO published (national vital statistics / Eurostat),,2026-06-15,HIGH,NSO_TFR_RESOURCE_2026_06,2026-06-15,Δ vs WPP +0.01
ESP,1966,2.91,NSO published (national vital statistics / Eurostat),,2026-06-15,HIGH,NSO_TFR_RESOURCE_2026_06,2026-06-15,Δ vs WPP -0.00
ESP,1967,2.85,NSO published (national vital statistics / Eurostat),,2026-06-15,HIGH,NSO_TFR_RESOURCE_2026_06,2026-06-15,Δ vs WPP -0.12
ESP,1968,2.86,NSO published (national vital statistics / Eurostat),,2026-06-15,HIGH,NSO_TFR_RESOURCE_2026_06,2026-06-15,Δ vs WPP -0.06
ESP,1969,2.87,NSO published (national vital statistics / Eurostat),,2026-06-15,HIGH,NSO_TFR_RESOURCE_2026_06,2026-06-15,Δ vs WPP -0.03
ESP,1970,2.88,NSO published (national vital statistics / Eurostat),,2026-06-15,HIGH,NSO_TFR_RESOURCE_2026_06,2026-06-15,Δ vs WPP -0.00
ESP,1971,2.88,NSO published (national vital statistics / Eurostat),,2026-06-15,HIGH,NSO_TFR_RESOURCE_2026_06,2026-06-15,Δ vs WPP -0.02
ESP,1972,2.86,NSO published (national vital statistics / Eurostat),,2026-06-15,HIGH,NSO_TFR_RESOURCE_2026_06,2026-06-15,Δ vs WPP -0.01
ESP,1973,2.84,NSO published (national vital statistics / Eurostat),,2026-06-15,HIGH,NSO_TFR_RESOURCE_2026_06,2026-06-15,Δ vs WPP -0.00
ESP,1974,2.89,NSO published (national vital statistics / Eurostat),,2026-06-15,HIGH,NSO_TFR_RESOURCE_2026_06,2026-06-15,Δ vs WPP +0.02
ESP,1975,2.75,NSO published (national vital statistics / Eurostat),,2026-06-15,HIGH,NSO_TFR_RESOURCE_2026_06,2026-06-15,Δ vs WPP -0.02
ESP,1976,2.68,NSO published (national vital statistics / Eurostat),,2026-06-15,HIGH,NSO_TFR_RESOURCE_2026_06,2026-06-15,Δ vs WPP -0.08
ESP,1977,2.59,NSO published (national vital statistics / Eurostat),,2026-06-15,HIGH,NSO_TFR_RESOURCE_2026_06,2026-06-15,Δ vs WPP -0.06
ESP,1978,2.48,NSO published (national vital statistics / Eurostat),,2026-06-15,HIGH,NSO_TFR_RESOURCE_2026_06,2026-06-15,Δ vs WPP -0.06
ESP,1979,2.36,NSO published (national vital statistics / Eurostat),,2026-06-15,HIGH,NSO_TFR_RESOURCE_2026_06,2026-06-15,Δ vs WPP -0.01
ESP,1980,2.22,NSO published (national vital statistics / Eurostat),,2026-06-15,HIGH,NSO_TFR_RESOURCE_2026_06,2026-06-15,Δ vs WPP +0.01
ESP,1981,2.09,NSO published (national vital statistics / Eurostat),,2026-06-15,HIGH,NSO_TFR_RESOURCE_2026_06,2026-06-15,Δ vs WPP +0.05
ESP,1982,1.96,NSO published (national vital statistics / Eurostat),,2026-06-15,HIGH,NSO_TFR_RESOURCE_2026_06,2026-06-15,Δ vs WPP +0.02
ESP,1983,1.84,NSO published (national vital statistics / Eurostat),,2026-06-15,HIGH,NSO_TFR_RESOURCE_2026_06,2026-06-15,Δ vs WPP +0.04
ESP,1984,1.73,NSO published (national vital statistics / Eurostat),,2026-06-15,HIGH,NSO_TFR_RESOURCE_2026_06,2026-06-15,Δ vs WPP +0.01
ESP,1985,1.64,NSO published (national vital statistics / Eurostat),,2026-06-15,HIGH,NSO_TFR_RESOURCE_2026_06,2026-06-15,Δ vs WPP +0.00
ESP,1986,1.56,NSO published (national vital statistics / Eurostat),,2026-06-15,HIGH,NSO_TFR_RESOURCE_2026_06,2026-06-15,Δ vs WPP +0.01
ESP,1987,1.5,NSO published (national vital statistics / Eurostat),,2026-06-15,HIGH,NSO_TFR_RESOURCE_2026_06,2026-06-15,Δ vs WPP +0.01
ESP,1988,1.45,NSO published (national vital statistics / Eurostat),,2026-06-15,HIGH,NSO_TFR_RESOURCE_2026_06,2026-06-15,Δ vs WPP +0.01
ESP,1989,1.4,NSO published (national vital statistics / Eurostat),,2026-06-15,HIGH,NSO_TFR_RESOURCE_2026_06,2026-06-15,Δ vs WPP +0.00
ESP,1990,1.36,NSO published (national vital statistics / Eurostat),,2026-06-15,HIGH,NSO_TFR_RESOURCE_2026_06,2026-06-15,Δ vs WPP +0.00
ESP,1991,1.33,NSO published (national vital statistics / Eurostat),,2026-06-15,HIGH,NSO_TFR_RESOURCE_2026_06,2026-06-15,Δ vs WPP +0.00
ESP,1992,1.32,NSO published (national vital statistics / Eurostat),,2026-06-15,HIGH,NSO_TFR_RESOURCE_2026_06,2026-06-15,Δ vs WPP +0.01
ESP,1993,1.26,NSO published (national vital statistics / Eurostat),,2026-06-15,HIGH,NSO_TFR_RESOURCE_2026_06,2026-06-15,Δ vs WPP +0.01
ESP,1994,1.21,NSO published (national vital statistics / Eurostat),,2026-06-15,HIGH,NSO_TFR_RESOURCE_2026_06,2026-06-15,Δ vs WPP +0.02
ESP,1995,1.18,NSO published (national vital statistics / Eurostat),,2026-06-15,HIGH,NSO_TFR_RESOURCE_2026_06,2026-06-15,Δ vs WPP +0.03
ESP,1996,1.17,NSO published (national vital statistics / Eurostat),,2026-06-15,HIGH,NSO_TFR_RESOURCE_2026_06,2026-06-15,Δ vs WPP +0.03
ESP,1997,1.19,NSO published (national vital statistics / Eurostat),,2026-06-15,HIGH,NSO_TFR_RESOURCE_2026_06,2026-06-15,Δ vs WPP +0.05
ESP,1998,1.15,NSO published (national vital statistics / Eurostat),,2026-06-15,HIGH,NSO_TFR_RESOURCE_2026_06,2026-06-15,Δ vs WPP +0.02
ESP,1999,1.2,NSO published (national vital statistics / Eurostat),,2026-06-15,HIGH,NSO_TFR_RESOURCE_2026_06,2026-06-15,Δ vs WPP +0.03
ESP,2000,1.23,NSO published (national vital statistics / Eurostat),,2026-06-15,HIGH,NSO_TFR_RESOURCE_2026_06,2026-06-15,Δ vs WPP +0.02
ESP,2001,1.24,NSO published (national vital statistics / Eurostat),,2026-06-15,HIGH,NSO_TFR_RESOURCE_2026_06,2026-06-15,Δ vs WPP +0.01
ESP,2002,1.26,NSO published (national vital statistics / Eurostat),,2026-06-15,HIGH,NSO_TFR_RESOURCE_2026_06,2026-06-15,Δ vs WPP +0.01
ESP,2003,1.31,NSO published (national vital statistics / Eurostat),,2026-06-15,HIGH,NSO_TFR_RESOURCE_2026_06,2026-06-15,Δ vs WPP +0.02
ESP,2004,1.33,NSO published (national vital statistics / Eurostat),,2026-06-15,HIGH,NSO_TFR_RESOURCE_2026_06,2026-06-15,Δ vs WPP +0.02
ESP,2005,1.35,NSO published (national vital statistics / Eurostat),,2026-06-15,HIGH,NSO_TFR_RESOURCE_2026_06,2026-06-15,Δ vs WPP +0.02
ESP,2006,1.36,NSO published (national vital statistics / Eurostat),,2026-06-15,HIGH,NSO_TFR_RESOURCE_2026_06,2026-06-15,Δ vs WPP +0.00
ESP,2007,1.4,NSO published (national vital statistics / Eurostat),,2026-06-15,HIGH,NSO_TFR_RESOURCE_2026_06,2026-06-15,Δ vs WPP +0.02
ESP,2008,1.46,NSO published (national vital statistics / Eurostat),,2026-06-15,HIGH,NSO_TFR_RESOURCE_2026_06,2026-06-15,Δ vs WPP +0.02
ESP,2009,1.39,NSO published (national vital statistics / Eurostat),,2026-06-15,HIGH,NSO_TFR_RESOURCE_2026_06,2026-06-15,Δ vs WPP +0.01
ESP,2010,1.38,NSO published (national vital statistics / Eurostat),,2026-06-15,HIGH,NSO_TFR_RESOURCE_2026_06,2026-06-15,Δ vs WPP +0.01
ESP,2011,1.34,NSO published (national vital statistics / Eurostat),,2026-06-15,HIGH,NSO_TFR_RESOURCE_2026_06,2026-06-15,Δ vs WPP -0.00
ESP,2012,1.32,NSO published (national vital statistics / Eurostat),,2026-06-15,HIGH,NSO_TFR_RESOURCE_2026_06,2026-06-15,Δ vs WPP +0.00
ESP,2013,1.27,NSO published (national vital statistics / Eurostat),,2026-06-15,HIGH,NSO_TFR_RESOURCE_2026_06,2026-06-15,Δ vs WPP -0.01
ESP,2014,1.32,NSO published (national vital statistics / Eurostat),,2026-06-15,HIGH,NSO_TFR_RESOURCE_2026_06,2026-06-15,Δ vs WPP +0.00
ESP,2015,1.33,NSO published (national vital statistics / Eurostat),,2026-06-15,HIGH,NSO_TFR_RESOURCE_2026_06,2026-06-15,Δ vs WPP +0.00
ESP,2016,1.34,NSO published (national vital statistics / Eurostat),,2026-06-15,HIGH,NSO_TFR_RESOURCE_2026_06,2026-06-15,Δ vs WPP +0.01
ESP,2017,1.31,NSO published (national vital statistics / Eurostat),,2026-06-15,HIGH,NSO_TFR_RESOURCE_2026_06,2026-06-15,Δ vs WPP +0.00
ESP,2018,1.26,NSO published (national vital statistics / Eurostat),,2026-06-15,HIGH,NSO_TFR_RESOURCE_2026_06,2026-06-15,Δ vs WPP +0.00
ESP,2019,1.24,NSO published (national vital statistics / Eurostat),,2026-06-15,HIGH,NSO_TFR_RESOURCE_2026_06,2026-06-15,Δ vs WPP +0.01
ESP,2020,1.19,NSO published (national vital statistics / Eurostat),,2026-06-15,HIGH,NSO_TFR_RESOURCE_2026_06,2026-06-15,Δ vs WPP +0.00
ESP,2021,1.19,NSO published (national vital statistics / Eurostat),,2026-06-15,HIGH,NSO_TFR_RESOURCE_2026_06,2026-06-15,Δ vs WPP +0.00
ESP,2022,1.16,Wikipedia: Demographics of [ESP] (vital statistics),,2026-05-13,HIGH,EDITOR_DECISION_2026_05_v2,2026-05-13,Δ vs WPP -0.05
ESP,2023,1.12,Wikipedia: Demographics of [ESP] (vital statistics),,2026-05-13,HIGH,EDITOR_DECISION_2026_05_v2,2026-05-13,Δ vs WPP -0.09
ESP,2024,1.1,Wikipedia: Demographics of [ESP] (vital statistics),,2026-05-13,MEDIUM,EDITOR_DECISION_2026_05_v2,2026-05-13,Δ vs WPP -0.12. Editor certainty: Recheck
ESP,2025,1.11,Wikipedia: Demographics of [ESP] (vital statistics),,2026-05-13,MEDIUM,EDITOR_DECISION_2026_05_v2,2026-05-13,Δ vs WPP -0.12. Editor certainty: Recheck
EST,2016,1.6,NSO published (national vital statistics / Eurostat),,2026-06-15,HIGH,NSO_TFR_RESOURCE_2026_06,2026-06-15,Δ vs WPP -0.00
EST,2017,1.59,NSO published (national vital statistics / Eurostat),,2026-06-15,HIGH,NSO_TFR_RESOURCE_2026_06,2026-06-15,Δ vs WPP -0.01
EST,2018,1.67,NSO published (national vital statistics / Eurostat),,2026-06-15,HIGH,NSO_TFR_RESOURCE_2026_06,2026-06-15,Δ vs WPP -0.00
EST,2019,1.66,NSO published (national vital statistics / Eurostat),,2026-06-15,HIGH,NSO_TFR_RESOURCE_2026_06,2026-06-15,Δ vs WPP -0.00
EST,2020,1.58,NSO published (national vital statistics / Eurostat),,2026-06-15,HIGH,NSO_TFR_RESOURCE_2026_06,2026-06-15,Δ vs WPP -0.01
EST,2021,1.61,Wikipedia: Demographics of [EST] (vital statistics),,2026-05-13,HIGH,EDITOR_DECISION_2026_05_v2,2026-05-13,Δ vs WPP +0.02
EST,2022,1.41,NSO published (national vital statistics / Eurostat),,2026-06-15,HIGH,NSO_TFR_RESOURCE_2026_06,2026-06-15,Δ vs WPP +0.00
EST,2023,1.31,Wikipedia: Demographics of [EST] (vital statistics),,2026-05-13,HIGH,EDITOR_DECISION_2026_05_v2,2026-05-13,Δ vs WPP -0.04
EST,2024,1.18,Wikipedia: Demographics of [EST] (vital statistics),,2026-05-13,MEDIUM,EDITOR_DECISION_2026_05_v2,2026-05-13,Δ vs WPP -0.18. Editor certainty: Recheck
EST,2025,1.16,Wikipedia: Demographics of [EST] (vital statistics),,2026-05-13,MEDIUM,EDITOR_DECISION_2026_05_v2,2026-05-13,Δ vs WPP -0.21. Editor certainty: Recheck
FIN,2016,1.57,NSO published (national vital statistics / Eurostat),,2026-06-15,HIGH,NSO_TFR_RESOURCE_2026_06,2026-06-15,Δ vs WPP +0.01
FIN,2017,1.49,NSO published (national vital statistics / Eurostat),,2026-06-15,HIGH,NSO_TFR_RESOURCE_2026_06,2026-06-15,Δ vs WPP +0.00
FIN,2018,1.41,NSO published (national vital statistics / Eurostat),,2026-06-15,HIGH,NSO_TFR_RESOURCE_2026_06,2026-06-15,Δ vs WPP +0.00
FIN,2019,1.35,NSO published (national vital statistics / Eurostat),,2026-06-15,HIGH,NSO_TFR_RESOURCE_2026_06,2026-06-15,Δ vs WPP -0.00
FIN,2020,1.37,NSO published (national vital statistics / Eurostat),,2026-06-15,HIGH,NSO_TFR_RESOURCE_2026_06,2026-06-15,Δ vs WPP -0.00
FIN,2021,1.46,NSO published (national vital statistics / Eurostat),,2026-06-15,HIGH,NSO_TFR_RESOURCE_2026_06,2026-06-15,Δ vs WPP -0.00
FIN,2022,1.32,NSO published (national vital statistics / Eurostat),,2026-06-15,HIGH,NSO_TFR_RESOURCE_2026_06,2026-06-15,Δ vs WPP +0.00
FIN,2023,1.26,Wikipedia: Demographics of [FIN] (vital statistics),,2026-05-13,HIGH,EDITOR_DECISION_2026_05_v2,2026-05-13,Δ vs WPP -0.02
FIN,2024,1.25,Wikipedia: Demographics of [FIN] (vital statistics),,2026-05-13,HIGH,EDITOR_DECISION_2026_05_v2,2026-05-13,Δ vs WPP -0.04
FJI,2010,3.0,Fiji Bureau of Statistics,https://www.statsfiji.gov.fj/,2026-05-13,HIGH,EDITOR_DECISION_2026_05_v2,2026-05-13,Pre-2016 override (editor matrix start year: 2010)
FJI,2011,2.9,Fiji Bureau of Statistics,https://www.statsfiji.gov.fj/,2026-05-13,HIGH,EDITOR_DECISION_2026_05_v2,2026-05-13,Pre-2016 override (editor matrix start year: 2010)
FJI,2012,2.84,Fiji Bureau of Statistics,https://www.statsfiji.gov.fj/,2026-05-13,HIGH,EDITOR_DECISION_2026_05_v2,2026-05-13,Pre-2016 override (editor matrix start year: 2010)
FJI,2013,2.71,Fiji Bureau of Statistics,https://www.statsfiji.gov.fj/,2026-05-13,HIGH,EDITOR_DECISION_2026_05_v2,2026-05-13,Pre-2016 override (editor matrix start year: 2010)
FJI,2014,2.92,Fiji Bureau of Statistics,https://www.statsfiji.gov.fj/,2026-05-13,HIGH,EDITOR_DECISION_2026_05_v2,2026-05-13,Pre-2016 override (editor matrix start year: 2010)
FJI,2015,2.91,Fiji Bureau of Statistics,https://www.statsfiji.gov.fj/,2026-05-13,HIGH,EDITOR_DECISION_2026_05_v2,2026-05-13,Pre-2016 override (editor matrix start year: 2010)
FJI,2016,2.8,Fiji Bureau of Statistics,https://www.statsfiji.gov.fj/,2026-05-13,HIGH,EDITOR_DECISION_2026_05_v2,2026-05-13,Δ vs WPP +0.28. Editor certainty: Materially Higher
FJI,2017,2.7,Fiji Bureau of Statistics,https://www.statsfiji.gov.fj/,2026-05-13,HIGH,EDITOR_DECISION_2026_05_v2,2026-05-13,Δ vs WPP +0.24. Editor certainty: Materially Higher
FJI,2018,2.6,Fiji Bureau of Statistics,https://www.statsfiji.gov.fj/,2026-05-13,HIGH,EDITOR_DECISION_2026_05_v2,2026-05-13,Δ vs WPP +0.18. Editor certainty: Materially Higher
FJI,2019,2.8,Fiji Bureau of Statistics,https://www.statsfiji.gov.fj/,2026-05-13,HIGH,EDITOR_DECISION_2026_05_v2,2026-05-13,Δ vs WPP +0.41. Editor certainty: Materially Higher
FRA,1965,2.849,NSO published (national vital statistics / Eurostat),,2026-06-15,HIGH,NSO_TFR_RESOURCE_2026_06,2026-06-15,Δ vs WPP +0.02
FRA,1966,2.801,NSO published (national vital statistics / Eurostat),,2026-06-15,HIGH,NSO_TFR_RESOURCE_2026_06,2026-06-15,Δ vs WPP +0.02
FRA,1967,2.671,NSO published (national vital statistics / Eurostat),,2026-06-15,HIGH,NSO_TFR_RESOURCE_2026_06,2026-06-15,Δ vs WPP +0.02
FRA,1968,2.588,NSO published (national vital statistics / Eurostat),,2026-06-15,HIGH,NSO_TFR_RESOURCE_2026_06,2026-06-15,Δ vs WPP +0.02
FRA,1969,2.534,NSO published (national vital statistics / Eurostat),,2026-06-15,HIGH,NSO_TFR_RESOURCE_2026_06,2026-06-15,Δ vs WPP +0.01
FRA,1970,2.48,NSO published (national vital statistics / Eurostat),,2026-06-15,HIGH,NSO_TFR_RESOURCE_2026_06,2026-06-15,Δ vs WPP -0.00
FRA,1971,2.497,NSO published (national vital statistics / Eurostat),,2026-06-15,HIGH,NSO_TFR_RESOURCE_2026_06,2026-06-15,Δ vs WPP -0.00
FRA,1972,2.419,NSO published (national vital statistics / Eurostat),,2026-06-15,HIGH,NSO_TFR_RESOURCE_2026_06,2026-06-15,Δ vs WPP -0.01
FRA,1973,2.309,NSO published (national vital statistics / Eurostat),,2026-06-15,HIGH,NSO_TFR_RESOURCE_2026_06,2026-06-15,Δ vs WPP -0.01
FRA,1974,2.112,NSO published (national vital statistics / Eurostat),,2026-06-15,HIGH,NSO_TFR_RESOURCE_2026_06,2026-06-15,Δ vs WPP -0.01
FRA,1975,1.927,NSO published (national vital statistics / Eurostat),,2026-06-15,HIGH,NSO_TFR_RESOURCE_2026_06,2026-06-15,Δ vs WPP -0.01
FRA,1976,1.829,NSO published (national vital statistics / Eurostat),,2026-06-15,HIGH,NSO_TFR_RESOURCE_2026_06,2026-06-15,Δ vs WPP -0.00
FRA,1977,1.862,NSO published (national vital statistics / Eurostat),,2026-06-15,HIGH,NSO_TFR_RESOURCE_2026_06,2026-06-15,Δ vs WPP -0.01
FRA,1978,1.822,NSO published (national vital statistics / Eurostat),,2026-06-15,HIGH,NSO_TFR_RESOURCE_2026_06,2026-06-15,Δ vs WPP -0.01
FRA,1979,1.855,NSO published (national vital statistics / Eurostat),,2026-06-15,HIGH,NSO_TFR_RESOURCE_2026_06,2026-06-15,Δ vs WPP -0.01
FRA,1980,1.945,NSO published (national vital statistics / Eurostat),,2026-06-15,HIGH,NSO_TFR_RESOURCE_2026_06,2026-06-15,Δ vs WPP -0.01
FRA,1981,1.946,NSO published (national vital statistics / Eurostat),,2026-06-15,HIGH,NSO_TFR_RESOURCE_2026_06,2026-06-15,Δ vs WPP -0.00
FRA,1982,1.912,NSO published (national vital statistics / Eurostat),,2026-06-15,HIGH,NSO_TFR_RESOURCE_2026_06,2026-06-15,Δ vs WPP -0.00
FRA,1983,1.784,NSO published (national vital statistics / Eurostat),,2026-06-15,HIGH,NSO_TFR_RESOURCE_2026_06,2026-06-15,Δ vs WPP -0.01
FRA,1984,1.802,NSO published (national vital statistics / Eurostat),,2026-06-15,HIGH,NSO_TFR_RESOURCE_2026_06,2026-06-15,Δ vs WPP -0.00
FRA,1985,1.814,NSO published (national vital statistics / Eurostat),,2026-06-15,HIGH,NSO_TFR_RESOURCE_2026_06,2026-06-15,Δ vs WPP -0.00
FRA,1986,1.831,NSO published (national vital statistics / Eurostat),,2026-06-15,HIGH,NSO_TFR_RESOURCE_2026_06,2026-06-15,Δ vs WPP -0.00
FRA,1987,1.801,NSO published (national vital statistics / Eurostat),,2026-06-15,HIGH,NSO_TFR_RESOURCE_2026_06,2026-06-15,Δ vs WPP -0.00
FRA,1988,1.805,NSO published (national vital statistics / Eurostat),,2026-06-15,HIGH,NSO_TFR_RESOURCE_2026_06,2026-06-15,Δ vs WPP -0.00
FRA,1989,1.788,NSO published (national vital statistics / Eurostat),,2026-06-15,HIGH,NSO_TFR_RESOURCE_2026_06,2026-06-15,Δ vs WPP -0.00
FRA,1990,1.778,NSO published (national vital statistics / Eurostat),,2026-06-15,HIGH,NSO_TFR_RESOURCE_2026_06,2026-06-15,Δ vs WPP -0.00
FRA,1991,1.77,NSO published (national vital statistics / Eurostat),,2026-06-15,HIGH,NSO_TFR_RESOURCE_2026_06,2026-06-15,Δ vs WPP -0.00
FRA,1992,1.733,NSO published (national vital statistics / Eurostat),,2026-06-15,HIGH,NSO_TFR_RESOURCE_2026_06,2026-06-15,Δ vs WPP -0.00
FRA,1993,1.66,NSO published (national vital statistics / Eurostat),,2026-06-15,HIGH,NSO_TFR_RESOURCE_2026_06,2026-06-15,Δ vs WPP -0.00
FRA,1994,1.663,NSO published (national vital statistics / Eurostat),,2026-06-15,HIGH,NSO_TFR_RESOURCE_2026_06,2026-06-15,Δ vs WPP -0.00
FRA,1995,1.713,NSO published (national vital statistics / Eurostat),,2026-06-15,HIGH,NSO_TFR_RESOURCE_2026_06,2026-06-15,Δ vs WPP -0.00
FRA,1996,1.733,NSO published (national vital statistics / Eurostat),,2026-06-15,HIGH,NSO_TFR_RESOURCE_2026_06,2026-06-15,Δ vs WPP -0.01
FRA,1997,1.726,NSO published (national vital statistics / Eurostat),,2026-06-15,HIGH,NSO_TFR_RESOURCE_2026_06,2026-06-15,Δ vs WPP -0.00
FRA,1998,1.764,NSO published (national vital statistics / Eurostat),,2026-06-15,HIGH,NSO_TFR_RESOURCE_2026_06,2026-06-15,Δ vs WPP -0.00
FRA,1999,1.791,NSO published (national vital statistics / Eurostat),,2026-06-15,HIGH,NSO_TFR_RESOURCE_2026_06,2026-06-15,Δ vs WPP -0.00
FRA,2000,1.874,NSO published (national vital statistics / Eurostat),,2026-06-15,HIGH,NSO_TFR_RESOURCE_2026_06,2026-06-15,Δ vs WPP -0.00
FRA,2001,1.877,NSO published (national vital statistics / Eurostat),,2026-06-15,HIGH,NSO_TFR_RESOURCE_2026_06,2026-06-15,Δ vs WPP -0.00
FRA,2002,1.864,NSO published (national vital statistics / Eurostat),,2026-06-15,HIGH,NSO_TFR_RESOURCE_2026_06,2026-06-15,Δ vs WPP -0.00
FRA,2003,1.874,NSO published (national vital statistics / Eurostat),,2026-06-15,HIGH,NSO_TFR_RESOURCE_2026_06,2026-06-15,Δ vs WPP +0.00
FRA,2004,1.898,NSO published (national vital statistics / Eurostat),,2026-06-15,HIGH,NSO_TFR_RESOURCE_2026_06,2026-06-15,Δ vs WPP +0.00
FRA,2005,1.92,NSO published (national vital statistics / Eurostat),,2026-06-15,HIGH,NSO_TFR_RESOURCE_2026_06,2026-06-15,Δ vs WPP +0.00
FRA,2006,1.98,NSO published (national vital statistics / Eurostat),,2026-06-15,HIGH,NSO_TFR_RESOURCE_2026_06,2026-06-15,Δ vs WPP +0.01
FRA,2007,1.959,NSO published (national vital statistics / Eurostat),,2026-06-15,HIGH,NSO_TFR_RESOURCE_2026_06,2026-06-15,Δ vs WPP +0.01
FRA,2008,1.99,NSO published (national vital statistics / Eurostat),,2026-06-15,HIGH,NSO_TFR_RESOURCE_2026_06,2026-06-15,Δ vs WPP +0.00
FRA,2009,1.989,NSO published (national vital statistics / Eurostat),,2026-06-15,HIGH,NSO_TFR_RESOURCE_2026_06,2026-06-15,Δ vs WPP -0.00
FRA,2010,2.016,NSO published (national vital statistics / Eurostat),,2026-06-15,HIGH,NSO_TFR_RESOURCE_2026_06,2026-06-15,Δ vs WPP -0.00
FRA,2011,1.996,NSO published (national vital statistics / Eurostat),,2026-06-15,HIGH,NSO_TFR_RESOURCE_2026_06,2026-06-15,Δ vs WPP +0.00
FRA,2012,1.992,NSO published (national vital statistics / Eurostat),,2026-06-15,HIGH,NSO_TFR_RESOURCE_2026_06,2026-06-15,Δ vs WPP +0.00
FRA,2013,1.973,NSO published (national vital statistics / Eurostat),,2026-06-15,HIGH,NSO_TFR_RESOURCE_2026_06,2026-06-15,Δ vs WPP +0.00
FRA,2014,1.974,NSO published (national vital statistics / Eurostat),,2026-06-15,HIGH,NSO_TFR_RESOURCE_2026_06,2026-06-15,Δ vs WPP -0.00
FRA,2015,1.925,NSO published (national vital statistics / Eurostat),,2026-06-15,HIGH,NSO_TFR_RESOURCE_2026_06,2026-06-15,Δ vs WPP -0.00
FRA,2016,1.891,NSO published (national vital statistics / Eurostat),,2026-06-15,HIGH,NSO_TFR_RESOURCE_2026_06,2026-06-15,Δ vs WPP -0.00
FRA,2017,1.858,NSO published (national vital statistics / Eurostat),,2026-06-15,HIGH,NSO_TFR_RESOURCE_2026_06,2026-06-15,Δ vs WPP -0.00
FRA,2018,1.836,NSO published (national vital statistics / Eurostat),,2026-06-15,HIGH,NSO_TFR_RESOURCE_2026_06,2026-06-15,Δ vs WPP -0.00
FRA,2019,1.827,NSO published (national vital statistics / Eurostat),,2026-06-15,HIGH,NSO_TFR_RESOURCE_2026_06,2026-06-15,Δ vs WPP +0.00
FRA,2020,1.782,NSO published (national vital statistics / Eurostat),,2026-06-15,HIGH,NSO_TFR_RESOURCE_2026_06,2026-06-15,Δ vs WPP -0.00
FRA,2021,1.793,NSO published (national vital statistics / Eurostat),,2026-06-15,HIGH,NSO_TFR_RESOURCE_2026_06,2026-06-15,Δ vs WPP -0.01
FRA,2022,1.757,NSO published (national vital statistics / Eurostat),,2026-06-15,HIGH,NSO_TFR_RESOURCE_2026_06,2026-06-15,Δ vs WPP -0.00
FRA,2023,1.639,NSO published (national vital statistics / Eurostat),,2026-06-15,HIGH,NSO_TFR_RESOURCE_2026_06,2026-06-15,Δ vs WPP +0.00
FRA,2024,1.59,Wikipedia: Demographics of [FRA] (vital statistics),,2026-05-13,MEDIUM,EDITOR_DECISION_2026_05_v2,2026-05-13,Δ vs WPP -0.05. Editor certainty: Recheck
FRA,2025,1.56,Wikipedia: Demographics of [FRA] (vital statistics),,2026-05-13,MEDIUM,EDITOR_DECISION_2026_05_v2,2026-05-13,Δ vs WPP -0.08. Editor certainty: Recheck
FRO,2016,2.64,Wikipedia: Demographics of [FRO] (vital statistics),,2026-05-13,HIGH,EDITOR_DECISION_2026_05_v2,2026-05-13,Δ vs WPP +0.15
FRO,2018,2.51,Wikipedia: Demographics of [FRO] (vital statistics),,2026-05-13,HIGH,EDITOR_DECISION_2026_05_v2,2026-05-13,Δ vs WPP +0.08
FRO,2019,2.43,Wikipedia: Demographics of [FRO] (vital statistics),,2026-05-13,HIGH,EDITOR_DECISION_2026_05_v2,2026-05-13,Δ vs WPP +0.03
FRO,2021,2.33,Wikipedia: Demographics of [FRO] (vital statistics),,2026-05-13,HIGH,EDITOR_DECISION_2026_05_v2,2026-05-13,Δ vs WPP +0.04
FRO,2022,2.07,Wikipedia: Demographics of [FRO] (vital statistics),,2026-05-13,HIGH,EDITOR_DECISION_2026_05_v2,2026-05-13,Δ vs WPP -0.19
FRO,2023,1.86,Wikipedia: Demographics of [FRO] (vital statistics),,2026-05-13,HIGH,EDITOR_DECISION_2026_05_v2,2026-05-13,Δ vs WPP -0.38
FRO,2024,1.91,Wikipedia: Demographics of [FRO] (vital statistics),,2026-05-13,MEDIUM,EDITOR_DECISION_2026_05_v2,2026-05-13,Δ vs WPP -0.31. Editor certainty: Recheck
FRO,2025,2.11,Wikipedia: Demographics of [FRO] (vital statistics),,2026-05-13,MEDIUM,EDITOR_DECISION_2026_05_v2,2026-05-13,Δ vs WPP -0.09. Editor certainty: Recheck
GBR,1965,2.88,NSO published (national vital statistics / Eurostat),,2026-06-15,HIGH,NSO_TFR_RESOURCE_2026_06,2026-06-15,Δ vs WPP +0.01
GBR,1966,2.8,NSO published (national vital statistics / Eurostat),,2026-06-15,HIGH,NSO_TFR_RESOURCE_2026_06,2026-06-15,Δ vs WPP +0.02
GBR,1967,2.69,NSO published (national vital statistics / Eurostat),,2026-06-15,HIGH,NSO_TFR_RESOURCE_2026_06,2026-06-15,Δ vs WPP +0.01
GBR,1968,2.61,NSO published (national vital statistics / Eurostat),,2026-06-15,HIGH,NSO_TFR_RESOURCE_2026_06,2026-06-15,Δ vs WPP +0.02
GBR,1969,2.51,NSO published (national vital statistics / Eurostat),,2026-06-15,HIGH,NSO_TFR_RESOURCE_2026_06,2026-06-15,Δ vs WPP +0.01
GBR,1970,2.44,NSO published (national vital statistics / Eurostat),,2026-06-15,HIGH,NSO_TFR_RESOURCE_2026_06,2026-06-15,Δ vs WPP +0.02
GBR,1971,2.4,NSO published (national vital statistics / Eurostat),,2026-06-15,HIGH,NSO_TFR_RESOURCE_2026_06,2026-06-15,Δ vs WPP +0.06
GBR,1972,2.2,NSO published (national vital statistics / Eurostat),,2026-06-15,HIGH,NSO_TFR_RESOURCE_2026_06,2026-06-15,Δ vs WPP +0.02
GBR,1973,2.03,NSO published (national vital statistics / Eurostat),,2026-06-15,HIGH,NSO_TFR_RESOURCE_2026_06,2026-06-15,Δ vs WPP -0.01
GBR,1974,1.92,NSO published (national vital statistics / Eurostat),,2026-06-15,HIGH,NSO_TFR_RESOURCE_2026_06,2026-06-15,Δ vs WPP +0.01
GBR,1975,1.81,NSO published (national vital statistics / Eurostat),,2026-06-15,HIGH,NSO_TFR_RESOURCE_2026_06,2026-06-15,Δ vs WPP +0.00
GBR,1976,1.74,NSO published (national vital statistics / Eurostat),,2026-06-15,HIGH,NSO_TFR_RESOURCE_2026_06,2026-06-15,Δ vs WPP +0.00
GBR,1977,1.69,NSO published (national vital statistics / Eurostat),,2026-06-15,HIGH,NSO_TFR_RESOURCE_2026_06,2026-06-15,Δ vs WPP +0.00
GBR,1978,1.75,NSO published (national vital statistics / Eurostat),,2026-06-15,HIGH,NSO_TFR_RESOURCE_2026_06,2026-06-15,Δ vs WPP -0.00
GBR,1979,1.86,NSO published (national vital statistics / Eurostat),,2026-06-15,HIGH,NSO_TFR_RESOURCE_2026_06,2026-06-15,Δ vs WPP +0.00
GBR,1980,1.9,NSO published (national vital statistics / Eurostat),,2026-06-15,HIGH,NSO_TFR_RESOURCE_2026_06,2026-06-15,Δ vs WPP +0.01
GBR,1981,1.82,NSO published (national vital statistics / Eurostat),,2026-06-15,HIGH,NSO_TFR_RESOURCE_2026_06,2026-06-15,Δ vs WPP +0.00
GBR,1982,1.78,NSO published (national vital statistics / Eurostat),,2026-06-15,HIGH,NSO_TFR_RESOURCE_2026_06,2026-06-15,Δ vs WPP +0.00
GBR,1983,1.77,NSO published (national vital statistics / Eurostat),,2026-06-15,HIGH,NSO_TFR_RESOURCE_2026_06,2026-06-15,Δ vs WPP +0.00
GBR,1984,1.77,NSO published (national vital statistics / Eurostat),,2026-06-15,HIGH,NSO_TFR_RESOURCE_2026_06,2026-06-15,Δ vs WPP +0.00
GBR,1985,1.79,NSO published (national vital statistics / Eurostat),,2026-06-15,HIGH,NSO_TFR_RESOURCE_2026_06,2026-06-15,Δ vs WPP +0.00
GBR,1986,1.78,NSO published (national vital statistics / Eurostat),,2026-06-15,HIGH,NSO_TFR_RESOURCE_2026_06,2026-06-15,Δ vs WPP -0.00
GBR,1987,1.81,NSO published (national vital statistics / Eurostat),,2026-06-15,HIGH,NSO_TFR_RESOURCE_2026_06,2026-06-15,Δ vs WPP +0.00
GBR,1988,1.82,NSO published (national vital statistics / Eurostat),,2026-06-15,HIGH,NSO_TFR_RESOURCE_2026_06,2026-06-15,Δ vs WPP -0.00
GBR,1989,1.79,NSO published (national vital statistics / Eurostat),,2026-06-15,HIGH,NSO_TFR_RESOURCE_2026_06,2026-06-15,Δ vs WPP -0.00
GBR,1990,1.83,NSO published (national vital statistics / Eurostat),,2026-06-15,HIGH,NSO_TFR_RESOURCE_2026_06,2026-06-15,Δ vs WPP +0.00
GBR,1991,1.82,NSO published (national vital statistics / Eurostat),,2026-06-15,HIGH,NSO_TFR_RESOURCE_2026_06,2026-06-15,Δ vs WPP +0.00
GBR,1992,1.79,NSO published (national vital statistics / Eurostat),,2026-06-15,HIGH,NSO_TFR_RESOURCE_2026_06,2026-06-15,Δ vs WPP -0.00
GBR,1993,1.76,NSO published (national vital statistics / Eurostat),,2026-06-15,HIGH,NSO_TFR_RESOURCE_2026_06,2026-06-15,Δ vs WPP +0.00
GBR,1994,1.74,NSO published (national vital statistics / Eurostat),,2026-06-15,HIGH,NSO_TFR_RESOURCE_2026_06,2026-06-15,Δ vs WPP +0.00
GBR,1995,1.71,NSO published (national vital statistics / Eurostat),,2026-06-15,HIGH,NSO_TFR_RESOURCE_2026_06,2026-06-15,Δ vs WPP +0.00
GBR,1996,1.73,NSO published (national vital statistics / Eurostat),,2026-06-15,HIGH,NSO_TFR_RESOURCE_2026_06,2026-06-15,Δ vs WPP +0.01
GBR,1997,1.72,NSO published (national vital statistics / Eurostat),,2026-06-15,HIGH,NSO_TFR_RESOURCE_2026_06,2026-06-15,Δ vs WPP -0.00
GBR,1998,1.71,NSO published (national vital statistics / Eurostat),,2026-06-15,HIGH,NSO_TFR_RESOURCE_2026_06,2026-06-15,Δ vs WPP -0.00
GBR,1999,1.68,NSO published (national vital statistics / Eurostat),,2026-06-15,HIGH,NSO_TFR_RESOURCE_2026_06,2026-06-15,Δ vs WPP -0.00
GBR,2000,1.64,NSO published (national vital statistics / Eurostat),,2026-06-15,HIGH,NSO_TFR_RESOURCE_2026_06,2026-06-15,Δ vs WPP -0.00
GBR,2001,1.63,NSO published (national vital statistics / Eurostat),,2026-06-15,HIGH,NSO_TFR_RESOURCE_2026_06,2026-06-15,Δ vs WPP +0.01
GBR,2002,1.63,NSO published (national vital statistics / Eurostat),,2026-06-15,HIGH,NSO_TFR_RESOURCE_2026_06,2026-06-15,Δ vs WPP -0.00
GBR,2003,1.7,NSO published (national vital statistics / Eurostat),,2026-06-15,HIGH,NSO_TFR_RESOURCE_2026_06,2026-06-15,Δ vs WPP +0.00
GBR,2004,1.77,NSO published (national vital statistics / Eurostat),,2026-06-15,HIGH,NSO_TFR_RESOURCE_2026_06,2026-06-15,Δ vs WPP +0.02
GBR,2005,1.76,NSO published (national vital statistics / Eurostat),,2026-06-15,HIGH,NSO_TFR_RESOURCE_2026_06,2026-06-15,Δ vs WPP -0.00
GBR,2006,1.82,NSO published (national vital statistics / Eurostat),,2026-06-15,HIGH,NSO_TFR_RESOURCE_2026_06,2026-06-15,Δ vs WPP +0.01
GBR,2007,1.87,NSO published (national vital statistics / Eurostat),,2026-06-15,HIGH,NSO_TFR_RESOURCE_2026_06,2026-06-15,Δ vs WPP +0.01
GBR,2008,1.96,NSO published (national vital statistics / Eurostat),,2026-06-15,HIGH,NSO_TFR_RESOURCE_2026_06,2026-06-15,Δ vs WPP +0.05
GBR,2009,1.89,NSO published (national vital statistics / Eurostat),,2026-06-15,HIGH,NSO_TFR_RESOURCE_2026_06,2026-06-15,Δ vs WPP -0.00
GBR,2010,1.92,NSO published (national vital statistics / Eurostat),,2026-06-15,HIGH,NSO_TFR_RESOURCE_2026_06,2026-06-15,Δ vs WPP +0.00
GBR,2011,1.91,NSO published (national vital statistics / Eurostat),,2026-06-15,HIGH,NSO_TFR_RESOURCE_2026_06,2026-06-15,Δ vs WPP -0.00
GBR,2012,1.92,NSO published (national vital statistics / Eurostat),,2026-06-15,HIGH,NSO_TFR_RESOURCE_2026_06,2026-06-15,Δ vs WPP +0.01
GBR,2013,1.83,NSO published (national vital statistics / Eurostat),,2026-06-15,HIGH,NSO_TFR_RESOURCE_2026_06,2026-06-15,Δ vs WPP -0.00
GBR,2014,1.82,NSO published (national vital statistics / Eurostat),,2026-06-15,HIGH,NSO_TFR_RESOURCE_2026_06,2026-06-15,Δ vs WPP +0.01
GBR,2015,1.8,NSO published (national vital statistics / Eurostat),,2026-06-15,HIGH,NSO_TFR_RESOURCE_2026_06,2026-06-15,Δ vs WPP -0.00
GBR,2016,1.79,NSO published (national vital statistics / Eurostat),,2026-06-15,HIGH,NSO_TFR_RESOURCE_2026_06,2026-06-15,Δ vs WPP +0.01
GBR,2017,1.74,NSO published (national vital statistics / Eurostat),,2026-06-15,HIGH,NSO_TFR_RESOURCE_2026_06,2026-06-15,Δ vs WPP +0.01
GBR,2018,1.68,NSO published (national vital statistics / Eurostat),,2026-06-15,HIGH,NSO_TFR_RESOURCE_2026_06,2026-06-15,Δ vs WPP +0.00
GBR,2019,1.63,NSO published (national vital statistics / Eurostat),,2026-06-15,HIGH,NSO_TFR_RESOURCE_2026_06,2026-06-15,Δ vs WPP -0.00
GBR,2020,1.56,NSO published (national vital statistics / Eurostat),,2026-06-15,HIGH,NSO_TFR_RESOURCE_2026_06,2026-06-15,Δ vs WPP -0.01
GBR,2021,1.54,Wikipedia: Demographics of [GBR] (vital statistics),,2026-05-13,HIGH,EDITOR_DECISION_2026_05_v2,2026-05-13,Δ vs WPP -0.04
GBR,2022,1.49,Wikipedia: Demographics of [GBR] (vital statistics),,2026-05-13,HIGH,EDITOR_DECISION_2026_05_v2,2026-05-13,Δ vs WPP -0.07
GBR,2023,1.42,Wikipedia: Demographics of [GBR] (vital statistics),,2026-05-13,HIGH,EDITOR_DECISION_2026_05_v2,2026-05-13,Δ vs WPP -0.14
GBR,2024,1.41,Wikipedia: Demographics of [GBR] (vital statistics),,2026-05-13,MEDIUM,EDITOR_DECISION_2026_05_v2,2026-05-13,Δ vs WPP -0.14. Editor certainty: Recheck
GBR,2025,1.39,Wikipedia: Demographics of [GBR] (vital statistics),,2026-05-13,MEDIUM,EDITOR_DECISION_2026_05_v2,2026-05-13,Δ vs WPP -0.15. Editor certainty: Recheck
GEO,2016,2.23,NSO published (national vital statistics / Eurostat),,2026-06-15,HIGH,NSO_TFR_RESOURCE_2026_06,2026-06-15,Δ vs WPP +0.00
GEO,2017,2.14,NSO published (national vital statistics / Eurostat),,2026-06-15,HIGH,NSO_TFR_RESOURCE_2026_06,2026-06-15,Δ vs WPP +0.00
GEO,2018,2.09,Wikipedia: Demographics of [GEO] (vital statistics),,2026-05-13,HIGH,EDITOR_DECISION_2026_05_v2,2026-05-13,Δ vs WPP +0.03
GEO,2019,2.02,NSO published (national vital statistics / Eurostat),,2026-06-15,HIGH,NSO_TFR_RESOURCE_2026_06,2026-06-15,Δ vs WPP -0.00
GEO,2020,1.98,NSO published (national vital statistics / Eurostat),,2026-06-15,HIGH,NSO_TFR_RESOURCE_2026_06,2026-06-15,Δ vs WPP +0.00
GEO,2022,1.83,NSO published (national vital statistics / Eurostat),,2026-06-15,HIGH,NSO_TFR_RESOURCE_2026_06,2026-06-15,Δ vs WPP +0.01
GEO,2023,1.71,Wikipedia: Demographics of [GEO] (vital statistics),,2026-05-13,HIGH,EDITOR_DECISION_2026_05_v2,2026-05-13,Δ vs WPP -0.11
GEO,2024,1.69,Wikipedia: Demographics of [GEO] (vital statistics),,2026-05-13,MEDIUM,EDITOR_DECISION_2026_05_v2,2026-05-13,Δ vs WPP -0.13. Editor certainty: Recheck
GEO,2025,1.57,Wikipedia: Demographics of [GEO] (vital statistics),,2026-05-13,MEDIUM,EDITOR_DECISION_2026_05_v2,2026-05-13,Δ vs WPP -0.22. Editor certainty: Recheck
GLP,1998,1.83,NSO published (national vital statistics / Eurostat),,2026-06-15,HIGH,NSO_TFR_RESOURCE_2026_06,2026-06-15,Δ vs WPP -0.32
GLP,1999,2.1,NSO published (national vital statistics / Eurostat),,2026-06-15,HIGH,NSO_TFR_RESOURCE_2026_06,2026-06-15,Δ vs WPP -0.08
GLP,2000,2.19,NSO published (national vital statistics / Eurostat),,2026-06-15,HIGH,NSO_TFR_RESOURCE_2026_06,2026-06-15,Δ vs WPP -0.03
GLP,2001,2.23,NSO published (national vital statistics / Eurostat),,2026-06-15,HIGH,NSO_TFR_RESOURCE_2026_06,2026-06-15,Δ vs WPP -0.00
GLP,2002,2.07,NSO published (national vital statistics / Eurostat),,2026-06-15,HIGH,NSO_TFR_RESOURCE_2026_06,2026-06-15,Δ vs WPP -0.15
GLP,2003,2.11,NSO published (national vital statistics / Eurostat),,2026-06-15,HIGH,NSO_TFR_RESOURCE_2026_06,2026-06-15,Δ vs WPP -0.11
GLP,2004,2.26,NSO published (national vital statistics / Eurostat),,2026-06-15,HIGH,NSO_TFR_RESOURCE_2026_06,2026-06-15,Δ vs WPP +0.03
GLP,2005,2.37,NSO published (national vital statistics / Eurostat),,2026-06-15,HIGH,NSO_TFR_RESOURCE_2026_06,2026-06-15,Δ vs WPP +0.07
GLP,2006,2.33,NSO published (national vital statistics / Eurostat),,2026-06-15,HIGH,NSO_TFR_RESOURCE_2026_06,2026-06-15,Δ vs WPP +0.04
GLP,2007,2.27,NSO published (national vital statistics / Eurostat),,2026-06-15,HIGH,NSO_TFR_RESOURCE_2026_06,2026-06-15,Δ vs WPP +0.04
GLP,2008,2.2,NSO published (national vital statistics / Eurostat),,2026-06-15,HIGH,NSO_TFR_RESOURCE_2026_06,2026-06-15,Δ vs WPP +0.04
GLP,2009,2.13,NSO published (national vital statistics / Eurostat),,2026-06-15,HIGH,NSO_TFR_RESOURCE_2026_06,2026-06-15,Δ vs WPP +0.02
GLP,2010,2.12,NSO published (national vital statistics / Eurostat),,2026-06-15,HIGH,NSO_TFR_RESOURCE_2026_06,2026-06-15,Δ vs WPP -0.02
GLP,2011,2.19,NSO published (national vital statistics / Eurostat),,2026-06-15,HIGH,NSO_TFR_RESOURCE_2026_06,2026-06-15,Δ vs WPP +0.02
GLP,2012,2.2,NSO published (national vital statistics / Eurostat),,2026-06-15,HIGH,NSO_TFR_RESOURCE_2026_06,2026-06-15,Δ vs WPP +0.01
GLP,2013,2.17,NSO published (national vital statistics / Eurostat),,2026-06-15,HIGH,NSO_TFR_RESOURCE_2026_06,2026-06-15,Δ vs WPP -0.05
GLP,2014,2.19,NSO published (national vital statistics / Eurostat),,2026-06-15,HIGH,NSO_TFR_RESOURCE_2026_06,2026-06-15,Δ vs WPP -0.02
GLP,2015,2.1,NSO published (national vital statistics / Eurostat),,2026-06-15,HIGH,NSO_TFR_RESOURCE_2026_06,2026-06-15,Δ vs WPP -0.08
GLP,2016,2.14,NSO published (national vital statistics / Eurostat),,2026-06-15,HIGH,NSO_TFR_RESOURCE_2026_06,2026-06-15,Δ vs WPP -0.00
GLP,2017,1.94,Wikipedia: Demographics of [GLP] (vital statistics),,2026-05-13,HIGH,EDITOR_DECISION_2026_05_v2,2026-05-13,Δ vs WPP -0.14
GLP,2018,2.04,Wikipedia: Demographics of [GLP] (vital statistics),,2026-05-13,HIGH,EDITOR_DECISION_2026_05_v2,2026-05-13,Δ vs WPP -0.06
GLP,2019,2.23,Wikipedia: Demographics of [GLP] (vital statistics),,2026-05-13,HIGH,EDITOR_DECISION_2026_05_v2,2026-05-13,Δ vs WPP +0.08
GLP,2020,2.27,Wikipedia: Demographics of [GLP] (vital statistics),,2026-05-13,HIGH,EDITOR_DECISION_2026_05_v2,2026-05-13,Δ vs WPP +0.10
GLP,2021,2.11,Wikipedia: Demographics of [GLP] (vital statistics),,2026-05-13,HIGH,EDITOR_DECISION_2026_05_v2,2026-05-13,Δ vs WPP -0.02
GLP,2022,2.08,Wikipedia: Demographics of [GLP] (vital statistics),,2026-05-13,HIGH,EDITOR_DECISION_2026_05_v2,2026-05-13,Δ vs WPP -0.03
GLP,2023,2.01,Wikipedia: Demographics of [GLP] (vital statistics),,2026-05-13,HIGH,EDITOR_DECISION_2026_05_v2,2026-05-13,Δ vs WPP -0.08
GLP,2024,1.75,Wikipedia: Demographics of [GLP] (vital statistics),,2026-05-13,MEDIUM,EDITOR_DECISION_2026_05_v2,2026-05-13,Δ vs WPP -0.32. Editor certainty: Recheck
GLP,2025,1.7,Wikipedia (bidirectional TFR interpolation),,2026-05-14,MEDIUM,CALCNEW_V7_FRESH,2026-05-14,Calc New v7 (tfr_extrap_fwd). 
GRC,2016,1.38,NSO published (national vital statistics / Eurostat),,2026-06-15,HIGH,NSO_TFR_RESOURCE_2026_06,2026-06-15,Δ vs WPP -0.00
GRC,2017,1.35,NSO published (national vital statistics / Eurostat),,2026-06-15,HIGH,NSO_TFR_RESOURCE_2026_06,2026-06-15,Δ vs WPP +0.00
GRC,2018,1.35,NSO published (national vital statistics / Eurostat),,2026-06-15,HIGH,NSO_TFR_RESOURCE_2026_06,2026-06-15,Δ vs WPP +0.00
GRC,2019,1.34,NSO published (national vital statistics / Eurostat),,2026-06-15,HIGH,NSO_TFR_RESOURCE_2026_06,2026-06-15,Δ vs WPP +0.00
GRC,2020,1.39,Wikipedia: Demographics of [GRC] (vital statistics),,2026-05-13,HIGH,EDITOR_DECISION_2026_05_v2,2026-05-13,Δ vs WPP +0.02
GRC,2021,1.43,Wikipedia: Demographics of [GRC] (vital statistics),,2026-05-13,HIGH,EDITOR_DECISION_2026_05_v2,2026-05-13,Δ vs WPP +0.02
GRC,2022,1.32,Wikipedia: Demographics of [GRC] (vital statistics),,2026-05-13,HIGH,EDITOR_DECISION_2026_05_v2,2026-05-13,Δ vs WPP +0.02
GRC,2023,1.26,Wikipedia: Demographics of [GRC] (vital statistics),,2026-05-13,HIGH,EDITOR_DECISION_2026_05_v2,2026-05-13,Δ vs WPP -0.05
GRC,2024,1.24,Wikipedia: Demographics of [GRC] (vital statistics),,2026-05-13,MEDIUM,EDITOR_DECISION_2026_05_v2,2026-05-13,Δ vs WPP -0.08. Editor certainty: Recheck
GRC,2025,1.23,Wikipedia: Demographics of [GRC] (vital statistics),,2026-05-13,MEDIUM,EDITOR_DECISION_2026_05_v2,2026-05-13,Δ vs WPP -0.11. Editor certainty: Recheck
GRD,2005,2.2,NSO published (national vital statistics / Eurostat),,2026-06-15,HIGH,NSO_TFR_RESOURCE_2026_06,2026-06-15,Δ vs WPP -0.04
GRD,2006,1.9,NSO published (national vital statistics / Eurostat),,2026-06-15,HIGH,NSO_TFR_RESOURCE_2026_06,2026-06-15,Δ vs WPP -0.29
GRD,2007,2.2,NSO published (national vital statistics / Eurostat),,2026-06-15,HIGH,NSO_TFR_RESOURCE_2026_06,2026-06-15,Δ vs WPP +0.05
GRD,2008,2.1,NSO published (national vital statistics / Eurostat),,2026-06-15,HIGH,NSO_TFR_RESOURCE_2026_06,2026-06-15,Δ vs WPP -0.02
GRD,2009,2,NSO published (national vital statistics / Eurostat),,2026-06-15,HIGH,NSO_TFR_RESOURCE_2026_06,2026-06-15,Δ vs WPP -0.08
GRD,2010,1.9,NSO published (national vital statistics / Eurostat),,2026-06-15,HIGH,NSO_TFR_RESOURCE_2026_06,2026-06-15,Δ vs WPP -0.14
GRD,2011,2.177,NSO published (national vital statistics / Eurostat),,2026-06-15,HIGH,NSO_TFR_RESOURCE_2026_06,2026-06-15,Δ vs WPP +0.17
GRD,2012,1.924,NSO published (national vital statistics / Eurostat),,2026-06-15,HIGH,NSO_TFR_RESOURCE_2026_06,2026-06-15,Δ vs WPP -0.04
GRD,2013,2.129,NSO published (national vital statistics / Eurostat),,2026-06-15,HIGH,NSO_TFR_RESOURCE_2026_06,2026-06-15,Δ vs WPP +0.22
GRD,2014,2.003,NSO published (national vital statistics / Eurostat),,2026-06-15,HIGH,NSO_TFR_RESOURCE_2026_06,2026-06-15,Δ vs WPP +0.20
GRD,2015,1.925,NSO published (national vital statistics / Eurostat),,2026-06-15,HIGH,NSO_TFR_RESOURCE_2026_06,2026-06-15,Δ vs WPP +0.21
GRD,2016,1.788,Wikipedia: Demographics of [GRD] (vital statistics),,2026-05-13,HIGH,EDITOR_DECISION_2026_05_v2,2026-05-13,Δ vs WPP +0.17
GRD,2017,1.705,Wikipedia: Demographics of [GRD] (vital statistics),,2026-05-13,HIGH,EDITOR_DECISION_2026_05_v2,2026-05-13,Δ vs WPP +0.27
GRD,2018,1.693,Wikipedia: Demographics of [GRD] (vital statistics),,2026-05-13,HIGH,EDITOR_DECISION_2026_05_v2,2026-05-13,Δ vs WPP +0.16
GRD,2019,1.8,"Wikipedia (TFR from observed births × local-window ratio, outlier-filtered)",,2026-05-14,HIGH,CALCNEW_V7_FRESH,2026-05-14,"Calc New v7 (v7_births_5anchor_±5y). R=0.001145, anchors=[(2014, 1750.0, 2.003, 0.00114457), (2015, 1694.0, 1.925, 0.00113636), (2016, 1577.0, 1.788, 0.0011338), (2017, 1398.0, 1.705, 0.0012196), (2018, 1520.0, 1.693, 0.00111382)], dropped=[], window=±5y. Wiki-observed births 2019: 1,575."
GRD,2020,1.77,"Wikipedia (TFR from observed births × local-window ratio, outlier-filtered)",,2026-05-14,HIGH,CALCNEW_V7_FRESH,2026-05-14,"Calc New v7 (v7_births_4anchor_±5y). R=0.001149, anchors=[(2015, 1694.0, 1.925, 0.00113636), (2016, 1577.0, 1.788, 0.0011338), (2017, 1398.0, 1.705, 0.0012196), (2018, 1520.0, 1.693, 0.00111382)], dropped=[], window=±5y. Wiki-observed births 2020: 1,540."
GRD,2021,1.86,"Wikipedia (TFR from observed births × local-window ratio, outlier-filtered)",,2026-05-14,HIGH,CALCNEW_V7_FRESH,2026-05-14,"Calc New v7 (v7_births_3anchor_±5y). R=0.001153, anchors=[(2016, 1577.0, 1.788, 0.0011338), (2017, 1398.0, 1.705, 0.0012196), (2018, 1520.0, 1.693, 0.00111382)], dropped=[], window=±5y. Wiki-observed births 2021: 1,611."
GRD,2022,1.71,"Wikipedia (TFR from observed births × local-window ratio, outlier-filtered)",,2026-05-14,HIGH,CALCNEW_V7_FRESH,2026-05-14,"Calc New v7 (v7_births_2anchor_±5y). R=0.001161, anchors=[(2017, 1398.0, 1.705, 0.0012196), (2018, 1520.0, 1.693, 0.00111382)], dropped=[], window=±5y. Wiki-observed births 2022: 1,469."
GRD,2023,1.6,"Wikipedia (TFR from observed births × local-window ratio, outlier-filtered)",,2026-05-14,HIGH,CALCNEW_V7_FRESH,2026-05-14,"Calc New v7 (v7_births_5anchor_±10y). R=0.001162, anchors=[(2013, 1838.0, 2.129, 0.00115832), (2014, 1750.0, 2.003, 0.00114457), (2015, 1694.0, 1.925, 0.00113636), (2016, 1577.0, 1.788, 0.0011338), (2017, 1398.0, 1.705, 0.0012196)], dropped=[], window=±10y. Wiki-observed births 2023: 1,380."
GRD,2024,1.39,Wikipedia (bidirectional TFR interpolation),,2026-05-14,MEDIUM,CALCNEW_V7_FRESH,2026-05-14,Calc New v7 (tfr_extrap_fwd). 
GRD,2025,1.34,Wikipedia (bidirectional TFR interpolation),,2026-05-14,MEDIUM,CALCNEW_V7_FRESH,2026-05-14,Calc New v7 (tfr_extrap_fwd). 
GRL,2016,2.04,Wikipedia: Demographics of [GRL] (vital statistics),,2026-05-13,HIGH,EDITOR_DECISION_2026_05_v2,2026-05-13,Δ vs WPP -0.03
GRL,2017,2.09,Wikipedia: Demographics of [GRL] (vital statistics),,2026-05-13,HIGH,EDITOR_DECISION_2026_05_v2,2026-05-13,Δ vs WPP +0.02
GRL,2018,1.99,Wikipedia: Demographics of [GRL] (vital statistics),,2026-05-13,HIGH,EDITOR_DECISION_2026_05_v2,2026-05-13,Δ vs WPP -0.03
GRL,2019,2.05,Wikipedia: Demographics of [GRL] (vital statistics),,2026-05-13,HIGH,EDITOR_DECISION_2026_05_v2,2026-05-13,Δ vs WPP +0.04
GRL,2020,2.06,Wikipedia: Demographics of [GRL] (vital statistics),,2026-05-13,HIGH,EDITOR_DECISION_2026_05_v2,2026-05-13,Δ vs WPP +0.06
GRL,2021,1.82,Wikipedia: Demographics of [GRL] (vital statistics),,2026-05-13,HIGH,EDITOR_DECISION_2026_05_v2,2026-05-13,Δ vs WPP -0.17
GRL,2022,1.79,Wikipedia: Demographics of [GRL] (vital statistics),,2026-05-13,HIGH,EDITOR_DECISION_2026_05_v2,2026-05-13,Δ vs WPP -0.18
GRL,2023,1.72,Wikipedia: Demographics of [GRL] (vital statistics),,2026-05-13,HIGH,EDITOR_DECISION_2026_05_v2,2026-05-13,Δ vs WPP -0.23
GRL,2024,1.64,Wikipedia: Demographics of [GRL] (vital statistics),,2026-05-13,MEDIUM,EDITOR_DECISION_2026_05_v2,2026-05-13,Δ vs WPP -0.29. Editor certainty: Recheck
GRL,2025,1.64,Wikipedia: Demographics of [GRL] (vital statistics),,2026-05-13,MEDIUM,EDITOR_DECISION_2026_05_v2,2026-05-13,Δ vs WPP -0.27. Editor certainty: Recheck
GTM,2005,3.796,INE Guatemala,https://www.ine.gob.gt/,2026-05-13,HIGH,EDITOR_DECISION_2026_05_v2,2026-05-13,Pre-2016 override (editor matrix start year: 2005)
GTM,2006,3.62,INE Guatemala,https://www.ine.gob.gt/,2026-05-13,HIGH,EDITOR_DECISION_2026_05_v2,2026-05-13,Pre-2016 override (editor matrix start year: 2005)
GTM,2007,3.46,INE Guatemala,https://www.ine.gob.gt/,2026-05-13,HIGH,EDITOR_DECISION_2026_05_v2,2026-05-13,Pre-2016 override (editor matrix start year: 2005)
GTM,2008,3.386,INE Guatemala,https://www.ine.gob.gt/,2026-05-13,HIGH,EDITOR_DECISION_2026_05_v2,2026-05-13,Pre-2016 override (editor matrix start year: 2005)
GTM,2009,3.122,INE Guatemala,https://www.ine.gob.gt/,2026-05-13,HIGH,EDITOR_DECISION_2026_05_v2,2026-05-13,Pre-2016 override (editor matrix start year: 2005)
GTM,2010,3.095,INE Guatemala,https://www.ine.gob.gt/,2026-05-13,HIGH,EDITOR_DECISION_2026_05_v2,2026-05-13,Pre-2016 override (editor matrix start year: 2005)
GTM,2011,3.088,INE Guatemala,https://www.ine.gob.gt/,2026-05-13,HIGH,EDITOR_DECISION_2026_05_v2,2026-05-13,Pre-2016 override (editor matrix start year: 2005)
GTM,2012,3.105,INE Guatemala,https://www.ine.gob.gt/,2026-05-13,HIGH,EDITOR_DECISION_2026_05_v2,2026-05-13,Pre-2016 override (editor matrix start year: 2005)
GTM,2013,3.05,INE Guatemala,https://www.ine.gob.gt/,2026-05-13,HIGH,EDITOR_DECISION_2026_05_v2,2026-05-13,Pre-2016 override (editor matrix start year: 2005)
GTM,2014,3.046,INE Guatemala,https://www.ine.gob.gt/,2026-05-13,HIGH,EDITOR_DECISION_2026_05_v2,2026-05-13,Pre-2016 override (editor matrix start year: 2005)
GTM,2015,2.896,INE Guatemala,https://www.ine.gob.gt/,2026-05-13,HIGH,EDITOR_DECISION_2026_05_v2,2026-05-13,Pre-2016 override (editor matrix start year: 2005)
GTM,2016,2.804,INE Guatemala,https://www.ine.gob.gt/,2026-05-13,HIGH,EDITOR_DECISION_2026_05_v2,2026-05-13,Δ vs WPP -0.17. Editor certainty: Materially Lower
GTM,2017,2.663,INE Guatemala,https://www.ine.gob.gt/,2026-05-13,HIGH,EDITOR_DECISION_2026_05_v2,2026-05-13,Δ vs WPP -0.20. Editor certainty: Materially Lower
GTM,2018,2.617,INE Guatemala,https://www.ine.gob.gt/,2026-05-13,HIGH,EDITOR_DECISION_2026_05_v2,2026-05-13,Δ vs WPP -0.12. Editor certainty: Materially Lower
GTM,2019,2.464,INE Guatemala,https://www.ine.gob.gt/,2026-05-13,HIGH,EDITOR_DECISION_2026_05_v2,2026-05-13,Δ vs WPP -0.13. Editor certainty: Materially Lower
GTM,2020,2.266,INE Guatemala,https://www.ine.gob.gt/,2026-05-13,HIGH,EDITOR_DECISION_2026_05_v2,2026-05-13,Δ vs WPP -0.20. Editor certainty: Materially Lower
GTM,2021,2.261,INE Guatemala,https://www.ine.gob.gt/,2026-05-13,HIGH,EDITOR_DECISION_2026_05_v2,2026-05-13,Δ vs WPP -0.13. Editor certainty: Materially Lower
GTM,2022,2.242,INE Guatemala,https://www.ine.gob.gt/,2026-05-13,HIGH,EDITOR_DECISION_2026_05_v2,2026-05-13,Δ vs WPP -0.10. Editor certainty: Materially Lower
GTM,2023,2.205,INE Guatemala,https://www.ine.gob.gt/,2026-05-13,HIGH,EDITOR_DECISION_2026_05_v2,2026-05-13,Δ vs WPP -0.10. Editor certainty: Materially Lower
GTM,2024,1.906,INE Guatemala,https://www.ine.gob.gt/,2026-05-13,HIGH,EDITOR_DECISION_2026_05_v2,2026-05-13,Δ vs WPP -0.38. Editor certainty: Materially Lower
GTM,2025,1.86,Wikipedia (bidirectional TFR interpolation),,2026-05-14,MEDIUM,CALCNEW_V7_FRESH,2026-05-14,Calc New v7 (tfr_extrap_fwd). 
GUF,1998,3.83,NSO published (national vital statistics / Eurostat),,2026-06-15,HIGH,NSO_TFR_RESOURCE_2026_06,2026-06-15,Δ vs WPP +0.09
GUF,1999,3.87,NSO published (national vital statistics / Eurostat),,2026-06-15,HIGH,NSO_TFR_RESOURCE_2026_06,2026-06-15,Δ vs WPP +0.07
GUF,2000,3.94,NSO published (national vital statistics / Eurostat),,2026-06-15,HIGH,NSO_TFR_RESOURCE_2026_06,2026-06-15,Δ vs WPP -0.02
GUF,2001,3.79,NSO published (national vital statistics / Eurostat),,2026-06-15,HIGH,NSO_TFR_RESOURCE_2026_06,2026-06-15,Δ vs WPP +0.01
GUF,2002,3.73,NSO published (national vital statistics / Eurostat),,2026-06-15,HIGH,NSO_TFR_RESOURCE_2026_06,2026-06-15,Δ vs WPP +0.01
GUF,2003,3.77,NSO published (national vital statistics / Eurostat),,2026-06-15,HIGH,NSO_TFR_RESOURCE_2026_06,2026-06-15,Δ vs WPP +0.00
GUF,2004,3.47,NSO published (national vital statistics / Eurostat),,2026-06-15,HIGH,NSO_TFR_RESOURCE_2026_06,2026-06-15,Δ vs WPP +0.00
GUF,2005,3.79,NSO published (national vital statistics / Eurostat),,2026-06-15,HIGH,NSO_TFR_RESOURCE_2026_06,2026-06-15,Δ vs WPP +0.01
GUF,2006,3.8,NSO published (national vital statistics / Eurostat),,2026-06-15,HIGH,NSO_TFR_RESOURCE_2026_06,2026-06-15,Δ vs WPP -0.02
GUF,2007,3.74,NSO published (national vital statistics / Eurostat),,2026-06-15,HIGH,NSO_TFR_RESOURCE_2026_06,2026-06-15,Δ vs WPP -0.04
GUF,2008,3.57,NSO published (national vital statistics / Eurostat),,2026-06-15,HIGH,NSO_TFR_RESOURCE_2026_06,2026-06-15,Δ vs WPP +0.00
GUF,2009,3.5,NSO published (national vital statistics / Eurostat),,2026-06-15,HIGH,NSO_TFR_RESOURCE_2026_06,2026-06-15,Δ vs WPP +0.01
GUF,2010,3.37,NSO published (national vital statistics / Eurostat),,2026-06-15,HIGH,NSO_TFR_RESOURCE_2026_06,2026-06-15,Δ vs WPP -0.06
GUF,2011,3.42,NSO published (national vital statistics / Eurostat),,2026-06-15,HIGH,NSO_TFR_RESOURCE_2026_06,2026-06-15,Δ vs WPP -0.06
GUF,2012,3.6,NSO published (national vital statistics / Eurostat),,2026-06-15,HIGH,NSO_TFR_RESOURCE_2026_06,2026-06-15,Δ vs WPP -0.02
GUF,2013,3.47,NSO published (national vital statistics / Eurostat),,2026-06-15,HIGH,NSO_TFR_RESOURCE_2026_06,2026-06-15,Δ vs WPP -0.00
GUF,2014,3.44,NSO published (national vital statistics / Eurostat),,2026-06-15,HIGH,NSO_TFR_RESOURCE_2026_06,2026-06-15,Δ vs WPP -0.03
GUF,2015,3.44,NSO published (national vital statistics / Eurostat),,2026-06-15,HIGH,NSO_TFR_RESOURCE_2026_06,2026-06-15,Δ vs WPP -0.11
GUF,2016,3.61,Wikipedia: Demographics of [GUF] (vital statistics),,2026-05-13,HIGH,EDITOR_DECISION_2026_05_v2,2026-05-13,Δ vs WPP -0.03
GUF,2017,3.92,Wikipedia: Demographics of [GUF] (vital statistics),,2026-05-13,HIGH,EDITOR_DECISION_2026_05_v2,2026-05-13,Δ vs WPP +0.04
GUF,2018,3.82,Wikipedia: Demographics of [GUF] (vital statistics),,2026-05-13,HIGH,EDITOR_DECISION_2026_05_v2,2026-05-13,Δ vs WPP +0.04
GUF,2019,3.82,Wikipedia: Demographics of [GUF] (vital statistics),,2026-05-13,HIGH,EDITOR_DECISION_2026_05_v2,2026-05-13,Δ vs WPP +0.09
GUF,2020,3.75,Wikipedia: Demographics of [GUF] (vital statistics),,2026-05-13,HIGH,EDITOR_DECISION_2026_05_v2,2026-05-13,Δ vs WPP +0.09
GUF,2021,3.81,Wikipedia: Demographics of [GUF] (vital statistics),,2026-05-13,HIGH,EDITOR_DECISION_2026_05_v2,2026-05-13,Δ vs WPP +0.10
GUF,2022,3.61,Wikipedia: Demographics of [GUF] (vital statistics),,2026-05-13,HIGH,EDITOR_DECISION_2026_05_v2,2026-05-13,Δ vs WPP +0.17
GUF,2023,3.57,Wikipedia: Demographics of [GUF] (vital statistics),,2026-05-13,HIGH,EDITOR_DECISION_2026_05_v2,2026-05-13,Δ vs WPP +0.18
GUF,2024,3.05,Wikipedia: Demographics of [GUF] (vital statistics),,2026-05-13,MEDIUM,EDITOR_DECISION_2026_05_v2,2026-05-13,Δ vs WPP -0.29. Editor certainty: Recheck
GUF,2025,3.0,Wikipedia (bidirectional TFR interpolation),,2026-05-14,MEDIUM,CALCNEW_V7_FRESH,2026-05-14,Calc New v7 (tfr_extrap_fwd). 
GUM,2009,2.72,NSO published (national vital statistics / Eurostat),,2026-06-15,HIGH,NSO_TFR_RESOURCE_2026_06,2026-06-15,Δ vs WPP -0.17
GUM,2010,3,NSO published (national vital statistics / Eurostat),,2026-06-15,HIGH,NSO_TFR_RESOURCE_2026_06,2026-06-15,Δ vs WPP +0.03
GUM,2011,2.86,NSO published (national vital statistics / Eurostat),,2026-06-15,HIGH,NSO_TFR_RESOURCE_2026_06,2026-06-15,Δ vs WPP -0.02
GUM,2012,3.15,NSO published (national vital statistics / Eurostat),,2026-06-15,HIGH,NSO_TFR_RESOURCE_2026_06,2026-06-15,Δ vs WPP +0.03
GUM,2013,2.87,NSO published (national vital statistics / Eurostat),,2026-06-15,HIGH,NSO_TFR_RESOURCE_2026_06,2026-06-15,Δ vs WPP -0.01
GUM,2014,2.96,NSO published (national vital statistics / Eurostat),,2026-06-15,HIGH,NSO_TFR_RESOURCE_2026_06,2026-06-15,Δ vs WPP +0.01
GUM,2015,2.93,NSO published (national vital statistics / Eurostat),,2026-06-15,HIGH,NSO_TFR_RESOURCE_2026_06,2026-06-15,Δ vs WPP -0.00
GUM,2016,3.08,Guam BSP / CDC NCHS,https://bsp.guam.gov/,2026-05-13,HIGH,EDITOR_DECISION_2026_05_v2,2026-05-13,Δ vs WPP -0.09. Editor certainty: Materially Lower
GUM,2017,2.97,Guam BSP / CDC NCHS,https://bsp.guam.gov/,2026-05-13,HIGH,EDITOR_DECISION_2026_05_v2,2026-05-13,Δ vs WPP -0.12. Editor certainty: Materially Lower
GUM,2018,2.85,Guam BSP / CDC NCHS,https://bsp.guam.gov/,2026-05-13,HIGH,EDITOR_DECISION_2026_05_v2,2026-05-13,Δ vs WPP -0.14. Editor certainty: Materially Lower
GUM,2019,2.74,Guam BSP / CDC NCHS,https://bsp.guam.gov/,2026-05-13,HIGH,EDITOR_DECISION_2026_05_v2,2026-05-13,Δ vs WPP -0.20. Editor certainty: Materially Lower
GUM,2020,2.41,Guam BSP / CDC NCHS,https://bsp.guam.gov/,2026-05-13,HIGH,EDITOR_DECISION_2026_05_v2,2026-05-13,Δ vs WPP -0.49. Editor certainty: Materially Lower
GUM,2021,2.36,Guam BSP / CDC NCHS,https://bsp.guam.gov/,2026-05-13,HIGH,EDITOR_DECISION_2026_05_v2,2026-05-13,Δ vs WPP -0.50. Editor certainty: Materially Lower
GUM,2022,2.26,Guam BSP / CDC NCHS,https://bsp.guam.gov/,2026-05-13,HIGH,EDITOR_DECISION_2026_05_v2,2026-05-13,Δ vs WPP -0.56. Editor certainty: Materially Lower
GUM,2023,2.11,Guam BSP / CDC NCHS,https://bsp.guam.gov/,2026-05-13,HIGH,EDITOR_DECISION_2026_05_v2,2026-05-13,Δ vs WPP -0.67. Editor certainty: Materially Lower
GUM,2024,2.11,"Wikipedia (TFR from observed births × local-window ratio, outlier-filtered)",,2026-05-14,HIGH,CALCNEW_V7_FRESH,2026-05-14,"Calc New v7 (v7_births_5anchor_±5y). R=0.000889, anchors=[(2019, 3041.0, 2.74, 0.00090102), (2020, 2935.0, 2.41, 0.00082112), (2021, 2623.0, 2.36, 0.00089973), (2022, 2518.0, 2.26, 0.00089754), (2023, 2353.0, 2.11, 0.00089673)], dropped=[], window=±5y. Wiki-observed births 2024: 2,370."
GUM,2025,2.01,Wikipedia (bidirectional TFR interpolation),,2026-05-14,MEDIUM,CALCNEW_V7_FRESH,2026-05-14,Calc New v7 (tfr_extrap_fwd). 
HKG,1965,4.422,NSO published (national vital statistics / Eurostat),,2026-06-15,HIGH,NSO_TFR_RESOURCE_2026_06,2026-06-15,Δ vs WPP -0.50
HKG,1966,4.152,NSO published (national vital statistics / Eurostat),,2026-06-15,HIGH,NSO_TFR_RESOURCE_2026_06,2026-06-15,Δ vs WPP -0.31
HKG,1967,3.887,NSO published (national vital statistics / Eurostat),,2026-06-15,HIGH,NSO_TFR_RESOURCE_2026_06,2026-06-15,Δ vs WPP -0.24
HKG,1968,3.649,NSO published (national vital statistics / Eurostat),,2026-06-15,HIGH,NSO_TFR_RESOURCE_2026_06,2026-06-15,Δ vs WPP -0.13
HKG,1969,3.448,NSO published (national vital statistics / Eurostat),,2026-06-15,HIGH,NSO_TFR_RESOURCE_2026_06,2026-06-15,Δ vs WPP -0.15
HKG,1970,3.284,NSO published (national vital statistics / Eurostat),,2026-06-15,HIGH,NSO_TFR_RESOURCE_2026_06,2026-06-15,Δ vs WPP -0.10
HKG,1971,3.459,NSO published (national vital statistics / Eurostat),,2026-06-15,HIGH,NSO_TFR_RESOURCE_2026_06,2026-06-15,Δ vs WPP +0.06
HKG,1972,3.315,NSO published (national vital statistics / Eurostat),,2026-06-15,HIGH,NSO_TFR_RESOURCE_2026_06,2026-06-15,Δ vs WPP +0.06
HKG,1973,3.177,NSO published (national vital statistics / Eurostat),,2026-06-15,HIGH,NSO_TFR_RESOURCE_2026_06,2026-06-15,Δ vs WPP +0.04
HKG,1974,2.967,NSO published (national vital statistics / Eurostat),,2026-06-15,HIGH,NSO_TFR_RESOURCE_2026_06,2026-06-15,Δ vs WPP +0.01
HKG,1975,2.666,NSO published (national vital statistics / Eurostat),,2026-06-15,HIGH,NSO_TFR_RESOURCE_2026_06,2026-06-15,Δ vs WPP +0.04
HKG,1976,2.48,NSO published (national vital statistics / Eurostat),,2026-06-15,HIGH,NSO_TFR_RESOURCE_2026_06,2026-06-15,Δ vs WPP +0.06
HKG,1977,2.376,NSO published (national vital statistics / Eurostat),,2026-06-15,HIGH,NSO_TFR_RESOURCE_2026_06,2026-06-15,Δ vs WPP +0.07
HKG,1978,2.272,NSO published (national vital statistics / Eurostat),,2026-06-15,HIGH,NSO_TFR_RESOURCE_2026_06,2026-06-15,Δ vs WPP +0.07
HKG,1979,2.12,NSO published (national vital statistics / Eurostat),,2026-06-15,HIGH,NSO_TFR_RESOURCE_2026_06,2026-06-15,Δ vs WPP +0.00
HKG,1980,2.047,NSO published (national vital statistics / Eurostat),,2026-06-15,HIGH,NSO_TFR_RESOURCE_2026_06,2026-06-15,Δ vs WPP -0.01
HKG,1981,1.933,NSO published (national vital statistics / Eurostat),,2026-06-15,HIGH,NSO_TFR_RESOURCE_2026_06,2026-06-15,Δ vs WPP -0.02
HKG,1982,1.86,NSO published (national vital statistics / Eurostat),,2026-06-15,HIGH,NSO_TFR_RESOURCE_2026_06,2026-06-15,Δ vs WPP -0.01
HKG,1983,1.722,NSO published (national vital statistics / Eurostat),,2026-06-15,HIGH,NSO_TFR_RESOURCE_2026_06,2026-06-15,Δ vs WPP -0.02
HKG,1984,1.559,NSO published (national vital statistics / Eurostat),,2026-06-15,HIGH,NSO_TFR_RESOURCE_2026_06,2026-06-15,Δ vs WPP -0.03
HKG,1985,1.491,NSO published (national vital statistics / Eurostat),,2026-06-15,HIGH,NSO_TFR_RESOURCE_2026_06,2026-06-15,Δ vs WPP -0.01
HKG,1986,1.367,NSO published (national vital statistics / Eurostat),,2026-06-15,HIGH,NSO_TFR_RESOURCE_2026_06,2026-06-15,Δ vs WPP -0.02
HKG,1987,1.311,NSO published (national vital statistics / Eurostat),,2026-06-15,HIGH,NSO_TFR_RESOURCE_2026_06,2026-06-15,Δ vs WPP -0.03
HKG,1988,1.4,NSO published (national vital statistics / Eurostat),,2026-06-15,HIGH,NSO_TFR_RESOURCE_2026_06,2026-06-15,Δ vs WPP -0.00
HKG,1989,1.296,NSO published (national vital statistics / Eurostat),,2026-06-15,HIGH,NSO_TFR_RESOURCE_2026_06,2026-06-15,Δ vs WPP -0.02
HKG,1990,1.272,NSO published (national vital statistics / Eurostat),,2026-06-15,HIGH,NSO_TFR_RESOURCE_2026_06,2026-06-15,Δ vs WPP -0.01
HKG,1991,1.281,NSO published (national vital statistics / Eurostat),,2026-06-15,HIGH,NSO_TFR_RESOURCE_2026_06,2026-06-15,Δ vs WPP -0.02
HKG,1992,1.347,NSO published (national vital statistics / Eurostat),,2026-06-15,HIGH,NSO_TFR_RESOURCE_2026_06,2026-06-15,Δ vs WPP -0.01
HKG,1993,1.342,NSO published (national vital statistics / Eurostat),,2026-06-15,HIGH,NSO_TFR_RESOURCE_2026_06,2026-06-15,Δ vs WPP -0.02
HKG,1994,1.355,NSO published (national vital statistics / Eurostat),,2026-06-15,HIGH,NSO_TFR_RESOURCE_2026_06,2026-06-15,Δ vs WPP -0.01
HKG,1995,1.295,NSO published (national vital statistics / Eurostat),,2026-06-15,HIGH,NSO_TFR_RESOURCE_2026_06,2026-06-15,Δ vs WPP -0.01
HKG,1996,1.191,NSO published (national vital statistics / Eurostat),,2026-06-15,HIGH,NSO_TFR_RESOURCE_2026_06,2026-06-15,Δ vs WPP -0.01
HKG,1997,1.127,NSO published (national vital statistics / Eurostat),,2026-06-15,HIGH,NSO_TFR_RESOURCE_2026_06,2026-06-15,Δ vs WPP +0.00
HKG,1998,1.016,NSO published (national vital statistics / Eurostat),,2026-06-15,HIGH,NSO_TFR_RESOURCE_2026_06,2026-06-15,Δ vs WPP -0.01
HKG,1999,0.981,NSO published (national vital statistics / Eurostat),,2026-06-15,HIGH,NSO_TFR_RESOURCE_2026_06,2026-06-15,Δ vs WPP -0.01
HKG,2000,1.032,NSO published (national vital statistics / Eurostat),,2026-06-15,HIGH,NSO_TFR_RESOURCE_2026_06,2026-06-15,Δ vs WPP +0.01
HKG,2001,0.931,NSO published (national vital statistics / Eurostat),,2026-06-15,HIGH,NSO_TFR_RESOURCE_2026_06,2026-06-15,Δ vs WPP -0.01
HKG,2002,0.941,NSO published (national vital statistics / Eurostat),,2026-06-15,HIGH,NSO_TFR_RESOURCE_2026_06,2026-06-15,Δ vs WPP +0.01
HKG,2003,0.901,NSO published (national vital statistics / Eurostat),,2026-06-15,HIGH,NSO_TFR_RESOURCE_2026_06,2026-06-15,Δ vs WPP -0.00
HKG,2004,0.922,NSO published (national vital statistics / Eurostat),,2026-06-15,HIGH,NSO_TFR_RESOURCE_2026_06,2026-06-15,Δ vs WPP +0.00
HKG,2005,0.959,NSO published (national vital statistics / Eurostat),,2026-06-15,HIGH,NSO_TFR_RESOURCE_2026_06,2026-06-15,Δ vs WPP +0.00
HKG,2006,0.984,NSO published (national vital statistics / Eurostat),,2026-06-15,HIGH,NSO_TFR_RESOURCE_2026_06,2026-06-15,Δ vs WPP -0.00
HKG,2007,1.028,NSO published (national vital statistics / Eurostat),,2026-06-15,HIGH,NSO_TFR_RESOURCE_2026_06,2026-06-15,Δ vs WPP -0.00
HKG,2008,1.064,NSO published (national vital statistics / Eurostat),,2026-06-15,HIGH,NSO_TFR_RESOURCE_2026_06,2026-06-15,Δ vs WPP +0.01
HKG,2009,1.055,NSO published (national vital statistics / Eurostat),,2026-06-15,HIGH,NSO_TFR_RESOURCE_2026_06,2026-06-15,Δ vs WPP +0.01
HKG,2010,1.127,NSO published (national vital statistics / Eurostat),,2026-06-15,HIGH,NSO_TFR_RESOURCE_2026_06,2026-06-15,Δ vs WPP +0.01
HKG,2011,1.204,NSO published (national vital statistics / Eurostat),,2026-06-15,HIGH,NSO_TFR_RESOURCE_2026_06,2026-06-15,Δ vs WPP +0.07
HKG,2012,1.285,NSO published (national vital statistics / Eurostat),,2026-06-15,HIGH,NSO_TFR_RESOURCE_2026_06,2026-06-15,Δ vs WPP +0.08
HKG,2013,1.125,NSO published (national vital statistics / Eurostat),,2026-06-15,HIGH,NSO_TFR_RESOURCE_2026_06,2026-06-15,Δ vs WPP -0.14
HKG,2014,1.235,NSO published (national vital statistics / Eurostat),,2026-06-15,HIGH,NSO_TFR_RESOURCE_2026_06,2026-06-15,Δ vs WPP +0.03
HKG,2015,1.196,NSO published (national vital statistics / Eurostat),,2026-06-15,HIGH,NSO_TFR_RESOURCE_2026_06,2026-06-15,Δ vs WPP -0.03
HKG,2016,1.205,NSO published (national vital statistics / Eurostat),,2026-06-15,HIGH,NSO_TFR_RESOURCE_2026_06,2026-06-15,Δ vs WPP -0.00
HKG,2017,1.125,NSO published (national vital statistics / Eurostat),,2026-06-15,HIGH,NSO_TFR_RESOURCE_2026_06,2026-06-15,Δ vs WPP -0.01
HKG,2018,1.08,NSO published (national vital statistics / Eurostat),,2026-06-15,HIGH,NSO_TFR_RESOURCE_2026_06,2026-06-15,Δ vs WPP -0.01
HKG,2019,1.064,NSO published (national vital statistics / Eurostat),,2026-06-15,HIGH,NSO_TFR_RESOURCE_2026_06,2026-06-15,Δ vs WPP +0.01
HKG,2020,0.883,NSO published (national vital statistics / Eurostat),,2026-06-15,HIGH,NSO_TFR_RESOURCE_2026_06,2026-06-15,Δ vs WPP -0.01
HKG,2021,0.772,NSO published (national vital statistics / Eurostat),,2026-06-15,HIGH,NSO_TFR_RESOURCE_2026_06,2026-06-15,Δ vs WPP -0.01
HKG,2022,0.701,NSO published (national vital statistics / Eurostat),,2026-06-15,HIGH,NSO_TFR_RESOURCE_2026_06,2026-06-15,Δ vs WPP -0.01
HKG,2023,0.751,Wikipedia: Demographics of [HKG] (vital statistics),,2026-05-13,HIGH,EDITOR_DECISION_2026_05_v2,2026-05-13,Δ vs WPP +0.03
HKG,2024,0.841,Wikipedia: Demographics of [HKG] (vital statistics),,2026-05-13,MEDIUM,EDITOR_DECISION_2026_05_v2,2026-05-13,Δ vs WPP +0.11. Editor certainty: Recheck
HKG,2025,0.69,"Wikipedia (TFR from observed births × local-window ratio, outlier-filtered)",,2026-05-14,HIGH,CALCNEW_V7_FRESH,2026-05-14,"Calc New v7 (v7_births_5anchor_±5y). R=0.000022, anchors=[(2020, 43031.0, 0.883, 2.052e-05), (2021, 36953.0, 0.772, 2.089e-05), (2022, 32512.0, 0.701, 2.156e-05), (2023, 33288.0, 0.751, 2.256e-05), (2024, 36767.0, 0.841, 2.287e-05)], dropped=[], window=±5y. Wiki-observed births 2025: 31,100."
HND,2012,3.2,NSO published (national vital statistics / Eurostat),,2026-06-15,HIGH,NSO_TFR_RESOURCE_2026_06,2026-06-15,Δ vs WPP +0.27
HND,2013,2.7,INE Honduras,https://www.ine.gob.hn/,2026-05-13,HIGH,EDITOR_DECISION_2026_05_v2,2026-05-13,Pre-2016 override (editor matrix start year: 2013)
HND,2014,2.7,INE Honduras,https://www.ine.gob.hn/,2026-05-13,HIGH,EDITOR_DECISION_2026_05_v2,2026-05-13,Pre-2016 override (editor matrix start year: 2013)
HND,2015,2.6,INE Honduras,https://www.ine.gob.hn/,2026-05-13,HIGH,EDITOR_DECISION_2026_05_v2,2026-05-13,Pre-2016 override (editor matrix start year: 2013)
HND,2016,2.6,INE Honduras,https://www.ine.gob.hn/,2026-05-13,HIGH,EDITOR_DECISION_2026_05_v2,2026-05-13,Δ vs WPP -0.10. Editor certainty: Materially Lower
HND,2017,2.5,INE Honduras,https://www.ine.gob.hn/,2026-05-13,HIGH,EDITOR_DECISION_2026_05_v2,2026-05-13,Δ vs WPP -0.16. Editor certainty: Materially Lower
HND,2018,2.5,INE Honduras,https://www.ine.gob.hn/,2026-05-13,HIGH,EDITOR_DECISION_2026_05_v2,2026-05-13,Δ vs WPP -0.15. Editor certainty: Materially Lower
HND,2019,2.5,INE Honduras,https://www.ine.gob.hn/,2026-05-13,HIGH,EDITOR_DECISION_2026_05_v2,2026-05-13,Δ vs WPP -0.11. Editor certainty: Materially Lower
HND,2020,2.4,INE Honduras,https://www.ine.gob.hn/,2026-05-13,HIGH,EDITOR_DECISION_2026_05_v2,2026-05-13,Δ vs WPP -0.18. Editor certainty: Materially Lower
HND,2021,2.17,"Wikipedia (TFR from observed births × local-window ratio, outlier-filtered)",,2026-05-14,HIGH,CALCNEW_V7_FRESH,2026-05-14,"Calc New v7 (v7_births_5anchor_±5y). R=0.000013, anchors=[(2016, 184954.0, 2.6, 1.406e-05), (2017, 182581.0, 2.5, 1.369e-05), (2018, 181165.0, 2.5, 1.38e-05), (2019, 169171.0, 2.5, 1.478e-05), (2022, 157896.0, 1.8406, 1.166e-05)], dropped=[(2020, 2.076e-05)], window=±5y. Wiki-observed births 2021: 165,684."
HND,2022,1.84,INE Honduras,https://www.ine.gob.hn/,2026-05-13,HIGH,EDITOR_DECISION_2026_05_v2,2026-05-13,Δ vs WPP -0.68. Editor certainty: Materially Lower
HND,2023,1.83,"Wikipedia (TFR from observed births × local-window ratio, outlier-filtered)",,2026-05-14,HIGH,CALCNEW_V7_FRESH,2026-05-14,"Calc New v7 (v7_births_3anchor_±5y). R=0.000012, anchors=[(2018, 181165.0, 2.5, 1.38e-05), (2019, 169171.0, 2.5, 1.478e-05), (2022, 157896.0, 1.8406, 1.166e-05)], dropped=[(2020, 2.076e-05)], window=±5y. Wiki-observed births 2023: 146,669."
HND,2024,1.66,"Wikipedia (TFR from observed births × local-window ratio, outlier-filtered)",,2026-05-14,HIGH,CALCNEW_V7_FRESH,2026-05-14,"Calc New v7 (v7_births_2anchor_±5y). R=0.000013, anchors=[(2019, 169171.0, 2.5, 1.478e-05), (2022, 157896.0, 1.8406, 1.166e-05)], dropped=[(2020, 2.076e-05)], window=±5y. Wiki-observed births 2024: 132,284."
HND,2025,1.69,Wikipedia (bidirectional TFR interpolation),,2026-05-14,MEDIUM,CALCNEW_V7_FRESH,2026-05-14,Calc New v7 (tfr_extrap_fwd). 
HRV,2016,1.44,Wikipedia: Demographics of [HRV] (vital statistics),,2026-05-13,HIGH,EDITOR_DECISION_2026_05_v2,2026-05-13,Δ vs WPP +0.03
HRV,2017,1.46,Wikipedia: Demographics of [HRV] (vital statistics),,2026-05-13,HIGH,EDITOR_DECISION_2026_05_v2,2026-05-13,Δ vs WPP +0.05
HRV,2018,1.53,Wikipedia: Demographics of [HRV] (vital statistics),,2026-05-13,HIGH,EDITOR_DECISION_2026_05_v2,2026-05-13,Δ vs WPP +0.06
HRV,2019,1.54,Wikipedia: Demographics of [HRV] (vital statistics),,2026-05-13,HIGH,EDITOR_DECISION_2026_05_v2,2026-05-13,Δ vs WPP +0.07
HRV,2020,1.56,Wikipedia: Demographics of [HRV] (vital statistics),,2026-05-13,HIGH,EDITOR_DECISION_2026_05_v2,2026-05-13,Δ vs WPP +0.09
HRV,2021,1.63,NSO published (national vital statistics / Eurostat),,2026-06-15,HIGH,NSO_TFR_RESOURCE_2026_06,2026-06-15,Δ vs WPP +0.01
HRV,2022,1.53,NSO published (national vital statistics / Eurostat),,2026-06-15,HIGH,NSO_TFR_RESOURCE_2026_06,2026-06-15,Δ vs WPP -0.00
HRV,2023,1.47,NSO published (national vital statistics / Eurostat),,2026-06-15,HIGH,NSO_TFR_RESOURCE_2026_06,2026-06-15,Δ vs WPP +0.00
HRV,2024,1.46,NSO published (national vital statistics / Eurostat),,2026-06-15,HIGH,NSO_TFR_RESOURCE_2026_06,2026-06-15,Δ vs WPP -0.01
HRV,2025,1.49,Wikipedia: Demographics of [HRV] (vital statistics),,2026-05-13,HIGH,EDITOR_DECISION_2026_05_v2,2026-05-13,Δ vs WPP +0.02
HUN,2016,1.55,NSO published (national vital statistics / Eurostat),,2026-06-15,HIGH,NSO_TFR_RESOURCE_2026_06,2026-06-15,Δ vs WPP +0.04
HUN,2017,1.56,NSO published (national vital statistics / Eurostat),,2026-06-15,HIGH,NSO_TFR_RESOURCE_2026_06,2026-06-15,Δ vs WPP +0.04
HUN,2018,1.57,Wikipedia: Demographics of [HUN] (vital statistics),,2026-05-13,HIGH,EDITOR_DECISION_2026_05_v2,2026-05-13,Δ vs WPP -0.02
HUN,2019,1.58,Wikipedia: Demographics of [HUN] (vital statistics),,2026-05-13,HIGH,EDITOR_DECISION_2026_05_v2,2026-05-13,Δ vs WPP -0.02
HUN,2020,1.61,NSO published (national vital statistics / Eurostat),,2026-06-15,HIGH,NSO_TFR_RESOURCE_2026_06,2026-06-15,Δ vs WPP +0.03
HUN,2021,1.63,NSO published (national vital statistics / Eurostat),,2026-06-15,HIGH,NSO_TFR_RESOURCE_2026_06,2026-06-15,Δ vs WPP +0.02
HUN,2022,1.57,NSO published (national vital statistics / Eurostat),,2026-06-15,HIGH,NSO_TFR_RESOURCE_2026_06,2026-06-15,Δ vs WPP +0.02
HUN,2023,1.55,Wikipedia: Demographics of [HUN] (vital statistics),,2026-05-13,HIGH,EDITOR_DECISION_2026_05_v2,2026-05-13,Δ vs WPP +0.02
HUN,2024,1.41,Wikipedia: Demographics of [HUN] (vital statistics),,2026-05-13,MEDIUM,EDITOR_DECISION_2026_05_v2,2026-05-13,Δ vs WPP -0.10. Editor certainty: Recheck
HUN,2025,1.31,Wikipedia: Demographics of [HUN] (vital statistics),,2026-05-13,MEDIUM,EDITOR_DECISION_2026_05_v2,2026-05-13,Δ vs WPP -0.19. Editor certainty: Recheck
IRL,1965,4.04,NSO published (national vital statistics / Eurostat),,2026-06-15,HIGH,NSO_TFR_RESOURCE_2026_06,2026-06-15,Δ vs WPP -0.00
IRL,1966,3.95,NSO published (national vital statistics / Eurostat),,2026-06-15,HIGH,NSO_TFR_RESOURCE_2026_06,2026-06-15,Δ vs WPP +0.01
IRL,1967,3.84,NSO published (national vital statistics / Eurostat),,2026-06-15,HIGH,NSO_TFR_RESOURCE_2026_06,2026-06-15,Δ vs WPP -0.00
IRL,1968,3.77,NSO published (national vital statistics / Eurostat),,2026-06-15,HIGH,NSO_TFR_RESOURCE_2026_06,2026-06-15,Δ vs WPP +0.00
IRL,1969,3.83,NSO published (national vital statistics / Eurostat),,2026-06-15,HIGH,NSO_TFR_RESOURCE_2026_06,2026-06-15,Δ vs WPP +0.01
IRL,1970,3.85,NSO published (national vital statistics / Eurostat),,2026-06-15,HIGH,NSO_TFR_RESOURCE_2026_06,2026-06-15,Δ vs WPP +0.00
IRL,1971,3.97,NSO published (national vital statistics / Eurostat),,2026-06-15,HIGH,NSO_TFR_RESOURCE_2026_06,2026-06-15,Δ vs WPP +0.04
IRL,1972,3.93,NSO published (national vital statistics / Eurostat),,2026-06-15,HIGH,NSO_TFR_RESOURCE_2026_06,2026-06-15,Δ vs WPP +0.08
IRL,1973,3.78,NSO published (national vital statistics / Eurostat),,2026-06-15,HIGH,NSO_TFR_RESOURCE_2026_06,2026-06-15,Δ vs WPP +0.07
IRL,1974,3.64,NSO published (national vital statistics / Eurostat),,2026-06-15,HIGH,NSO_TFR_RESOURCE_2026_06,2026-06-15,Δ vs WPP +0.05
IRL,1975,3.43,NSO published (national vital statistics / Eurostat),,2026-06-15,HIGH,NSO_TFR_RESOURCE_2026_06,2026-06-15,Δ vs WPP +0.06
IRL,1976,3.35,NSO published (national vital statistics / Eurostat),,2026-06-15,HIGH,NSO_TFR_RESOURCE_2026_06,2026-06-15,Δ vs WPP +0.06
IRL,1977,3.31,NSO published (national vital statistics / Eurostat),,2026-06-15,HIGH,NSO_TFR_RESOURCE_2026_06,2026-06-15,Δ vs WPP +0.07
IRL,1978,3.27,NSO published (national vital statistics / Eurostat),,2026-06-15,HIGH,NSO_TFR_RESOURCE_2026_06,2026-06-15,Δ vs WPP +0.06
IRL,1979,3.26,NSO published (national vital statistics / Eurostat),,2026-06-15,HIGH,NSO_TFR_RESOURCE_2026_06,2026-06-15,Δ vs WPP +0.05
IRL,1980,3.25,NSO published (national vital statistics / Eurostat),,2026-06-15,HIGH,NSO_TFR_RESOURCE_2026_06,2026-06-15,Δ vs WPP +0.04
IRL,1981,3.1,NSO published (national vital statistics / Eurostat),,2026-06-15,HIGH,NSO_TFR_RESOURCE_2026_06,2026-06-15,Δ vs WPP +0.04
IRL,1982,2.98,NSO published (national vital statistics / Eurostat),,2026-06-15,HIGH,NSO_TFR_RESOURCE_2026_06,2026-06-15,Δ vs WPP +0.03
IRL,1983,2.76,NSO published (national vital statistics / Eurostat),,2026-06-15,HIGH,NSO_TFR_RESOURCE_2026_06,2026-06-15,Δ vs WPP +0.01
IRL,1984,2.57,NSO published (national vital statistics / Eurostat),,2026-06-15,HIGH,NSO_TFR_RESOURCE_2026_06,2026-06-15,Δ vs WPP -0.02
IRL,1985,2.48,NSO published (national vital statistics / Eurostat),,2026-06-15,HIGH,NSO_TFR_RESOURCE_2026_06,2026-06-15,Δ vs WPP -0.01
IRL,1986,2.44,NSO published (national vital statistics / Eurostat),,2026-06-15,HIGH,NSO_TFR_RESOURCE_2026_06,2026-06-15,Δ vs WPP -0.00
IRL,1987,2.31,NSO published (national vital statistics / Eurostat),,2026-06-15,HIGH,NSO_TFR_RESOURCE_2026_06,2026-06-15,Δ vs WPP -0.00
IRL,1988,2.17,NSO published (national vital statistics / Eurostat),,2026-06-15,HIGH,NSO_TFR_RESOURCE_2026_06,2026-06-15,Δ vs WPP -0.00
IRL,1989,2.08,NSO published (national vital statistics / Eurostat),,2026-06-15,HIGH,NSO_TFR_RESOURCE_2026_06,2026-06-15,Δ vs WPP -0.00
IRL,1990,2.12,NSO published (national vital statistics / Eurostat),,2026-06-15,HIGH,NSO_TFR_RESOURCE_2026_06,2026-06-15,Δ vs WPP +0.01
IRL,1991,2.09,NSO published (national vital statistics / Eurostat),,2026-06-15,HIGH,NSO_TFR_RESOURCE_2026_06,2026-06-15,Δ vs WPP +0.01
IRL,1992,1.99,NSO published (national vital statistics / Eurostat),,2026-06-15,HIGH,NSO_TFR_RESOURCE_2026_06,2026-06-15,Δ vs WPP -0.00
IRL,1993,1.91,NSO published (national vital statistics / Eurostat),,2026-06-15,HIGH,NSO_TFR_RESOURCE_2026_06,2026-06-15,Δ vs WPP +0.01
IRL,1994,1.85,NSO published (national vital statistics / Eurostat),,2026-06-15,HIGH,NSO_TFR_RESOURCE_2026_06,2026-06-15,Δ vs WPP +0.00
IRL,1995,1.86,NSO published (national vital statistics / Eurostat),,2026-06-15,HIGH,NSO_TFR_RESOURCE_2026_06,2026-06-15,Δ vs WPP +0.02
IRL,1996,1.89,NSO published (national vital statistics / Eurostat),,2026-06-15,HIGH,NSO_TFR_RESOURCE_2026_06,2026-06-15,Δ vs WPP +0.01
IRL,1997,1.93,NSO published (national vital statistics / Eurostat),,2026-06-15,HIGH,NSO_TFR_RESOURCE_2026_06,2026-06-15,Δ vs WPP -0.00
IRL,1998,1.95,NSO published (national vital statistics / Eurostat),,2026-06-15,HIGH,NSO_TFR_RESOURCE_2026_06,2026-06-15,Δ vs WPP +0.01
IRL,1999,1.9,NSO published (national vital statistics / Eurostat),,2026-06-15,HIGH,NSO_TFR_RESOURCE_2026_06,2026-06-15,Δ vs WPP -0.00
IRL,2000,1.89,NSO published (national vital statistics / Eurostat),,2026-06-15,HIGH,NSO_TFR_RESOURCE_2026_06,2026-06-15,Δ vs WPP -0.00
IRL,2001,1.96,NSO published (national vital statistics / Eurostat),,2026-06-15,HIGH,NSO_TFR_RESOURCE_2026_06,2026-06-15,Δ vs WPP +0.02
IRL,2002,1.97,NSO published (national vital statistics / Eurostat),,2026-06-15,HIGH,NSO_TFR_RESOURCE_2026_06,2026-06-15,Δ vs WPP -0.00
IRL,2003,1.99,NSO published (national vital statistics / Eurostat),,2026-06-15,HIGH,NSO_TFR_RESOURCE_2026_06,2026-06-15,Δ vs WPP +0.03
IRL,2004,1.96,NSO published (national vital statistics / Eurostat),,2026-06-15,HIGH,NSO_TFR_RESOURCE_2026_06,2026-06-15,Δ vs WPP +0.03
IRL,2005,1.88,NSO published (national vital statistics / Eurostat),,2026-06-15,HIGH,NSO_TFR_RESOURCE_2026_06,2026-06-15,Δ vs WPP +0.01
IRL,2006,1.93,NSO published (national vital statistics / Eurostat),,2026-06-15,HIGH,NSO_TFR_RESOURCE_2026_06,2026-06-15,Δ vs WPP +0.02
IRL,2007,2.04,NSO published (national vital statistics / Eurostat),,2026-06-15,HIGH,NSO_TFR_RESOURCE_2026_06,2026-06-15,Δ vs WPP +0.03
IRL,2008,2.09,NSO published (national vital statistics / Eurostat),,2026-06-15,HIGH,NSO_TFR_RESOURCE_2026_06,2026-06-15,Δ vs WPP +0.03
IRL,2009,2.1,NSO published (national vital statistics / Eurostat),,2026-06-15,HIGH,NSO_TFR_RESOURCE_2026_06,2026-06-15,Δ vs WPP +0.04
IRL,2010,2.07,NSO published (national vital statistics / Eurostat),,2026-06-15,HIGH,NSO_TFR_RESOURCE_2026_06,2026-06-15,Δ vs WPP +0.01
IRL,2011,2.03,NSO published (national vital statistics / Eurostat),,2026-06-15,HIGH,NSO_TFR_RESOURCE_2026_06,2026-06-15,Δ vs WPP -0.00
IRL,2012,1.98,NSO published (national vital statistics / Eurostat),,2026-06-15,HIGH,NSO_TFR_RESOURCE_2026_06,2026-06-15,Δ vs WPP -0.01
IRL,2013,1.93,NSO published (national vital statistics / Eurostat),,2026-06-15,HIGH,NSO_TFR_RESOURCE_2026_06,2026-06-15,Δ vs WPP -0.00
IRL,2014,1.89,NSO published (national vital statistics / Eurostat),,2026-06-15,HIGH,NSO_TFR_RESOURCE_2026_06,2026-06-15,Δ vs WPP -0.01
IRL,2015,1.86,NSO published (national vital statistics / Eurostat),,2026-06-15,HIGH,NSO_TFR_RESOURCE_2026_06,2026-06-15,Δ vs WPP -0.00
IRL,2016,1.82,NSO published (national vital statistics / Eurostat),,2026-06-15,HIGH,NSO_TFR_RESOURCE_2026_06,2026-06-15,Δ vs WPP +0.00
IRL,2017,1.77,NSO published (national vital statistics / Eurostat),,2026-06-15,HIGH,NSO_TFR_RESOURCE_2026_06,2026-06-15,Δ vs WPP -0.00
IRL,2018,1.75,NSO published (national vital statistics / Eurostat),,2026-06-15,HIGH,NSO_TFR_RESOURCE_2026_06,2026-06-15,Δ vs WPP -0.01
IRL,2019,1.72,NSO published (national vital statistics / Eurostat),,2026-06-15,HIGH,NSO_TFR_RESOURCE_2026_06,2026-06-15,Δ vs WPP +0.00
IRL,2020,1.63,Wikipedia: Demographics of [IRL] (vital statistics),,2026-05-13,HIGH,EDITOR_DECISION_2026_05_v2,2026-05-13,Δ vs WPP -0.02
IRL,2021,1.72,Wikipedia: Demographics of [IRL] (vital statistics),,2026-05-13,HIGH,EDITOR_DECISION_2026_05_v2,2026-05-13,Δ vs WPP -0.06
IRL,2022,1.62,Wikipedia: Demographics of [IRL] (vital statistics),,2026-05-13,HIGH,EDITOR_DECISION_2026_05_v2,2026-05-13,Δ vs WPP +0.03
IRL,2023,1.53,Wikipedia: Demographics of [IRL] (vital statistics),,2026-05-13,HIGH,EDITOR_DECISION_2026_05_v2,2026-05-13,Δ vs WPP -0.07
IRL,2024,1.5,Wikipedia: Demographics of [IRL] (vital statistics),,2026-05-13,MEDIUM,EDITOR_DECISION_2026_05_v2,2026-05-13,Δ vs WPP -0.10. Editor certainty: Recheck
IRL,2025,1.45,Wikipedia (bidirectional TFR interpolation),,2026-05-14,MEDIUM,CALCNEW_V7_FRESH,2026-05-14,Calc New v7 (tfr_extrap_fwd). 
IRN,2016,2.07,Wikipedia: Demographics of [IRN] (vital statistics),,2026-05-13,HIGH,EDITOR_DECISION_2026_05_v2,2026-05-13,Δ vs WPP +0.02
IRN,2017,2.07,Wikipedia: Demographics of [IRN] (vital statistics),,2026-05-13,HIGH,EDITOR_DECISION_2026_05_v2,2026-05-13,Δ vs WPP +0.05
IRN,2018,1.97,Wikipedia: Demographics of [IRN] (vital statistics),,2026-05-13,HIGH,EDITOR_DECISION_2026_05_v2,2026-05-13,Δ vs WPP +0.05
IRN,2021,1.69,Wikipedia: Demographics of [IRN] (vital statistics),,2026-05-13,HIGH,EDITOR_DECISION_2026_05_v2,2026-05-13,Δ vs WPP -0.02
IRN,2023,1.52,Wikipedia: Demographics of [IRN] (vital statistics),,2026-05-13,HIGH,EDITOR_DECISION_2026_05_v2,2026-05-13,Δ vs WPP -0.18
IRN,2024,1.44,Wikipedia: Demographics of [IRN] (vital statistics),,2026-05-13,MEDIUM,EDITOR_DECISION_2026_05_v2,2026-05-13,Δ vs WPP -0.24. Editor certainty: Recheck
IRN,2025,1.39,Wikipedia (bidirectional TFR interpolation),,2026-05-14,MEDIUM,CALCNEW_V7_FRESH,2026-05-14,Calc New v7 (tfr_extrap_fwd). 
ISL,2010,2.2,NSO published (national vital statistics / Eurostat),,2026-06-15,HIGH,NSO_TFR_RESOURCE_2026_06,2026-06-15,Δ vs WPP +0.01
ISL,2011,2.02,NSO published (national vital statistics / Eurostat),,2026-06-15,HIGH,NSO_TFR_RESOURCE_2026_06,2026-06-15,Δ vs WPP -0.00
ISL,2012,2.04,NSO published (national vital statistics / Eurostat),,2026-06-15,HIGH,NSO_TFR_RESOURCE_2026_06,2026-06-15,Δ vs WPP +0.01
ISL,2013,1.93,NSO published (national vital statistics / Eurostat),,2026-06-15,HIGH,NSO_TFR_RESOURCE_2026_06,2026-06-15,Δ vs WPP -0.01
ISL,2014,1.93,NSO published (national vital statistics / Eurostat),,2026-06-15,HIGH,NSO_TFR_RESOURCE_2026_06,2026-06-15,Δ vs WPP +0.00
ISL,2015,1.81,NSO published (national vital statistics / Eurostat),,2026-06-15,HIGH,NSO_TFR_RESOURCE_2026_06,2026-06-15,Δ vs WPP +0.00
ISL,2016,1.75,NSO published (national vital statistics / Eurostat),,2026-06-15,HIGH,NSO_TFR_RESOURCE_2026_06,2026-06-15,Δ vs WPP +0.01
ISL,2017,1.71,NSO published (national vital statistics / Eurostat),,2026-06-15,HIGH,NSO_TFR_RESOURCE_2026_06,2026-06-15,Δ vs WPP -0.00
ISL,2018,1.71,NSO published (national vital statistics / Eurostat),,2026-06-15,HIGH,NSO_TFR_RESOURCE_2026_06,2026-06-15,Δ vs WPP +0.00
ISL,2019,1.74,NSO published (national vital statistics / Eurostat),,2026-06-15,HIGH,NSO_TFR_RESOURCE_2026_06,2026-06-15,Δ vs WPP -0.00
ISL,2020,1.72,NSO published (national vital statistics / Eurostat),,2026-06-15,HIGH,NSO_TFR_RESOURCE_2026_06,2026-06-15,Δ vs WPP +0.00
ISL,2021,1.82,NSO published (national vital statistics / Eurostat),,2026-06-15,HIGH,NSO_TFR_RESOURCE_2026_06,2026-06-15,Δ vs WPP +0.00
ISL,2022,1.67,Wikipedia: Demographics of [ISL] (vital statistics),,2026-05-13,HIGH,EDITOR_DECISION_2026_05_v2,2026-05-13,Δ vs WPP +0.08
ISL,2023,1.55,Wikipedia (bidirectional TFR interpolation),,2026-05-14,MEDIUM,CALCNEW_V7_FRESH,2026-05-14,Calc New v7 (tfr_extrap_fwd). 
ISL,2024,1.56,Wikipedia (bidirectional TFR interpolation),,2026-05-14,MEDIUM,CALCNEW_V7_FRESH,2026-05-14,Calc New v7 (tfr_extrap_fwd). 
ISL,2025,1.59,Wikipedia (bidirectional TFR interpolation),,2026-05-14,MEDIUM,CALCNEW_V7_FRESH,2026-05-14,Calc New v7 (tfr_extrap_fwd). 
ISR,1965,3.99,NSO published (national vital statistics / Eurostat),,2026-06-15,HIGH,NSO_TFR_RESOURCE_2026_06,2026-06-15,Δ vs WPP -0.14
ISR,1966,3.8,NSO published (national vital statistics / Eurostat),,2026-06-15,HIGH,NSO_TFR_RESOURCE_2026_06,2026-06-15,Δ vs WPP -0.16
ISR,1967,3.8,NSO published (national vital statistics / Eurostat),,2026-06-15,HIGH,NSO_TFR_RESOURCE_2026_06,2026-06-15,Δ vs WPP -0.02
ISR,1968,3.81,NSO published (national vital statistics / Eurostat),,2026-06-15,HIGH,NSO_TFR_RESOURCE_2026_06,2026-06-15,Δ vs WPP +0.10
ISR,1969,3.81,NSO published (national vital statistics / Eurostat),,2026-06-15,HIGH,NSO_TFR_RESOURCE_2026_06,2026-06-15,Δ vs WPP +0.13
ISR,1970,3.82,NSO published (national vital statistics / Eurostat),,2026-06-15,HIGH,NSO_TFR_RESOURCE_2026_06,2026-06-15,Δ vs WPP +0.03
ISR,1971,3.81,NSO published (national vital statistics / Eurostat),,2026-06-15,HIGH,NSO_TFR_RESOURCE_2026_06,2026-06-15,Δ vs WPP -0.04
ISR,1972,3.8,NSO published (national vital statistics / Eurostat),,2026-06-15,HIGH,NSO_TFR_RESOURCE_2026_06,2026-06-15,Δ vs WPP +0.00
ISR,1973,3.77,NSO published (national vital statistics / Eurostat),,2026-06-15,HIGH,NSO_TFR_RESOURCE_2026_06,2026-06-15,Δ vs WPP +0.16
ISR,1974,3.72,NSO published (national vital statistics / Eurostat),,2026-06-15,HIGH,NSO_TFR_RESOURCE_2026_06,2026-06-15,Δ vs WPP +0.08
ISR,1975,3.68,NSO published (national vital statistics / Eurostat),,2026-06-15,HIGH,NSO_TFR_RESOURCE_2026_06,2026-06-15,Δ vs WPP +0.07
ISR,1976,3.59,NSO published (national vital statistics / Eurostat),,2026-06-15,HIGH,NSO_TFR_RESOURCE_2026_06,2026-06-15,Δ vs WPP -0.03
ISR,1977,3.51,NSO published (national vital statistics / Eurostat),,2026-06-15,HIGH,NSO_TFR_RESOURCE_2026_06,2026-06-15,Δ vs WPP +0.04
ISR,1978,3.28,NSO published (national vital statistics / Eurostat),,2026-06-15,HIGH,NSO_TFR_RESOURCE_2026_06,2026-06-15,Δ vs WPP +0.03
ISR,1979,3.21,NSO published (national vital statistics / Eurostat),,2026-06-15,HIGH,NSO_TFR_RESOURCE_2026_06,2026-06-15,Δ vs WPP +0.01
ISR,1980,3.14,NSO published (national vital statistics / Eurostat),,2026-06-15,HIGH,NSO_TFR_RESOURCE_2026_06,2026-06-15,Δ vs WPP -0.01
ISR,1981,3.06,NSO published (national vital statistics / Eurostat),,2026-06-15,HIGH,NSO_TFR_RESOURCE_2026_06,2026-06-15,Δ vs WPP -0.01
ISR,1982,3.12,NSO published (national vital statistics / Eurostat),,2026-06-15,HIGH,NSO_TFR_RESOURCE_2026_06,2026-06-15,Δ vs WPP -0.01
ISR,1983,3.14,NSO published (national vital statistics / Eurostat),,2026-06-15,HIGH,NSO_TFR_RESOURCE_2026_06,2026-06-15,Δ vs WPP -0.00
ISR,1984,3.13,NSO published (national vital statistics / Eurostat),,2026-06-15,HIGH,NSO_TFR_RESOURCE_2026_06,2026-06-15,Δ vs WPP +0.05
ISR,1985,3.12,NSO published (national vital statistics / Eurostat),,2026-06-15,HIGH,NSO_TFR_RESOURCE_2026_06,2026-06-15,Δ vs WPP +0.08
ISR,1986,3.09,NSO published (national vital statistics / Eurostat),,2026-06-15,HIGH,NSO_TFR_RESOURCE_2026_06,2026-06-15,Δ vs WPP +0.10
ISR,1987,3.05,NSO published (national vital statistics / Eurostat),,2026-06-15,HIGH,NSO_TFR_RESOURCE_2026_06,2026-06-15,Δ vs WPP +0.13
ISR,1988,3.06,NSO published (national vital statistics / Eurostat),,2026-06-15,HIGH,NSO_TFR_RESOURCE_2026_06,2026-06-15,Δ vs WPP +0.16
ISR,1989,3.03,NSO published (national vital statistics / Eurostat),,2026-06-15,HIGH,NSO_TFR_RESOURCE_2026_06,2026-06-15,Δ vs WPP +0.19
ISR,1990,3.02,NSO published (national vital statistics / Eurostat),,2026-06-15,HIGH,NSO_TFR_RESOURCE_2026_06,2026-06-15,Δ vs WPP +0.18
ISR,1991,2.91,NSO published (national vital statistics / Eurostat),,2026-06-15,HIGH,NSO_TFR_RESOURCE_2026_06,2026-06-15,Δ vs WPP +0.08
ISR,1992,2.93,NSO published (national vital statistics / Eurostat),,2026-06-15,HIGH,NSO_TFR_RESOURCE_2026_06,2026-06-15,Δ vs WPP +0.06
ISR,1993,2.92,NSO published (national vital statistics / Eurostat),,2026-06-15,HIGH,NSO_TFR_RESOURCE_2026_06,2026-06-15,Δ vs WPP +0.05
ISR,1994,2.9,NSO published (national vital statistics / Eurostat),,2026-06-15,HIGH,NSO_TFR_RESOURCE_2026_06,2026-06-15,Δ vs WPP +0.06
ISR,1995,2.88,NSO published (national vital statistics / Eurostat),,2026-06-15,HIGH,NSO_TFR_RESOURCE_2026_06,2026-06-15,Δ vs WPP +0.06
ISR,1996,2.94,NSO published (national vital statistics / Eurostat),,2026-06-15,HIGH,NSO_TFR_RESOURCE_2026_06,2026-06-15,Δ vs WPP +0.08
ISR,1997,2.93,NSO published (national vital statistics / Eurostat),,2026-06-15,HIGH,NSO_TFR_RESOURCE_2026_06,2026-06-15,Δ vs WPP +0.05
ISR,1998,2.98,NSO published (national vital statistics / Eurostat),,2026-06-15,HIGH,NSO_TFR_RESOURCE_2026_06,2026-06-15,Δ vs WPP +0.06
ISR,1999,2.94,NSO published (national vital statistics / Eurostat),,2026-06-15,HIGH,NSO_TFR_RESOURCE_2026_06,2026-06-15,Δ vs WPP +0.05
ISR,2000,2.95,NSO published (national vital statistics / Eurostat),,2026-06-15,HIGH,NSO_TFR_RESOURCE_2026_06,2026-06-15,Δ vs WPP +0.03
ISR,2001,2.89,NSO published (national vital statistics / Eurostat),,2026-06-15,HIGH,NSO_TFR_RESOURCE_2026_06,2026-06-15,Δ vs WPP +0.02
ISR,2002,2.89,NSO published (national vital statistics / Eurostat),,2026-06-15,HIGH,NSO_TFR_RESOURCE_2026_06,2026-06-15,Δ vs WPP +0.01
ISR,2003,2.95,NSO published (national vital statistics / Eurostat),,2026-06-15,HIGH,NSO_TFR_RESOURCE_2026_06,2026-06-15,Δ vs WPP +0.03
ISR,2004,2.9,NSO published (national vital statistics / Eurostat),,2026-06-15,HIGH,NSO_TFR_RESOURCE_2026_06,2026-06-15,Δ vs WPP +0.05
ISR,2005,2.84,NSO published (national vital statistics / Eurostat),,2026-06-15,HIGH,NSO_TFR_RESOURCE_2026_06,2026-06-15,Δ vs WPP +0.05
ISR,2006,2.88,NSO published (national vital statistics / Eurostat),,2026-06-15,HIGH,NSO_TFR_RESOURCE_2026_06,2026-06-15,Δ vs WPP +0.05
ISR,2007,2.9,NSO published (national vital statistics / Eurostat),,2026-06-15,HIGH,NSO_TFR_RESOURCE_2026_06,2026-06-15,Δ vs WPP +0.05
ISR,2008,2.96,NSO published (national vital statistics / Eurostat),,2026-06-15,HIGH,NSO_TFR_RESOURCE_2026_06,2026-06-15,Δ vs WPP +0.06
ISR,2009,2.96,NSO published (national vital statistics / Eurostat),,2026-06-15,HIGH,NSO_TFR_RESOURCE_2026_06,2026-06-15,Δ vs WPP +0.02
ISR,2010,3.03,NSO published (national vital statistics / Eurostat),,2026-06-15,HIGH,NSO_TFR_RESOURCE_2026_06,2026-06-15,Δ vs WPP +0.00
ISR,2011,3,NSO published (national vital statistics / Eurostat),,2026-06-15,HIGH,NSO_TFR_RESOURCE_2026_06,2026-06-15,Δ vs WPP -0.01
ISR,2012,3.05,NSO published (national vital statistics / Eurostat),,2026-06-15,HIGH,NSO_TFR_RESOURCE_2026_06,2026-06-15,Δ vs WPP +0.00
ISR,2013,3.03,NSO published (national vital statistics / Eurostat),,2026-06-15,HIGH,NSO_TFR_RESOURCE_2026_06,2026-06-15,Δ vs WPP -0.01
ISR,2014,3.08,NSO published (national vital statistics / Eurostat),,2026-06-15,HIGH,NSO_TFR_RESOURCE_2026_06,2026-06-15,Δ vs WPP -0.00
ISR,2015,3.09,NSO published (national vital statistics / Eurostat),,2026-06-15,HIGH,NSO_TFR_RESOURCE_2026_06,2026-06-15,Δ vs WPP -0.00
ISR,2016,3.11,NSO published (national vital statistics / Eurostat),,2026-06-15,HIGH,NSO_TFR_RESOURCE_2026_06,2026-06-15,Δ vs WPP -0.00
ISR,2017,3.11,NSO published (national vital statistics / Eurostat),,2026-06-15,HIGH,NSO_TFR_RESOURCE_2026_06,2026-06-15,Δ vs WPP -0.01
ISR,2018,3.09,NSO published (national vital statistics / Eurostat),,2026-06-15,HIGH,NSO_TFR_RESOURCE_2026_06,2026-06-15,Δ vs WPP -0.01
ISR,2019,3.01,Wikipedia: Demographics of [ISR] (vital statistics),,2026-05-13,HIGH,EDITOR_DECISION_2026_05_v2,2026-05-13,Δ vs WPP -0.02
ISR,2020,2.9,Wikipedia: Demographics of [ISR] (vital statistics),,2026-05-13,HIGH,EDITOR_DECISION_2026_05_v2,2026-05-13,Δ vs WPP -0.04
ISR,2021,3,Wikipedia: Demographics of [ISR] (vital statistics),,2026-05-13,HIGH,EDITOR_DECISION_2026_05_v2,2026-05-13,Δ vs WPP -0.02
ISR,2022,2.89,Wikipedia: Demographics of [ISR] (vital statistics),,2026-05-13,HIGH,EDITOR_DECISION_2026_05_v2,2026-05-13,Δ vs WPP -0.05
ISR,2023,2.85,Wikipedia: Demographics of [ISR] (vital statistics),,2026-05-13,HIGH,EDITOR_DECISION_2026_05_v2,2026-05-13,Δ vs WPP +0.02
ISR,2024,2.86,Wikipedia: Demographics of [ISR] (vital statistics),,2026-05-13,MEDIUM,EDITOR_DECISION_2026_05_v2,2026-05-13,Δ vs WPP +0.08. Editor certainty: Recheck
ISR,2025,2.93,"Wikipedia (TFR from observed births × local-window ratio, outlier-filtered)",,2026-05-14,HIGH,CALCNEW_V7_FRESH,2026-05-14,"Calc New v7 (v7_births_5anchor_±5y). R=0.000016, anchors=[(2020, 177307.0, 2.9, 1.636e-05), (2021, 185040.0, 3.0, 1.621e-05), (2022, 181193.0, 2.89, 1.595e-05), (2023, 178724.0, 2.85, 1.595e-05), (2024, 181614.0, 2.86, 1.575e-05)], dropped=[], window=±5y. Wiki-observed births 2025: 183,705."
ITA,1965,2.66,NSO published (national vital statistics / Eurostat),,2026-06-15,HIGH,NSO_TFR_RESOURCE_2026_06,2026-06-15,Δ vs WPP +0.04
ITA,1966,2.62,NSO published (national vital statistics / Eurostat),,2026-06-15,HIGH,NSO_TFR_RESOURCE_2026_06,2026-06-15,Δ vs WPP +0.03
ITA,1967,2.53,NSO published (national vital statistics / Eurostat),,2026-06-15,HIGH,NSO_TFR_RESOURCE_2026_06,2026-06-15,Δ vs WPP +0.02
ITA,1968,2.49,NSO published (national vital statistics / Eurostat),,2026-06-15,HIGH,NSO_TFR_RESOURCE_2026_06,2026-06-15,Δ vs WPP +0.00
ITA,1969,2.51,NSO published (national vital statistics / Eurostat),,2026-06-15,HIGH,NSO_TFR_RESOURCE_2026_06,2026-06-15,Δ vs WPP +0.04
ITA,1970,2.42,NSO published (national vital statistics / Eurostat),,2026-06-15,HIGH,NSO_TFR_RESOURCE_2026_06,2026-06-15,Δ vs WPP +0.02
ITA,1971,2.41,NSO published (national vital statistics / Eurostat),,2026-06-15,HIGH,NSO_TFR_RESOURCE_2026_06,2026-06-15,Δ vs WPP +0.01
ITA,1972,2.36,NSO published (national vital statistics / Eurostat),,2026-06-15,HIGH,NSO_TFR_RESOURCE_2026_06,2026-06-15,Δ vs WPP +0.01
ITA,1973,2.34,NSO published (national vital statistics / Eurostat),,2026-06-15,HIGH,NSO_TFR_RESOURCE_2026_06,2026-06-15,Δ vs WPP +0.02
ITA,1974,2.33,NSO published (national vital statistics / Eurostat),,2026-06-15,HIGH,NSO_TFR_RESOURCE_2026_06,2026-06-15,Δ vs WPP +0.04
ITA,1975,2.2,NSO published (national vital statistics / Eurostat),,2026-06-15,HIGH,NSO_TFR_RESOURCE_2026_06,2026-06-15,Δ vs WPP +0.02
ITA,1976,2.11,NSO published (national vital statistics / Eurostat),,2026-06-15,HIGH,NSO_TFR_RESOURCE_2026_06,2026-06-15,Δ vs WPP +0.05
ITA,1977,1.97,NSO published (national vital statistics / Eurostat),,2026-06-15,HIGH,NSO_TFR_RESOURCE_2026_06,2026-06-15,Δ vs WPP +0.03
ITA,1978,1.87,NSO published (national vital statistics / Eurostat),,2026-06-15,HIGH,NSO_TFR_RESOURCE_2026_06,2026-06-15,Δ vs WPP +0.03
ITA,1979,1.76,NSO published (national vital statistics / Eurostat),,2026-06-15,HIGH,NSO_TFR_RESOURCE_2026_06,2026-06-15,Δ vs WPP +0.03
ITA,1980,1.68,NSO published (national vital statistics / Eurostat),,2026-06-15,HIGH,NSO_TFR_RESOURCE_2026_06,2026-06-15,Δ vs WPP +0.03
ITA,1981,1.6,NSO published (national vital statistics / Eurostat),,2026-06-15,HIGH,NSO_TFR_RESOURCE_2026_06,2026-06-15,Δ vs WPP +0.02
ITA,1982,1.6,NSO published (national vital statistics / Eurostat),,2026-06-15,HIGH,NSO_TFR_RESOURCE_2026_06,2026-06-15,Δ vs WPP +0.04
ITA,1983,1.54,NSO published (national vital statistics / Eurostat),,2026-06-15,HIGH,NSO_TFR_RESOURCE_2026_06,2026-06-15,Δ vs WPP +0.03
ITA,1984,1.48,NSO published (national vital statistics / Eurostat),,2026-06-15,HIGH,NSO_TFR_RESOURCE_2026_06,2026-06-15,Δ vs WPP +0.02
ITA,1985,1.45,NSO published (national vital statistics / Eurostat),,2026-06-15,HIGH,NSO_TFR_RESOURCE_2026_06,2026-06-15,Δ vs WPP +0.03
ITA,1986,1.37,NSO published (national vital statistics / Eurostat),,2026-06-15,HIGH,NSO_TFR_RESOURCE_2026_06,2026-06-15,Δ vs WPP +0.02
ITA,1987,1.35,NSO published (national vital statistics / Eurostat),,2026-06-15,HIGH,NSO_TFR_RESOURCE_2026_06,2026-06-15,Δ vs WPP +0.02
ITA,1988,1.38,NSO published (national vital statistics / Eurostat),,2026-06-15,HIGH,NSO_TFR_RESOURCE_2026_06,2026-06-15,Δ vs WPP +0.02
ITA,1989,1.35,NSO published (national vital statistics / Eurostat),,2026-06-15,HIGH,NSO_TFR_RESOURCE_2026_06,2026-06-15,Δ vs WPP +0.02
ITA,1990,1.36,NSO published (national vital statistics / Eurostat),,2026-06-15,HIGH,NSO_TFR_RESOURCE_2026_06,2026-06-15,Δ vs WPP +0.03
ITA,1991,1.32,NSO published (national vital statistics / Eurostat),,2026-06-15,HIGH,NSO_TFR_RESOURCE_2026_06,2026-06-15,Δ vs WPP +0.02
ITA,1992,1.32,NSO published (national vital statistics / Eurostat),,2026-06-15,HIGH,NSO_TFR_RESOURCE_2026_06,2026-06-15,Δ vs WPP +0.02
ITA,1993,1.26,NSO published (national vital statistics / Eurostat),,2026-06-15,HIGH,NSO_TFR_RESOURCE_2026_06,2026-06-15,Δ vs WPP +0.01
ITA,1994,1.22,NSO published (national vital statistics / Eurostat),,2026-06-15,HIGH,NSO_TFR_RESOURCE_2026_06,2026-06-15,Δ vs WPP +0.01
ITA,1995,1.19,NSO published (national vital statistics / Eurostat),,2026-06-15,HIGH,NSO_TFR_RESOURCE_2026_06,2026-06-15,Δ vs WPP +0.00
ITA,1996,1.22,NSO published (national vital statistics / Eurostat),,2026-06-15,HIGH,NSO_TFR_RESOURCE_2026_06,2026-06-15,Δ vs WPP +0.02
ITA,1997,1.23,NSO published (national vital statistics / Eurostat),,2026-06-15,HIGH,NSO_TFR_RESOURCE_2026_06,2026-06-15,Δ vs WPP +0.02
ITA,1998,1.21,NSO published (national vital statistics / Eurostat),,2026-06-15,HIGH,NSO_TFR_RESOURCE_2026_06,2026-06-15,Δ vs WPP +0.00
ITA,1999,1.23,NSO published (national vital statistics / Eurostat),,2026-06-15,HIGH,NSO_TFR_RESOURCE_2026_06,2026-06-15,Δ vs WPP +0.00
ITA,2000,1.26,NSO published (national vital statistics / Eurostat),,2026-06-15,HIGH,NSO_TFR_RESOURCE_2026_06,2026-06-15,Δ vs WPP +0.01
ITA,2001,1.25,NSO published (national vital statistics / Eurostat),,2026-06-15,HIGH,NSO_TFR_RESOURCE_2026_06,2026-06-15,Δ vs WPP +0.00
ITA,2002,1.27,NSO published (national vital statistics / Eurostat),,2026-06-15,HIGH,NSO_TFR_RESOURCE_2026_06,2026-06-15,Δ vs WPP +0.01
ITA,2003,1.29,NSO published (national vital statistics / Eurostat),,2026-06-15,HIGH,NSO_TFR_RESOURCE_2026_06,2026-06-15,Δ vs WPP +0.00
ITA,2004,1.34,NSO published (national vital statistics / Eurostat),,2026-06-15,HIGH,NSO_TFR_RESOURCE_2026_06,2026-06-15,Δ vs WPP +0.00
ITA,2005,1.33,NSO published (national vital statistics / Eurostat),,2026-06-15,HIGH,NSO_TFR_RESOURCE_2026_06,2026-06-15,Δ vs WPP -0.00
ITA,2006,1.37,NSO published (national vital statistics / Eurostat),,2026-06-15,HIGH,NSO_TFR_RESOURCE_2026_06,2026-06-15,Δ vs WPP +0.01
ITA,2007,1.39,NSO published (national vital statistics / Eurostat),,2026-06-15,HIGH,NSO_TFR_RESOURCE_2026_06,2026-06-15,Δ vs WPP -0.00
ITA,2008,1.44,NSO published (national vital statistics / Eurostat),,2026-06-15,HIGH,NSO_TFR_RESOURCE_2026_06,2026-06-15,Δ vs WPP +0.00
ITA,2009,1.44,NSO published (national vital statistics / Eurostat),,2026-06-15,HIGH,NSO_TFR_RESOURCE_2026_06,2026-06-15,Δ vs WPP +0.00
ITA,2010,1.44,NSO published (national vital statistics / Eurostat),,2026-06-15,HIGH,NSO_TFR_RESOURCE_2026_06,2026-06-15,Δ vs WPP -0.00
ITA,2011,1.44,NSO published (national vital statistics / Eurostat),,2026-06-15,HIGH,NSO_TFR_RESOURCE_2026_06,2026-06-15,Δ vs WPP +0.01
ITA,2012,1.42,NSO published (national vital statistics / Eurostat),,2026-06-15,HIGH,NSO_TFR_RESOURCE_2026_06,2026-06-15,Δ vs WPP +0.00
ITA,2013,1.39,NSO published (national vital statistics / Eurostat),,2026-06-15,HIGH,NSO_TFR_RESOURCE_2026_06,2026-06-15,Δ vs WPP +0.01
ITA,2014,1.38,NSO published (national vital statistics / Eurostat),,2026-06-15,HIGH,NSO_TFR_RESOURCE_2026_06,2026-06-15,Δ vs WPP +0.02
ITA,2015,1.36,NSO published (national vital statistics / Eurostat),,2026-06-15,HIGH,NSO_TFR_RESOURCE_2026_06,2026-06-15,Δ vs WPP +0.02
ITA,2016,1.36,Wikipedia: Demographics of [ITA] (vital statistics),,2026-05-13,HIGH,EDITOR_DECISION_2026_05_v2,2026-05-13,Δ vs WPP +0.02
ITA,2017,1.34,Wikipedia: Demographics of [ITA] (vital statistics),,2026-05-13,HIGH,EDITOR_DECISION_2026_05_v2,2026-05-13,Δ vs WPP +0.02
ITA,2018,1.31,Wikipedia: Demographics of [ITA] (vital statistics),,2026-05-13,HIGH,EDITOR_DECISION_2026_05_v2,2026-05-13,Δ vs WPP +0.02
ITA,2019,1.27,NSO published (national vital statistics / Eurostat),,2026-06-15,HIGH,NSO_TFR_RESOURCE_2026_06,2026-06-15,Δ vs WPP +0.01
ITA,2020,1.24,NSO published (national vital statistics / Eurostat),,2026-06-15,HIGH,NSO_TFR_RESOURCE_2026_06,2026-06-15,Δ vs WPP -0.00
ITA,2021,1.25,NSO published (national vital statistics / Eurostat),,2026-06-15,HIGH,NSO_TFR_RESOURCE_2026_06,2026-06-15,Δ vs WPP -0.00
ITA,2022,1.24,NSO published (national vital statistics / Eurostat),,2026-06-15,HIGH,NSO_TFR_RESOURCE_2026_06,2026-06-15,Δ vs WPP +0.00
ITA,2023,1.2,NSO published (national vital statistics / Eurostat),,2026-06-15,HIGH,NSO_TFR_RESOURCE_2026_06,2026-06-15,Δ vs WPP +0.00
ITA,2024,1.18,Wikipedia: Demographics of [ITA] (vital statistics),,2026-05-13,HIGH,EDITOR_DECISION_2026_05_v2,2026-05-13,Δ vs WPP -0.03
ITA,2025,1.14,Wikipedia: Demographics of [ITA] (vital statistics),,2026-05-13,MEDIUM,EDITOR_DECISION_2026_05_v2,2026-05-13,Δ vs WPP -0.07. Editor certainty: Recheck
JOR,1997,4.4,NSO published (national vital statistics / Eurostat),,2026-06-15,HIGH,NSO_TFR_RESOURCE_2026_06,2026-06-15,Δ vs WPP +0.08
JOR,2007,3.6,NSO published (national vital statistics / Eurostat),,2026-06-15,HIGH,NSO_TFR_RESOURCE_2026_06,2026-06-15,Δ vs WPP -0.20
JOR,2008,3.6,NSO published (national vital statistics / Eurostat),,2026-06-15,HIGH,NSO_TFR_RESOURCE_2026_06,2026-06-15,Δ vs WPP -0.28
JOR,2009,3.8,NSO published (national vital statistics / Eurostat),,2026-06-15,HIGH,NSO_TFR_RESOURCE_2026_06,2026-06-15,Δ vs WPP -0.04
JOR,2010,3.8,NSO published (national vital statistics / Eurostat),,2026-06-15,HIGH,NSO_TFR_RESOURCE_2026_06,2026-06-15,Δ vs WPP +0.02
JOR,2011,3.8,NSO published (national vital statistics / Eurostat),,2026-06-15,HIGH,NSO_TFR_RESOURCE_2026_06,2026-06-15,Δ vs WPP +0.11
JOR,2012,3.5,NSO published (national vital statistics / Eurostat),,2026-06-15,HIGH,NSO_TFR_RESOURCE_2026_06,2026-06-15,Δ vs WPP -0.07
JOR,2013,3.5,NSO published (national vital statistics / Eurostat),,2026-06-15,HIGH,NSO_TFR_RESOURCE_2026_06,2026-06-15,Δ vs WPP +0.05
JOR,2014,3.5,NSO published (national vital statistics / Eurostat),,2026-06-15,HIGH,NSO_TFR_RESOURCE_2026_06,2026-06-15,Δ vs WPP +0.20
JOR,2015,3.38,NSO published (national vital statistics / Eurostat),,2026-06-15,HIGH,NSO_TFR_RESOURCE_2026_06,2026-06-15,Δ vs WPP +0.24
JOR,2016,3.38,Wikipedia: Demographics of [JOR] (vital statistics),,2026-05-13,HIGH,EDITOR_DECISION_2026_05_v2,2026-05-13,Δ vs WPP +0.31
JOR,2017,3.14,Wikipedia: Demographics of [JOR] (vital statistics),,2026-05-13,HIGH,EDITOR_DECISION_2026_05_v2,2026-05-13,Δ vs WPP +0.15
JOR,2018,3.19,"Wikipedia (TFR from observed births × local-window ratio, outlier-filtered)",,2026-05-14,HIGH,CALCNEW_V7_FRESH,2026-05-14,"Calc New v7 (v7_births_5anchor_±5y). R=0.000015, anchors=[(2015, 198018.0, 3.38, 1.707e-05), (2016, 197789.0, 3.38, 1.709e-05), (2017, 211441.0, 3.14, 1.485e-05), (2019, 197287.0, 2.9, 1.47e-05), (2020, 176557.0, 2.61, 1.478e-05)], dropped=[(2013, 1.965e-05), (2014, 1.853e-05)], window=±5y. Wiki-observed births 2018: 207,917."
JOR,2019,2.9,Wikipedia: Demographics of [JOR] (vital statistics),,2026-05-13,HIGH,EDITOR_DECISION_2026_05_v2,2026-05-13,Δ vs WPP +0.04
JOR,2020,2.61,Wikipedia: Demographics of [JOR] (vital statistics),,2026-05-13,HIGH,EDITOR_DECISION_2026_05_v2,2026-05-13,Δ vs WPP -0.18
JOR,2021,2.65,Wikipedia: Demographics of [JOR] (vital statistics),,2026-05-13,HIGH,EDITOR_DECISION_2026_05_v2,2026-05-13,Δ vs WPP -0.08
JOR,2022,2.53,Wikipedia: Demographics of [JOR] (vital statistics),,2026-05-13,HIGH,EDITOR_DECISION_2026_05_v2,2026-05-13,Δ vs WPP -0.15
JOR,2023,2.37,Wikipedia: Demographics of [JOR] (vital statistics),,2026-05-13,HIGH,EDITOR_DECISION_2026_05_v2,2026-05-13,Δ vs WPP -0.27
JOR,2024,2.34,"Wikipedia (TFR from observed births × local-window ratio, outlier-filtered)",,2026-05-14,HIGH,CALCNEW_V7_FRESH,2026-05-14,"Calc New v7 (v7_births_5anchor_±5y). R=0.000014, anchors=[(2019, 197287.0, 2.9, 1.47e-05), (2020, 176557.0, 2.61, 1.478e-05), (2021, 187722.0, 2.65, 1.412e-05), (2022, 181991.0, 2.53, 1.39e-05), (2023, 171980.0, 2.37, 1.378e-05)], dropped=[], window=±5y. Wiki-observed births 2024: 166,405."
JOR,2025,2.27,Wikipedia (bidirectional TFR interpolation),,2026-05-14,MEDIUM,CALCNEW_V7_FRESH,2026-05-14,Calc New v7 (tfr_extrap_fwd). 
JPN,2016,1.44,Wikipedia: Demographics of [JPN] (vital statistics),,2026-05-13,HIGH,EDITOR_DECISION_2026_05_v2,2026-05-13,Δ vs WPP +0.03
JPN,2017,1.43,Wikipedia: Demographics of [JPN] (vital statistics),,2026-05-13,HIGH,EDITOR_DECISION_2026_05_v2,2026-05-13,Δ vs WPP +0.04
JPN,2018,1.42,Wikipedia: Demographics of [JPN] (vital statistics),,2026-05-13,HIGH,EDITOR_DECISION_2026_05_v2,2026-05-13,Δ vs WPP +0.05
JPN,2019,1.36,Wikipedia: Demographics of [JPN] (vital statistics),,2026-05-13,HIGH,EDITOR_DECISION_2026_05_v2,2026-05-13,Δ vs WPP +0.04
JPN,2020,1.33,Wikipedia: Demographics of [JPN] (vital statistics),,2026-05-13,HIGH,EDITOR_DECISION_2026_05_v2,2026-05-13,Δ vs WPP +0.03
JPN,2021,1.3,Wikipedia: Demographics of [JPN] (vital statistics),,2026-05-13,HIGH,EDITOR_DECISION_2026_05_v2,2026-05-13,Δ vs WPP +0.03
JPN,2022,1.26,MHLW Vital Statistics (確定数),https://www.mhlw.go.jp/toukei/list/81-1a.html,2026-06-08,HIGH,EDITOR_DECISION_2026_06,2026-06-08,Official final
JPN,2023,1.20,MHLW Vital Statistics (確定数),https://www.mhlw.go.jp/toukei/list/81-1a.html,2026-06-08,HIGH,EDITOR_DECISION_2026_06,2026-06-08,Official final
JPN,2024,1.15,Wikipedia: Demographics of [JPN] (vital statistics),,2026-05-13,MEDIUM,EDITOR_DECISION_2026_05_v2,2026-05-13,Δ vs WPP -0.07. Editor certainty: Recheck
JPN,2025,1.14,"MHLW 概数 R7 (births-by-age; TFR derived, 2024-calibrated)",https://www.mhlw.go.jp/toukei/saikin/hw/jinkou/geppo/,2026-06-08,HIGH,EDITOR_DECISION_2026_06,2026-06-08,"Derived from official 概数 R7 births-by-age (671,236) vs 2024 (686,173); calibrated to official 2024 TFR 1.15"
KAZ,2016,2.77,Wikipedia: Demographics of [KAZ] (vital statistics),,2026-05-13,HIGH,EDITOR_DECISION_2026_05_v2,2026-05-13,Δ vs WPP -0.02
KAZ,2023,2.96,Wikipedia: Demographics of [KAZ] (vital statistics),,2026-05-13,HIGH,EDITOR_DECISION_2026_05_v2,2026-05-13,Δ vs WPP -0.05
KAZ,2024,2.8,Wikipedia: Demographics of [KAZ] (vital statistics),,2026-05-13,MEDIUM,EDITOR_DECISION_2026_05_v2,2026-05-13,Δ vs WPP -0.18. Editor certainty: Recheck
KAZ,2025,2.57,Wikipedia: Demographics of [KAZ] (vital statistics),,2026-05-13,MEDIUM,EDITOR_DECISION_2026_05_v2,2026-05-13,Δ vs WPP -0.38. Editor certainty: Recheck
KGZ,2016,3.06,Wikipedia: Demographics of [KGZ] (vital statistics),,2026-05-13,HIGH,EDITOR_DECISION_2026_05_v2,2026-05-13,Δ vs WPP -0.04
KGZ,2017,2.95,Wikipedia: Demographics of [KGZ] (vital statistics),,2026-05-13,HIGH,EDITOR_DECISION_2026_05_v2,2026-05-13,Δ vs WPP -0.09
KGZ,2018,3.3,Wikipedia: Demographics of [KGZ] (vital statistics),,2026-05-13,HIGH,EDITOR_DECISION_2026_05_v2,2026-05-13,Δ vs WPP +0.02
KGZ,2023,2.71,Wikipedia: Demographics of [KGZ] (vital statistics),,2026-05-13,HIGH,EDITOR_DECISION_2026_05_v2,2026-05-13,Δ vs WPP -0.09
KGZ,2024,2.6,Wikipedia: Demographics of [KGZ] (vital statistics),,2026-05-13,MEDIUM,EDITOR_DECISION_2026_05_v2,2026-05-13,Δ vs WPP -0.18. Editor certainty: Recheck
KGZ,2025,2.55,Wikipedia (bidirectional TFR interpolation),,2026-05-14,MEDIUM,CALCNEW_V7_FRESH,2026-05-14,Calc New v7 (tfr_extrap_fwd). 
KOR,1965,5.16,NSO published (national vital statistics / Eurostat),,2026-06-15,HIGH,NSO_TFR_RESOURCE_2026_06,2026-06-15,Δ vs WPP +0.27
KOR,1966,4.99,NSO published (national vital statistics / Eurostat),,2026-06-15,HIGH,NSO_TFR_RESOURCE_2026_06,2026-06-15,Δ vs WPP +0.21
KOR,1967,4.84,NSO published (national vital statistics / Eurostat),,2026-06-15,HIGH,NSO_TFR_RESOURCE_2026_06,2026-06-15,Δ vs WPP +0.23
KOR,1968,4.72,NSO published (national vital statistics / Eurostat),,2026-06-15,HIGH,NSO_TFR_RESOURCE_2026_06,2026-06-15,Δ vs WPP +0.21
KOR,1969,4.62,NSO published (national vital statistics / Eurostat),,2026-06-15,HIGH,NSO_TFR_RESOURCE_2026_06,2026-06-15,Δ vs WPP +0.17
KOR,1970,4.53,NSO published (national vital statistics / Eurostat),,2026-06-15,HIGH,NSO_TFR_RESOURCE_2026_06,2026-06-15,Δ vs WPP +0.07
KOR,1971,4.54,NSO published (national vital statistics / Eurostat),,2026-06-15,HIGH,NSO_TFR_RESOURCE_2026_06,2026-06-15,Δ vs WPP +0.28
KOR,1972,4.12,NSO published (national vital statistics / Eurostat),,2026-06-15,HIGH,NSO_TFR_RESOURCE_2026_06,2026-06-15,Δ vs WPP +0.10
KOR,1973,4.07,NSO published (national vital statistics / Eurostat),,2026-06-15,HIGH,NSO_TFR_RESOURCE_2026_06,2026-06-15,Δ vs WPP +0.27
KOR,1974,3.77,NSO published (national vital statistics / Eurostat),,2026-06-15,HIGH,NSO_TFR_RESOURCE_2026_06,2026-06-15,Δ vs WPP +0.21
KOR,1975,3.43,NSO published (national vital statistics / Eurostat),,2026-06-15,HIGH,NSO_TFR_RESOURCE_2026_06,2026-06-15,Δ vs WPP +0.12
KOR,1976,3,NSO published (national vital statistics / Eurostat),,2026-06-15,HIGH,NSO_TFR_RESOURCE_2026_06,2026-06-15,Δ vs WPP -0.12
KOR,1977,2.99,NSO published (national vital statistics / Eurostat),,2026-06-15,HIGH,NSO_TFR_RESOURCE_2026_06,2026-06-15,Δ vs WPP +0.04
KOR,1978,2.64,NSO published (national vital statistics / Eurostat),,2026-06-15,HIGH,NSO_TFR_RESOURCE_2026_06,2026-06-15,Δ vs WPP -0.06
KOR,1979,2.9,NSO published (national vital statistics / Eurostat),,2026-06-15,HIGH,NSO_TFR_RESOURCE_2026_06,2026-06-15,Δ vs WPP +0.15
KOR,1980,2.82,NSO published (national vital statistics / Eurostat),,2026-06-15,HIGH,NSO_TFR_RESOURCE_2026_06,2026-06-15,Δ vs WPP +0.09
KOR,1981,2.57,NSO published (national vital statistics / Eurostat),,2026-06-15,HIGH,NSO_TFR_RESOURCE_2026_06,2026-06-15,Δ vs WPP -0.10
KOR,1982,2.39,NSO published (national vital statistics / Eurostat),,2026-06-15,HIGH,NSO_TFR_RESOURCE_2026_06,2026-06-15,Δ vs WPP -0.04
KOR,1983,2.06,NSO published (national vital statistics / Eurostat),,2026-06-15,HIGH,NSO_TFR_RESOURCE_2026_06,2026-06-15,Δ vs WPP -0.04
KOR,1984,1.74,NSO published (national vital statistics / Eurostat),,2026-06-15,HIGH,NSO_TFR_RESOURCE_2026_06,2026-06-15,Δ vs WPP -0.09
KOR,1985,1.66,NSO published (national vital statistics / Eurostat),,2026-06-15,HIGH,NSO_TFR_RESOURCE_2026_06,2026-06-15,Δ vs WPP -0.05
KOR,1986,1.58,NSO published (national vital statistics / Eurostat),,2026-06-15,HIGH,NSO_TFR_RESOURCE_2026_06,2026-06-15,Δ vs WPP -0.04
KOR,1987,1.53,NSO published (national vital statistics / Eurostat),,2026-06-15,HIGH,NSO_TFR_RESOURCE_2026_06,2026-06-15,Δ vs WPP -0.04
KOR,1988,1.55,NSO published (national vital statistics / Eurostat),,2026-06-15,HIGH,NSO_TFR_RESOURCE_2026_06,2026-06-15,Δ vs WPP -0.01
KOR,1989,1.56,NSO published (national vital statistics / Eurostat),,2026-06-15,HIGH,NSO_TFR_RESOURCE_2026_06,2026-06-15,Δ vs WPP -0.00
KOR,1990,1.57,NSO published (national vital statistics / Eurostat),,2026-06-15,HIGH,NSO_TFR_RESOURCE_2026_06,2026-06-15,Δ vs WPP -0.03
KOR,1991,1.71,NSO published (national vital statistics / Eurostat),,2026-06-15,HIGH,NSO_TFR_RESOURCE_2026_06,2026-06-15,Δ vs WPP +0.01
KOR,1992,1.76,NSO published (national vital statistics / Eurostat),,2026-06-15,HIGH,NSO_TFR_RESOURCE_2026_06,2026-06-15,Δ vs WPP +0.02
KOR,1993,1.654,NSO published (national vital statistics / Eurostat),,2026-06-15,HIGH,NSO_TFR_RESOURCE_2026_06,2026-06-15,Δ vs WPP -0.03
KOR,1994,1.656,NSO published (national vital statistics / Eurostat),,2026-06-15,HIGH,NSO_TFR_RESOURCE_2026_06,2026-06-15,Δ vs WPP -0.01
KOR,1995,1.634,NSO published (national vital statistics / Eurostat),,2026-06-15,HIGH,NSO_TFR_RESOURCE_2026_06,2026-06-15,Δ vs WPP -0.01
KOR,1996,1.574,NSO published (national vital statistics / Eurostat),,2026-06-15,HIGH,NSO_TFR_RESOURCE_2026_06,2026-06-15,Δ vs WPP -0.03
KOR,1997,1.537,NSO published (national vital statistics / Eurostat),,2026-06-15,HIGH,NSO_TFR_RESOURCE_2026_06,2026-06-15,Δ vs WPP -0.02
KOR,1998,1.464,NSO published (national vital statistics / Eurostat),,2026-06-15,HIGH,NSO_TFR_RESOURCE_2026_06,2026-06-15,Δ vs WPP -0.03
KOR,1999,1.425,NSO published (national vital statistics / Eurostat),,2026-06-15,HIGH,NSO_TFR_RESOURCE_2026_06,2026-06-15,Δ vs WPP -0.04
KOR,2000,1.48,NSO published (national vital statistics / Eurostat),,2026-06-15,HIGH,NSO_TFR_RESOURCE_2026_06,2026-06-15,Δ vs WPP +0.01
KOR,2001,1.309,NSO published (national vital statistics / Eurostat),,2026-06-15,HIGH,NSO_TFR_RESOURCE_2026_06,2026-06-15,Δ vs WPP -0.03
KOR,2002,1.178,NSO published (national vital statistics / Eurostat),,2026-06-15,HIGH,NSO_TFR_RESOURCE_2026_06,2026-06-15,Δ vs WPP -0.05
KOR,2003,1.191,NSO published (national vital statistics / Eurostat),,2026-06-15,HIGH,NSO_TFR_RESOURCE_2026_06,2026-06-15,Δ vs WPP -0.01
KOR,2004,1.164,NSO published (national vital statistics / Eurostat),,2026-06-15,HIGH,NSO_TFR_RESOURCE_2026_06,2026-06-15,Δ vs WPP +0.00
KOR,2005,1.085,NSO published (national vital statistics / Eurostat),,2026-06-15,HIGH,NSO_TFR_RESOURCE_2026_06,2026-06-15,Δ vs WPP -0.03
KOR,2006,1.132,NSO published (national vital statistics / Eurostat),,2026-06-15,HIGH,NSO_TFR_RESOURCE_2026_06,2026-06-15,Δ vs WPP -0.01
KOR,2007,1.259,NSO published (national vital statistics / Eurostat),,2026-06-15,HIGH,NSO_TFR_RESOURCE_2026_06,2026-06-15,Δ vs WPP +0.04
KOR,2008,1.192,NSO published (national vital statistics / Eurostat),,2026-06-15,HIGH,NSO_TFR_RESOURCE_2026_06,2026-06-15,Δ vs WPP +0.00
KOR,2009,1.149,NSO published (national vital statistics / Eurostat),,2026-06-15,HIGH,NSO_TFR_RESOURCE_2026_06,2026-06-15,Δ vs WPP -0.03
KOR,2010,1.226,NSO published (national vital statistics / Eurostat),,2026-06-15,HIGH,NSO_TFR_RESOURCE_2026_06,2026-06-15,Δ vs WPP -0.00
KOR,2011,1.244,NSO published (national vital statistics / Eurostat),,2026-06-15,HIGH,NSO_TFR_RESOURCE_2026_06,2026-06-15,Δ vs WPP -0.01
KOR,2012,1.297,NSO published (national vital statistics / Eurostat),,2026-06-15,HIGH,NSO_TFR_RESOURCE_2026_06,2026-06-15,Δ vs WPP +0.02
KOR,2013,1.187,NSO published (national vital statistics / Eurostat),,2026-06-15,HIGH,NSO_TFR_RESOURCE_2026_06,2026-06-15,Δ vs WPP -0.02
KOR,2014,1.205,NSO published (national vital statistics / Eurostat),,2026-06-15,HIGH,NSO_TFR_RESOURCE_2026_06,2026-06-15,Δ vs WPP +0.01
KOR,2015,1.239,NSO published (national vital statistics / Eurostat),,2026-06-15,HIGH,NSO_TFR_RESOURCE_2026_06,2026-06-15,Δ vs WPP +0.04
KOR,2016,1.172,Wikipedia: Demographics of [KOR] (vital statistics),,2026-05-13,HIGH,EDITOR_DECISION_2026_05_v2,2026-05-13,Δ vs WPP +0.03
KOR,2017,1.052,NSO published (national vital statistics / Eurostat),,2026-06-15,HIGH,NSO_TFR_RESOURCE_2026_06,2026-06-15,Δ vs WPP +0.02
KOR,2018,0.977,Wikipedia: Demographics of [KOR] (vital statistics),,2026-05-13,HIGH,EDITOR_DECISION_2026_05_v2,2026-05-13,Δ vs WPP +0.03
KOR,2019,0.918,Wikipedia: Demographics of [KOR] (vital statistics),,2026-05-13,HIGH,EDITOR_DECISION_2026_05_v2,2026-05-13,Δ vs WPP +0.04
KOR,2020,0.837,Wikipedia: Demographics of [KOR] (vital statistics),,2026-05-13,HIGH,EDITOR_DECISION_2026_05_v2,2026-05-13,Δ vs WPP +0.03
KOR,2021,0.808,Wikipedia: Demographics of [KOR] (vital statistics),,2026-05-13,HIGH,EDITOR_DECISION_2026_05_v2,2026-05-13,Δ vs WPP +0.03
KOR,2022,0.778,NSO published (national vital statistics / Eurostat),,2026-06-15,HIGH,NSO_TFR_RESOURCE_2026_06,2026-06-15,Δ vs WPP -0.00
KOR,2023,0.721,NSO published (national vital statistics / Eurostat),,2026-06-15,HIGH,NSO_TFR_RESOURCE_2026_06,2026-06-15,Δ vs WPP +0.00
KOR,2024,0.748,Wikipedia: Demographics of [KOR] (vital statistics),,2026-05-13,HIGH,EDITOR_DECISION_2026_05_v2,2026-05-13,Δ vs WPP +0.02
KOR,2025,0.8,Wikipedia: Demographics of [KOR] (vital statistics),,2026-05-13,MEDIUM,EDITOR_DECISION_2026_05_v2,2026-05-13,Δ vs WPP +0.05. Editor certainty: Recheck
KWT,2011,1.95,NSO published (national vital statistics / Eurostat),,2026-06-15,HIGH,NSO_TFR_RESOURCE_2026_06,2026-06-15,Δ vs WPP -0.01
KWT,2012,1.86,NSO published (national vital statistics / Eurostat),,2026-06-15,HIGH,NSO_TFR_RESOURCE_2026_06,2026-06-15,Δ vs WPP -0.13
KWT,2013,1.719,NSO published (national vital statistics / Eurostat),,2026-06-15,HIGH,NSO_TFR_RESOURCE_2026_06,2026-06-15,Δ vs WPP -0.25
KWT,2014,1.915,NSO published (national vital statistics / Eurostat),,2026-06-15,HIGH,NSO_TFR_RESOURCE_2026_06,2026-06-15,Δ vs WPP -0.15
KWT,2016,2.062,NSO published (national vital statistics / Eurostat),,2026-06-15,HIGH,NSO_TFR_RESOURCE_2026_06,2026-06-15,Δ vs WPP +0.00
KWT,2017,2.152,NSO published (national vital statistics / Eurostat),,2026-06-15,HIGH,NSO_TFR_RESOURCE_2026_06,2026-06-15,Δ vs WPP -0.01
KWT,2018,2.16,Wikipedia: Demographics of [KWT] (vital statistics),,2026-05-13,HIGH,EDITOR_DECISION_2026_05_v2,2026-05-13,Δ vs WPP +0.04
KWT,2019,2.082,NSO published (national vital statistics / Eurostat),,2026-06-15,HIGH,NSO_TFR_RESOURCE_2026_06,2026-06-15,Δ vs WPP -0.00
KWT,2020,2.033,Wikipedia: Demographics of [KWT] (vital statistics),,2026-05-13,HIGH,EDITOR_DECISION_2026_05_v2,2026-05-13,Δ vs WPP -0.07
KWT,2021,2.148,Wikipedia: Demographics of [KWT] (vital statistics),,2026-05-13,HIGH,EDITOR_DECISION_2026_05_v2,2026-05-13,Δ vs WPP +0.33
KWT,2022,1.546,NSO published (national vital statistics / Eurostat),,2026-06-15,HIGH,NSO_TFR_RESOURCE_2026_06,2026-06-15,Δ vs WPP -0.00
KWT,2023,1.524,NSO published (national vital statistics / Eurostat),,2026-06-15,HIGH,NSO_TFR_RESOURCE_2026_06,2026-06-15,Δ vs WPP -0.00
KWT,2024,1.56,Wikipedia: Demographics of [KWT] (vital statistics),,2026-05-13,MEDIUM,EDITOR_DECISION_2026_05_v2,2026-05-13,Δ vs WPP +0.05. Editor certainty: Recheck
KWT,2025,1.56,Wikipedia (bidirectional TFR interpolation),,2026-05-14,MEDIUM,CALCNEW_V7_FRESH,2026-05-14,Calc New v7 (tfr_extrap_fwd). 
LAO,1965,5.98,NSO published (national vital statistics / Eurostat),,2026-06-15,HIGH,NSO_TFR_RESOURCE_2026_06,2026-06-15,Δ vs WPP -0.34
LAO,1970,5.99,NSO published (national vital statistics / Eurostat),,2026-06-15,HIGH,NSO_TFR_RESOURCE_2026_06,2026-06-15,Δ vs WPP -0.32
LAO,1975,6.15,NSO published (national vital statistics / Eurostat),,2026-06-15,HIGH,NSO_TFR_RESOURCE_2026_06,2026-06-15,Δ vs WPP -0.14
LAO,1980,6.36,NSO published (national vital statistics / Eurostat),,2026-06-15,HIGH,NSO_TFR_RESOURCE_2026_06,2026-06-15,Δ vs WPP +0.03
LAO,1985,6.27,NSO published (national vital statistics / Eurostat),,2026-06-15,HIGH,NSO_TFR_RESOURCE_2026_06,2026-06-15,Δ vs WPP -0.06
LAO,1990,5.88,NSO published (national vital statistics / Eurostat),,2026-06-15,HIGH,NSO_TFR_RESOURCE_2026_06,2026-06-15,Δ vs WPP -0.18
LAO,1995,4.81,NSO published (national vital statistics / Eurostat),,2026-06-15,HIGH,NSO_TFR_RESOURCE_2026_06,2026-06-15,Δ vs WPP -0.55
LAO,2000,3.9,NSO published (national vital statistics / Eurostat),,2026-06-15,HIGH,NSO_TFR_RESOURCE_2026_06,2026-06-15,Δ vs WPP -0.53
LAO,2005,3.4,NSO published (national vital statistics / Eurostat),,2026-06-15,HIGH,NSO_TFR_RESOURCE_2026_06,2026-06-15,Δ vs WPP -0.28
LAO,2010,2.93,NSO published (national vital statistics / Eurostat),,2026-06-15,HIGH,NSO_TFR_RESOURCE_2026_06,2026-06-15,Δ vs WPP -0.21
LAO,2015,2.7,NSO published (national vital statistics / Eurostat),,2026-06-15,HIGH,NSO_TFR_RESOURCE_2026_06,2026-06-15,Δ vs WPP -0.10
LAO,2016,2.9,Wikipedia: Demographics of [LAO] (vital statistics),,2026-05-13,HIGH,EDITOR_DECISION_2026_05_v2,2026-05-13,Δ vs WPP +0.16
LAO,2017,2.82,Wikipedia: Demographics of [LAO] (vital statistics),,2026-05-13,HIGH,EDITOR_DECISION_2026_05_v2,2026-05-13,Δ vs WPP +0.13
LAO,2018,2.76,Wikipedia: Demographics of [LAO] (vital statistics),,2026-05-13,HIGH,EDITOR_DECISION_2026_05_v2,2026-05-13,Δ vs WPP +0.13
LAO,2019,2.68,Wikipedia: Demographics of [LAO] (vital statistics),,2026-05-13,HIGH,EDITOR_DECISION_2026_05_v2,2026-05-13,Δ vs WPP +0.09
LAO,2020,2.48,Wikipedia: Demographics of [LAO] (vital statistics),,2026-05-13,HIGH,EDITOR_DECISION_2026_05_v2,2026-05-13,Δ vs WPP -0.04
LAO,2021,2.54,Wikipedia: Demographics of [LAO] (vital statistics),,2026-05-13,HIGH,EDITOR_DECISION_2026_05_v2,2026-05-13,Δ vs WPP +0.05
LAO,2022,2.48,Wikipedia: Demographics of [LAO] (vital statistics),,2026-05-13,HIGH,EDITOR_DECISION_2026_05_v2,2026-05-13,Δ vs WPP +0.02
LAO,2024,2.36,Wikipedia: Demographics of [LAO] (vital statistics),,2026-05-13,HIGH,EDITOR_DECISION_2026_05_v2,2026-05-13,Δ vs WPP -0.04
LAO,2025,2.3,Wikipedia (bidirectional TFR interpolation),,2026-05-14,MEDIUM,CALCNEW_V7_FRESH,2026-05-14,Calc New v7 (tfr_extrap_fwd). 
LBN,1965,5.65,NSO published (national vital statistics / Eurostat),,2026-06-15,HIGH,NSO_TFR_RESOURCE_2026_06,2026-06-15,Δ vs WPP -0.12
LBN,1966,5.57,NSO published (national vital statistics / Eurostat),,2026-06-15,HIGH,NSO_TFR_RESOURCE_2026_06,2026-06-15,Δ vs WPP -0.11
LBN,1967,5.49,NSO published (national vital statistics / Eurostat),,2026-06-15,HIGH,NSO_TFR_RESOURCE_2026_06,2026-06-15,Δ vs WPP -0.08
LBN,1968,5.38,NSO published (national vital statistics / Eurostat),,2026-06-15,HIGH,NSO_TFR_RESOURCE_2026_06,2026-06-15,Δ vs WPP -0.07
LBN,1969,5.28,NSO published (national vital statistics / Eurostat),,2026-06-15,HIGH,NSO_TFR_RESOURCE_2026_06,2026-06-15,Δ vs WPP -0.04
LBN,1970,5.17,NSO published (national vital statistics / Eurostat),,2026-06-15,HIGH,NSO_TFR_RESOURCE_2026_06,2026-06-15,Δ vs WPP -0.02
LBN,1971,5.04,NSO published (national vital statistics / Eurostat),,2026-06-15,HIGH,NSO_TFR_RESOURCE_2026_06,2026-06-15,Δ vs WPP -0.01
LBN,1972,4.93,NSO published (national vital statistics / Eurostat),,2026-06-15,HIGH,NSO_TFR_RESOURCE_2026_06,2026-06-15,Δ vs WPP +0.02
LBN,1973,4.81,NSO published (national vital statistics / Eurostat),,2026-06-15,HIGH,NSO_TFR_RESOURCE_2026_06,2026-06-15,Δ vs WPP +0.02
LBN,1974,4.69,NSO published (national vital statistics / Eurostat),,2026-06-15,HIGH,NSO_TFR_RESOURCE_2026_06,2026-06-15,Δ vs WPP +0.04
LBN,1975,4.56,NSO published (national vital statistics / Eurostat),,2026-06-15,HIGH,NSO_TFR_RESOURCE_2026_06,2026-06-15,Δ vs WPP +0.04
LBN,1976,4.42,NSO published (national vital statistics / Eurostat),,2026-06-15,HIGH,NSO_TFR_RESOURCE_2026_06,2026-06-15,Δ vs WPP +0.03
LBN,1977,4.31,NSO published (national vital statistics / Eurostat),,2026-06-15,HIGH,NSO_TFR_RESOURCE_2026_06,2026-06-15,Δ vs WPP +0.03
LBN,1978,4.2,NSO published (national vital statistics / Eurostat),,2026-06-15,HIGH,NSO_TFR_RESOURCE_2026_06,2026-06-15,Δ vs WPP +0.02
LBN,1979,4.09,NSO published (national vital statistics / Eurostat),,2026-06-15,HIGH,NSO_TFR_RESOURCE_2026_06,2026-06-15,Δ vs WPP +0.01
LBN,1980,4.03,NSO published (national vital statistics / Eurostat),,2026-06-15,HIGH,NSO_TFR_RESOURCE_2026_06,2026-06-15,Δ vs WPP +0.02
LBN,1981,3.98,NSO published (national vital statistics / Eurostat),,2026-06-15,HIGH,NSO_TFR_RESOURCE_2026_06,2026-06-15,Δ vs WPP +0.03
LBN,1982,3.89,NSO published (national vital statistics / Eurostat),,2026-06-15,HIGH,NSO_TFR_RESOURCE_2026_06,2026-06-15,Δ vs WPP +0.04
LBN,1983,3.79,NSO published (national vital statistics / Eurostat),,2026-06-15,HIGH,NSO_TFR_RESOURCE_2026_06,2026-06-15,Δ vs WPP +0.06
LBN,1984,3.7,NSO published (national vital statistics / Eurostat),,2026-06-15,HIGH,NSO_TFR_RESOURCE_2026_06,2026-06-15,Δ vs WPP +0.04
LBN,1985,3.59,NSO published (national vital statistics / Eurostat),,2026-06-15,HIGH,NSO_TFR_RESOURCE_2026_06,2026-06-15,Δ vs WPP +0.06
LBN,1986,3.5,NSO published (national vital statistics / Eurostat),,2026-06-15,HIGH,NSO_TFR_RESOURCE_2026_06,2026-06-15,Δ vs WPP +0.03
LBN,1987,3.43,NSO published (national vital statistics / Eurostat),,2026-06-15,HIGH,NSO_TFR_RESOURCE_2026_06,2026-06-15,Δ vs WPP +0.01
LBN,1988,3.4,NSO published (national vital statistics / Eurostat),,2026-06-15,HIGH,NSO_TFR_RESOURCE_2026_06,2026-06-15,Δ vs WPP +0.01
LBN,1989,3.39,NSO published (national vital statistics / Eurostat),,2026-06-15,HIGH,NSO_TFR_RESOURCE_2026_06,2026-06-15,Δ vs WPP +0.03
LBN,1990,3.3,NSO published (national vital statistics / Eurostat),,2026-06-15,HIGH,NSO_TFR_RESOURCE_2026_06,2026-06-15,Δ vs WPP +0.03
LBN,1991,3.19,NSO published (national vital statistics / Eurostat),,2026-06-15,HIGH,NSO_TFR_RESOURCE_2026_06,2026-06-15,Δ vs WPP +0.03
LBN,1992,3.08,NSO published (national vital statistics / Eurostat),,2026-06-15,HIGH,NSO_TFR_RESOURCE_2026_06,2026-06-15,Δ vs WPP +0.03
LBN,1993,2.97,NSO published (national vital statistics / Eurostat),,2026-06-15,HIGH,NSO_TFR_RESOURCE_2026_06,2026-06-15,Δ vs WPP +0.03
LBN,1994,2.87,NSO published (national vital statistics / Eurostat),,2026-06-15,HIGH,NSO_TFR_RESOURCE_2026_06,2026-06-15,Δ vs WPP +0.05
LBN,1995,2.78,NSO published (national vital statistics / Eurostat),,2026-06-15,HIGH,NSO_TFR_RESOURCE_2026_06,2026-06-15,Δ vs WPP +0.06
LBN,1996,2.74,NSO published (national vital statistics / Eurostat),,2026-06-15,HIGH,NSO_TFR_RESOURCE_2026_06,2026-06-15,Δ vs WPP +0.04
LBN,1997,2.66,NSO published (national vital statistics / Eurostat),,2026-06-15,HIGH,NSO_TFR_RESOURCE_2026_06,2026-06-15,Δ vs WPP -0.01
LBN,1998,2.6,NSO published (national vital statistics / Eurostat),,2026-06-15,HIGH,NSO_TFR_RESOURCE_2026_06,2026-06-15,Δ vs WPP -0.05
LBN,1999,2.55,NSO published (national vital statistics / Eurostat),,2026-06-15,HIGH,NSO_TFR_RESOURCE_2026_06,2026-06-15,Δ vs WPP -0.08
LBN,2000,2.5,NSO published (national vital statistics / Eurostat),,2026-06-15,HIGH,NSO_TFR_RESOURCE_2026_06,2026-06-15,Δ vs WPP -0.10
LBN,2001,2.46,NSO published (national vital statistics / Eurostat),,2026-06-15,HIGH,NSO_TFR_RESOURCE_2026_06,2026-06-15,Δ vs WPP -0.12
LBN,2002,2.41,NSO published (national vital statistics / Eurostat),,2026-06-15,HIGH,NSO_TFR_RESOURCE_2026_06,2026-06-15,Δ vs WPP -0.11
LBN,2003,2.35,NSO published (national vital statistics / Eurostat),,2026-06-15,HIGH,NSO_TFR_RESOURCE_2026_06,2026-06-15,Δ vs WPP -0.11
LBN,2004,2.27,NSO published (national vital statistics / Eurostat),,2026-06-15,HIGH,NSO_TFR_RESOURCE_2026_06,2026-06-15,Δ vs WPP -0.11
LBN,2005,2.2,NSO published (national vital statistics / Eurostat),,2026-06-15,HIGH,NSO_TFR_RESOURCE_2026_06,2026-06-15,Δ vs WPP -0.09
LBN,2006,2.16,NSO published (national vital statistics / Eurostat),,2026-06-15,HIGH,NSO_TFR_RESOURCE_2026_06,2026-06-15,Δ vs WPP -0.08
LBN,2007,2.11,NSO published (national vital statistics / Eurostat),,2026-06-15,HIGH,NSO_TFR_RESOURCE_2026_06,2026-06-15,Δ vs WPP -0.09
LBN,2008,2.08,NSO published (national vital statistics / Eurostat),,2026-06-15,HIGH,NSO_TFR_RESOURCE_2026_06,2026-06-15,Δ vs WPP -0.09
LBN,2009,2.09,NSO published (national vital statistics / Eurostat),,2026-06-15,HIGH,NSO_TFR_RESOURCE_2026_06,2026-06-15,Δ vs WPP -0.10
LBN,2010,2.13,NSO published (national vital statistics / Eurostat),,2026-06-15,HIGH,NSO_TFR_RESOURCE_2026_06,2026-06-15,Δ vs WPP -0.13
LBN,2011,2.16,NSO published (national vital statistics / Eurostat),,2026-06-15,HIGH,NSO_TFR_RESOURCE_2026_06,2026-06-15,Δ vs WPP -0.16
LBN,2012,2.17,NSO published (national vital statistics / Eurostat),,2026-06-15,HIGH,NSO_TFR_RESOURCE_2026_06,2026-06-15,Δ vs WPP -0.17
LBN,2013,2.17,NSO published (national vital statistics / Eurostat),,2026-06-15,HIGH,NSO_TFR_RESOURCE_2026_06,2026-06-15,Δ vs WPP -0.19
LBN,2014,2.18,NSO published (national vital statistics / Eurostat),,2026-06-15,HIGH,NSO_TFR_RESOURCE_2026_06,2026-06-15,Δ vs WPP -0.20
LBN,2015,2.18,NSO published (national vital statistics / Eurostat),,2026-06-15,HIGH,NSO_TFR_RESOURCE_2026_06,2026-06-15,Δ vs WPP -0.20
LBN,2016,2.18,Wikipedia: Demographics of [LBN] (vital statistics),,2026-05-13,HIGH,EDITOR_DECISION_2026_05_v2,2026-05-13,Δ vs WPP -0.21
LBN,2017,2.17,Wikipedia: Demographics of [LBN] (vital statistics),,2026-05-13,HIGH,EDITOR_DECISION_2026_05_v2,2026-05-13,Δ vs WPP -0.20
LBN,2018,2.15,Wikipedia: Demographics of [LBN] (vital statistics),,2026-05-13,HIGH,EDITOR_DECISION_2026_05_v2,2026-05-13,Δ vs WPP -0.20
LBN,2019,2.13,Wikipedia: Demographics of [LBN] (vital statistics),,2026-05-13,HIGH,EDITOR_DECISION_2026_05_v2,2026-05-13,Δ vs WPP -0.20
LBN,2020,2.1,Wikipedia: Demographics of [LBN] (vital statistics),,2026-05-13,HIGH,EDITOR_DECISION_2026_05_v2,2026-05-13,Δ vs WPP -0.21
LBN,2021,2.09,Wikipedia: Demographics of [LBN] (vital statistics),,2026-05-13,HIGH,EDITOR_DECISION_2026_05_v2,2026-05-13,Δ vs WPP -0.19
LBN,2022,2.07,Wikipedia (bidirectional TFR interpolation),,2026-05-14,MEDIUM,CALCNEW_V7_FRESH,2026-05-14,Calc New v7 (tfr_extrap_fwd). 
LBN,2023,2.05,Wikipedia (bidirectional TFR interpolation),,2026-05-14,MEDIUM,CALCNEW_V7_FRESH,2026-05-14,Calc New v7 (tfr_extrap_fwd). 
LBN,2024,2.03,Wikipedia (bidirectional TFR interpolation),,2026-05-14,MEDIUM,CALCNEW_V7_FRESH,2026-05-14,Calc New v7 (tfr_extrap_fwd). 
LBN,2025,2.01,Wikipedia (bidirectional TFR interpolation),,2026-05-14,MEDIUM,CALCNEW_V7_FRESH,2026-05-14,Calc New v7 (tfr_extrap_fwd). 
LIE,1999,1.63,NSO published (national vital statistics / Eurostat),,2026-06-15,HIGH,NSO_TFR_RESOURCE_2026_06,2026-06-15,Δ vs WPP +0.03
LIE,2000,1.58,NSO published (national vital statistics / Eurostat),,2026-06-15,HIGH,NSO_TFR_RESOURCE_2026_06,2026-06-15,Δ vs WPP +0.01
LIE,2001,1.53,NSO published (national vital statistics / Eurostat),,2026-06-15,HIGH,NSO_TFR_RESOURCE_2026_06,2026-06-15,Δ vs WPP +0.01
LIE,2002,1.49,NSO published (national vital statistics / Eurostat),,2026-06-15,HIGH,NSO_TFR_RESOURCE_2026_06,2026-06-15,Δ vs WPP +0.02
LIE,2003,1.36,NSO published (national vital statistics / Eurostat),,2026-06-15,HIGH,NSO_TFR_RESOURCE_2026_06,2026-06-15,Δ vs WPP -0.01
LIE,2004,1.46,NSO published (national vital statistics / Eurostat),,2026-06-15,HIGH,NSO_TFR_RESOURCE_2026_06,2026-06-15,Δ vs WPP +0.02
LIE,2005,1.51,NSO published (national vital statistics / Eurostat),,2026-06-15,HIGH,NSO_TFR_RESOURCE_2026_06,2026-06-15,Δ vs WPP +0.02
LIE,2006,1.45,NSO published (national vital statistics / Eurostat),,2026-06-15,HIGH,NSO_TFR_RESOURCE_2026_06,2026-06-15,Δ vs WPP +0.02
LIE,2007,1.44,NSO published (national vital statistics / Eurostat),,2026-06-15,HIGH,NSO_TFR_RESOURCE_2026_06,2026-06-15,Δ vs WPP +0.02
LIE,2008,1.45,NSO published (national vital statistics / Eurostat),,2026-06-15,HIGH,NSO_TFR_RESOURCE_2026_06,2026-06-15,Δ vs WPP +0.01
LIE,2009,1.71,NSO published (national vital statistics / Eurostat),,2026-06-15,HIGH,NSO_TFR_RESOURCE_2026_06,2026-06-15,Δ vs WPP +0.03
LIE,2010,1.4,NSO published (national vital statistics / Eurostat),,2026-06-15,HIGH,NSO_TFR_RESOURCE_2026_06,2026-06-15,Δ vs WPP -0.03
LIE,2011,1.69,NSO published (national vital statistics / Eurostat),,2026-06-15,HIGH,NSO_TFR_RESOURCE_2026_06,2026-06-15,Δ vs WPP +0.03
LIE,2012,1.51,NSO published (national vital statistics / Eurostat),,2026-06-15,HIGH,NSO_TFR_RESOURCE_2026_06,2026-06-15,Δ vs WPP -0.00
LIE,2013,1.45,NSO published (national vital statistics / Eurostat),,2026-06-15,HIGH,NSO_TFR_RESOURCE_2026_06,2026-06-15,Δ vs WPP -0.01
LIE,2014,1.59,NSO published (national vital statistics / Eurostat),,2026-06-15,HIGH,NSO_TFR_RESOURCE_2026_06,2026-06-15,Δ vs WPP +0.02
LIE,2015,1.4,NSO published (national vital statistics / Eurostat),,2026-06-15,HIGH,NSO_TFR_RESOURCE_2026_06,2026-06-15,Δ vs WPP -0.03
LIE,2016,1.61,Wikipedia: Demographics of [LIE] (vital statistics),,2026-05-13,HIGH,EDITOR_DECISION_2026_05_v2,2026-05-13,Δ vs WPP +0.02
LIE,2017,1.44,Wikipedia: Demographics of [LIE] (vital statistics),,2026-05-13,HIGH,EDITOR_DECISION_2026_05_v2,2026-05-13,Δ vs WPP -0.02
LIE,2018,1.58,Wikipedia: Demographics of [LIE] (vital statistics),,2026-05-13,HIGH,EDITOR_DECISION_2026_05_v2,2026-05-13,Δ vs WPP +0.02
LIE,2019,1.47,NSO published (national vital statistics / Eurostat),,2026-06-15,HIGH,NSO_TFR_RESOURCE_2026_06,2026-06-15,Δ vs WPP -0.01
LIE,2020,1.46,NSO published (national vital statistics / Eurostat),,2026-06-15,HIGH,NSO_TFR_RESOURCE_2026_06,2026-06-15,Δ vs WPP -0.00
LIE,2021,1.53,NSO published (national vital statistics / Eurostat),,2026-06-15,HIGH,NSO_TFR_RESOURCE_2026_06,2026-06-15,Δ vs WPP +0.01
LIE,2022,1.47,Wikipedia: Demographics of [LIE] (vital statistics),,2026-05-13,HIGH,EDITOR_DECISION_2026_05_v2,2026-05-13,Δ vs WPP -0.06
LIE,2023,1.45,Wikipedia: Demographics of [LIE] (vital statistics),,2026-05-13,HIGH,EDITOR_DECISION_2026_05_v2,2026-05-13,Δ vs WPP -0.09
LIE,2024,1.37,Wikipedia: Demographics of [LIE] (vital statistics),,2026-05-13,MEDIUM,EDITOR_DECISION_2026_05_v2,2026-05-13,Δ vs WPP -0.17. Editor certainty: Recheck
LIE,2025,1.32,Wikipedia (bidirectional TFR interpolation),,2026-05-14,MEDIUM,CALCNEW_V7_FRESH,2026-05-14,Calc New v7 (tfr_extrap_fwd). 
LKA,2012,2.252,NSO published (national vital statistics / Eurostat),,2026-06-15,HIGH,NSO_TFR_RESOURCE_2026_06,2026-06-15,Δ vs WPP +0.08
LKA,2013,2.264,NSO published (national vital statistics / Eurostat),,2026-06-15,HIGH,NSO_TFR_RESOURCE_2026_06,2026-06-15,Δ vs WPP +0.09
LKA,2014,2.148,NSO published (national vital statistics / Eurostat),,2026-06-15,HIGH,NSO_TFR_RESOURCE_2026_06,2026-06-15,Δ vs WPP +0.01
LKA,2015,2.046,"Department of Census and Statistics, Sri Lanka",http://www.statistics.gov.lk/,2026-05-13,HIGH,EDITOR_DECISION_2026_05_v2,2026-05-13,Pre-2016 override (editor matrix start year: 2015)
LKA,2016,1.985,"Department of Census and Statistics, Sri Lanka",http://www.statistics.gov.lk/,2026-05-13,HIGH,EDITOR_DECISION_2026_05_v2,2026-05-13,Δ vs WPP -0.07. Editor certainty: Materially Lower
LKA,2017,1.944,"Department of Census and Statistics, Sri Lanka",http://www.statistics.gov.lk/,2026-05-13,HIGH,EDITOR_DECISION_2026_05_v2,2026-05-13,Δ vs WPP -0.10. Editor certainty: Materially Lower
LKA,2018,1.937,"Department of Census and Statistics, Sri Lanka",http://www.statistics.gov.lk/,2026-05-13,HIGH,EDITOR_DECISION_2026_05_v2,2026-05-13,Δ vs WPP -0.09. Editor certainty: Materially Lower
LKA,2019,1.87,"Department of Census and Statistics, Sri Lanka",http://www.statistics.gov.lk/,2026-05-13,HIGH,EDITOR_DECISION_2026_05_v2,2026-05-13,Δ vs WPP -0.15. Editor certainty: Materially Lower
LKA,2020,1.756,"Department of Census and Statistics, Sri Lanka",http://www.statistics.gov.lk/,2026-05-13,HIGH,EDITOR_DECISION_2026_05_v2,2026-05-13,Δ vs WPP -0.25. Editor certainty: Materially Lower
LKA,2021,1.7,"Department of Census and Statistics, Sri Lanka",http://www.statistics.gov.lk/,2026-05-13,HIGH,EDITOR_DECISION_2026_05_v2,2026-05-13,Δ vs WPP -0.30. Editor certainty: Materially Lower
LKA,2022,1.65,"Department of Census and Statistics, Sri Lanka",http://www.statistics.gov.lk/,2026-05-13,HIGH,EDITOR_DECISION_2026_05_v2,2026-05-13,Δ vs WPP -0.33. Editor certainty: Materially Lower
LKA,2023,1.49,"Department of Census and Statistics, Sri Lanka",http://www.statistics.gov.lk/,2026-05-13,HIGH,EDITOR_DECISION_2026_05_v2,2026-05-13,Δ vs WPP -0.48. Editor certainty: Materially Lower
LKA,2024,1.37,"Department of Census and Statistics, Sri Lanka",http://www.statistics.gov.lk/,2026-05-13,HIGH,EDITOR_DECISION_2026_05_v2,2026-05-13,Δ vs WPP -0.58. Editor certainty: Materially Lower
LKA,2025,1.3,"Wikipedia (TFR from observed births × local-window ratio, outlier-filtered)",,2026-05-14,HIGH,CALCNEW_V7_FRESH,2026-05-14,"Calc New v7 (v7_births_5anchor_±5y). R=0.000006, anchors=[(2020, 301706.0, 1.756, 5.82e-06), (2021, 284848.0, 1.7, 5.97e-06), (2022, 275321.0, 1.65, 5.99e-06), (2023, 247900.0, 1.49, 6.01e-06), (2024, 220761.0, 1.37, 6.21e-06)], dropped=[], window=±5y. Wiki-observed births 2025: 214,570."
LTU,2016,1.63,NSO published (national vital statistics / Eurostat),,2026-06-15,HIGH,NSO_TFR_RESOURCE_2026_06,2026-06-15,Δ vs WPP -0.06
LTU,2017,1.57,NSO published (national vital statistics / Eurostat),,2026-06-15,HIGH,NSO_TFR_RESOURCE_2026_06,2026-06-15,Δ vs WPP -0.06
LTU,2018,1.53,NSO published (national vital statistics / Eurostat),,2026-06-15,HIGH,NSO_TFR_RESOURCE_2026_06,2026-06-15,Δ vs WPP -0.11
LTU,2019,1.43,Wikipedia: Demographics of [LTU] (vital statistics),,2026-05-13,HIGH,EDITOR_DECISION_2026_05_v2,2026-05-13,Δ vs WPP -0.18
LTU,2020,1.36,Wikipedia: Demographics of [LTU] (vital statistics),,2026-05-13,HIGH,EDITOR_DECISION_2026_05_v2,2026-05-13,Δ vs WPP -0.13
LTU,2021,1.36,Wikipedia: Demographics of [LTU] (vital statistics),,2026-05-13,HIGH,EDITOR_DECISION_2026_05_v2,2026-05-13,Δ vs WPP -0.02
LTU,2022,1.27,NSO published (national vital statistics / Eurostat),,2026-06-15,HIGH,NSO_TFR_RESOURCE_2026_06,2026-06-15,Δ vs WPP +0.00
LTU,2023,1.18,Wikipedia: Demographics of [LTU] (vital statistics),,2026-05-13,HIGH,EDITOR_DECISION_2026_05_v2,2026-05-13,Δ vs WPP -0.02
LTU,2024,1.11,Wikipedia: Demographics of [LTU] (vital statistics),,2026-05-13,MEDIUM,EDITOR_DECISION_2026_05_v2,2026-05-13,Δ vs WPP -0.10. Editor certainty: Recheck
LTU,2025,1.03,Wikipedia: Demographics of [LTU] (vital statistics),,2026-05-13,MEDIUM,EDITOR_DECISION_2026_05_v2,2026-05-13,Δ vs WPP -0.19. Editor certainty: Recheck
LUX,2016,1.41,NSO published (national vital statistics / Eurostat),,2026-06-15,HIGH,NSO_TFR_RESOURCE_2026_06,2026-06-15,Δ vs WPP -0.00
LUX,2017,1.39,NSO published (national vital statistics / Eurostat),,2026-06-15,HIGH,NSO_TFR_RESOURCE_2026_06,2026-06-15,Δ vs WPP -0.00
LUX,2018,1.38,NSO published (national vital statistics / Eurostat),,2026-06-15,HIGH,NSO_TFR_RESOURCE_2026_06,2026-06-15,Δ vs WPP +0.00
LUX,2019,1.34,NSO published (national vital statistics / Eurostat),,2026-06-15,HIGH,NSO_TFR_RESOURCE_2026_06,2026-06-15,Δ vs WPP -0.00
LUX,2020,1.36,NSO published (national vital statistics / Eurostat),,2026-06-15,HIGH,NSO_TFR_RESOURCE_2026_06,2026-06-15,Δ vs WPP -0.00
LUX,2021,1.38,NSO published (national vital statistics / Eurostat),,2026-06-15,HIGH,NSO_TFR_RESOURCE_2026_06,2026-06-15,Δ vs WPP -0.00
LUX,2022,1.31,Wikipedia: Demographics of [LUX] (vital statistics),,2026-05-13,HIGH,EDITOR_DECISION_2026_05_v2,2026-05-13,Δ vs WPP -0.08
LUX,2023,1.25,Wikipedia: Demographics of [LUX] (vital statistics),,2026-05-13,HIGH,EDITOR_DECISION_2026_05_v2,2026-05-13,Δ vs WPP -0.15
LUX,2024,1.25,Wikipedia: Demographics of [LUX] (vital statistics),,2026-05-13,MEDIUM,EDITOR_DECISION_2026_05_v2,2026-05-13,Δ vs WPP -0.15. Editor certainty: Recheck
LUX,2025,1.23,Wikipedia: Demographics of [LUX] (vital statistics),,2026-05-13,MEDIUM,EDITOR_DECISION_2026_05_v2,2026-05-13,Δ vs WPP -0.17. Editor certainty: Recheck
LVA,2016,1.74,NSO published (national vital statistics / Eurostat),,2026-06-15,HIGH,NSO_TFR_RESOURCE_2026_06,2026-06-15,Δ vs WPP -0.00
LVA,2017,1.69,NSO published (national vital statistics / Eurostat),,2026-06-15,HIGH,NSO_TFR_RESOURCE_2026_06,2026-06-15,Δ vs WPP -0.01
LVA,2018,1.6,NSO published (national vital statistics / Eurostat),,2026-06-15,HIGH,NSO_TFR_RESOURCE_2026_06,2026-06-15,Δ vs WPP -0.01
LVA,2019,1.61,NSO published (national vital statistics / Eurostat),,2026-06-15,HIGH,NSO_TFR_RESOURCE_2026_06,2026-06-15,Δ vs WPP +0.00
LVA,2020,1.55,NSO published (national vital statistics / Eurostat),,2026-06-15,HIGH,NSO_TFR_RESOURCE_2026_06,2026-06-15,Δ vs WPP +0.00
LVA,2021,1.57,NSO published (national vital statistics / Eurostat),,2026-06-15,HIGH,NSO_TFR_RESOURCE_2026_06,2026-06-15,Δ vs WPP -0.00
LVA,2022,1.47,NSO published (national vital statistics / Eurostat),,2026-06-15,HIGH,NSO_TFR_RESOURCE_2026_06,2026-06-15,Δ vs WPP +0.00
LVA,2023,1.34,NSO published (national vital statistics / Eurostat),,2026-06-15,HIGH,NSO_TFR_RESOURCE_2026_06,2026-06-15,Δ vs WPP +0.00
LVA,2024,1.24,Wikipedia: Demographics of [LVA] (vital statistics),,2026-05-13,MEDIUM,EDITOR_DECISION_2026_05_v2,2026-05-13,Δ vs WPP -0.11. Editor certainty: Recheck
LVA,2025,1.16,Wikipedia: Demographics of [LVA] (vital statistics),,2026-05-13,MEDIUM,EDITOR_DECISION_2026_05_v2,2026-05-13,Δ vs WPP -0.19. Editor certainty: Recheck
MAC,2019,0.9,Wikipedia: Demographics of [MAC] (vital statistics),,2026-05-13,HIGH,EDITOR_DECISION_2026_05_v2,2026-05-13,Δ vs WPP -0.04
MAC,2020,0.84,Wikipedia: Demographics of [MAC] (vital statistics),,2026-05-13,HIGH,EDITOR_DECISION_2026_05_v2,2026-05-13,Δ vs WPP -0.02
MAC,2022,0.68,Wikipedia: Demographics of [MAC] (vital statistics),,2026-05-13,HIGH,EDITOR_DECISION_2026_05_v2,2026-05-13,Δ vs WPP +0.02
MAC,2023,0.59,Wikipedia: Demographics of [MAC] (vital statistics),,2026-05-13,HIGH,EDITOR_DECISION_2026_05_v2,2026-05-13,Δ vs WPP -0.07
MAC,2024,0.58,Wikipedia: Demographics of [MAC] (vital statistics),,2026-05-13,MEDIUM,EDITOR_DECISION_2026_05_v2,2026-05-13,Δ vs WPP -0.10. Editor certainty: Recheck
MAC,2025,0.47,Wikipedia: Demographics of [MAC] (vital statistics),,2026-05-13,MEDIUM,EDITOR_DECISION_2026_05_v2,2026-05-13,Δ vs WPP -0.22. Editor certainty: Recheck
MAR,2022,2.07,Wikipedia: Demographics of [MAR] (vital statistics),,2026-05-13,HIGH,EDITOR_DECISION_2026_05_v2,2026-05-13,Δ vs WPP -0.19
MAR,2023,2.05,Wikipedia: Demographics of [MAR] (vital statistics),,2026-05-13,HIGH,EDITOR_DECISION_2026_05_v2,2026-05-13,Δ vs WPP -0.18
MAR,2024,1.97,Wikipedia: Demographics of [MAR] (vital statistics),,2026-05-13,MEDIUM,EDITOR_DECISION_2026_05_v2,2026-05-13,Δ vs WPP -0.24. Editor certainty: Recheck
MAR,2025,1.9,Wikipedia: Demographics of [MAR] (vital statistics),,2026-05-13,MEDIUM,EDITOR_DECISION_2026_05_v2,2026-05-13,Δ vs WPP -0.28. Editor certainty: Recheck
MDA,1996,1.6,NBS Moldova registered series (Wikipedia vital statistics),,2026-06-10,HIGH,MDA_REHASH_2026_06,2026-06-10,Whole-country registered TFR (pre-secession concept incl. Transnistria); WPP diverges +0.11 to +0.24
MDA,1997,1.55,NBS Moldova registered series (Wikipedia vital statistics),,2026-06-10,HIGH,MDA_REHASH_2026_06,2026-06-10,Whole-country registered TFR (pre-secession concept incl. Transnistria); WPP diverges +0.11 to +0.24
MDA,1998,1.48,NBS Moldova registered series (Wikipedia vital statistics),,2026-06-10,HIGH,MDA_REHASH_2026_06,2026-06-10,Whole-country registered TFR (pre-secession concept incl. Transnistria); WPP diverges +0.11 to +0.24
MDA,1999,1.43,NBS Moldova registered series (Wikipedia vital statistics),,2026-06-10,HIGH,MDA_REHASH_2026_06,2026-06-10,Whole-country registered TFR (pre-secession concept incl. Transnistria); WPP diverges +0.11 to +0.24
MDA,2014,1.82,NBS Moldova usual-resident series (statbank pop032300 / NBS publication),,2026-06-11,HIGH,MDA_REHASH_2026_06,2026-06-11,Provenance stamp; WPP adopted the NBS value (delta <=0.01)
MDA,2015,1.87,NBS Moldova usual-resident series (statbank pop032300 / NBS publication),,2026-06-11,HIGH,MDA_REHASH_2026_06,2026-06-11,Provenance stamp; WPP adopted the NBS value (delta <=0.01)
MDA,2016,1.89,NBS Moldova usual-resident series (statbank pop032300 / NBS publication),,2026-06-11,HIGH,MDA_REHASH_2026_06,2026-06-11,Provenance stamp; WPP adopted the NBS value (delta <=0.01)
MDA,2017,1.81,NBS Moldova usual-resident series (statbank pop032300 / NBS publication),,2026-06-11,HIGH,MDA_REHASH_2026_06,2026-06-11,Provenance stamp; WPP adopted the NBS value (delta <=0.01)
MDA,2018,1.81,NBS Moldova usual-resident series (statbank pop032300 / NBS publication),,2026-06-11,HIGH,MDA_REHASH_2026_06,2026-06-11,Provenance stamp; WPP adopted the NBS value (delta <=0.01)
MDA,2019,1.78,NBS Moldova usual-resident series (statbank pop032300 / NBS publication),,2026-06-11,HIGH,MDA_REHASH_2026_06,2026-06-11,Provenance stamp; WPP adopted the NBS value (delta <=0.01)
MDA,2020,1.76,NBS Moldova usual-resident series (statbank pop032300 / NBS publication),,2026-06-11,HIGH,MDA_REHASH_2026_06,2026-06-11,Provenance stamp; WPP adopted the NBS value (delta <=0.01)
MDA,2021,1.75,NBS Moldova usual-resident series (statbank pop032300 / NBS publication),,2026-06-11,HIGH,MDA_REHASH_2026_06,2026-06-11,Provenance stamp; WPP adopted the NBS value (delta <=0.01)
MDA,2022,1.69,NBS Moldova usual-resident series (statbank pop032300 / NBS publication),,2026-06-11,HIGH,MDA_REHASH_2026_06,2026-06-11,Provenance stamp; WPP adopted the NBS value (delta <=0.01)
MDA,2023,1.61,Wikipedia: Demographics of [MDA] (vital statistics),,2026-05-13,HIGH,EDITOR_DECISION_2026_05_v2,2026-05-13,Δ vs WPP -0.12
MDA,2024,1.66,Wikipedia: Demographics of [MDA] (vital statistics),,2026-05-13,MEDIUM,EDITOR_DECISION_2026_05_v2,2026-05-13,Δ vs WPP -0.07. Editor certainty: Recheck
MDA,2025,1.55,NBS Moldova births-ratio estimate (TFR2024 x births2025/births2024),,2026-06-10,MEDIUM,MDA_REHASH_2026_06,2026-06-10,Estimated from actual FY2025 births 22108 vs 23648; usual-resident concept excl. Transnistria
MDV,2009,2.4,NSO published (national vital statistics / Eurostat),,2026-06-15,HIGH,NSO_TFR_RESOURCE_2026_06,2026-06-15,Δ vs WPP +0.01
MDV,2010,2.263,NSO published (national vital statistics / Eurostat),,2026-06-15,HIGH,NSO_TFR_RESOURCE_2026_06,2026-06-15,Δ vs WPP -0.09
MDV,2011,2.239,NSO published (national vital statistics / Eurostat),,2026-06-15,HIGH,NSO_TFR_RESOURCE_2026_06,2026-06-15,Δ vs WPP -0.07
MDV,2012,2.259,NSO published (national vital statistics / Eurostat),,2026-06-15,HIGH,NSO_TFR_RESOURCE_2026_06,2026-06-15,Δ vs WPP +0.00
MDV,2013,2.133,NSO published (national vital statistics / Eurostat),,2026-06-15,HIGH,NSO_TFR_RESOURCE_2026_06,2026-06-15,Δ vs WPP -0.04
MDV,2014,2.007,NSO published (national vital statistics / Eurostat),,2026-06-15,HIGH,NSO_TFR_RESOURCE_2026_06,2026-06-15,Δ vs WPP -0.08
MDV,2015,1.907,NSO published (national vital statistics / Eurostat),,2026-06-15,HIGH,NSO_TFR_RESOURCE_2026_06,2026-06-15,Δ vs WPP -0.10
MDV,2016,1.805,Wikipedia: Demographics of [MDV] (vital statistics),,2026-05-13,HIGH,EDITOR_DECISION_2026_05_v2,2026-05-13,Δ vs WPP -0.10
MDV,2017,1.718,Wikipedia: Demographics of [MDV] (vital statistics),,2026-05-13,HIGH,EDITOR_DECISION_2026_05_v2,2026-05-13,Δ vs WPP -0.08
MDV,2018,1.651,Wikipedia: Demographics of [MDV] (vital statistics),,2026-05-13,HIGH,EDITOR_DECISION_2026_05_v2,2026-05-13,Δ vs WPP -0.06
MDV,2019,1.557,Wikipedia: Demographics of [MDV] (vital statistics),,2026-05-13,HIGH,EDITOR_DECISION_2026_05_v2,2026-05-13,Δ vs WPP -0.08
MDV,2020,1.572,Wikipedia: Demographics of [MDV] (vital statistics),,2026-05-13,HIGH,EDITOR_DECISION_2026_05_v2,2026-05-13,Δ vs WPP -0.04
MDV,2021,1.506,Wikipedia: Demographics of [MDV] (vital statistics),,2026-05-13,HIGH,EDITOR_DECISION_2026_05_v2,2026-05-13,Δ vs WPP -0.09
MDV,2022,1.48,Wikipedia (bidirectional TFR interpolation),,2026-05-14,MEDIUM,CALCNEW_V7_FRESH,2026-05-14,Calc New v7 (tfr_extrap_fwd). 
MDV,2023,1.46,Wikipedia (bidirectional TFR interpolation),,2026-05-14,MEDIUM,CALCNEW_V7_FRESH,2026-05-14,Calc New v7 (tfr_extrap_fwd). 
MDV,2024,1.44,Wikipedia (bidirectional TFR interpolation),,2026-05-14,MEDIUM,CALCNEW_V7_FRESH,2026-05-14,Calc New v7 (tfr_extrap_fwd). 
MDV,2025,1.41,Wikipedia (bidirectional TFR interpolation),,2026-05-14,MEDIUM,CALCNEW_V7_FRESH,2026-05-14,Calc New v7 (tfr_extrap_fwd). 
MEX,1965,6.76,NSO published (national vital statistics / Eurostat),,2026-06-15,HIGH,NSO_TFR_RESOURCE_2026_06,2026-06-15,Δ vs WPP -0.06
MEX,1966,6.77,NSO published (national vital statistics / Eurostat),,2026-06-15,HIGH,NSO_TFR_RESOURCE_2026_06,2026-06-15,Δ vs WPP -0.02
MEX,1967,6.79,NSO published (national vital statistics / Eurostat),,2026-06-15,HIGH,NSO_TFR_RESOURCE_2026_06,2026-06-15,Δ vs WPP +0.04
MEX,1968,6.81,NSO published (national vital statistics / Eurostat),,2026-06-15,HIGH,NSO_TFR_RESOURCE_2026_06,2026-06-15,Δ vs WPP +0.10
MEX,1969,6.83,NSO published (national vital statistics / Eurostat),,2026-06-15,HIGH,NSO_TFR_RESOURCE_2026_06,2026-06-15,Δ vs WPP +0.20
MEX,1970,6.83,NSO published (national vital statistics / Eurostat),,2026-06-15,HIGH,NSO_TFR_RESOURCE_2026_06,2026-06-15,Δ vs WPP +0.30
MEX,1971,6.79,NSO published (national vital statistics / Eurostat),,2026-06-15,HIGH,NSO_TFR_RESOURCE_2026_06,2026-06-15,Δ vs WPP +0.37
MEX,1972,6.7,NSO published (national vital statistics / Eurostat),,2026-06-15,HIGH,NSO_TFR_RESOURCE_2026_06,2026-06-15,Δ vs WPP +0.42
MEX,1973,6.56,NSO published (national vital statistics / Eurostat),,2026-06-15,HIGH,NSO_TFR_RESOURCE_2026_06,2026-06-15,Δ vs WPP +0.44
MEX,1974,6.37,NSO published (national vital statistics / Eurostat),,2026-06-15,HIGH,NSO_TFR_RESOURCE_2026_06,2026-06-15,Δ vs WPP +0.42
MEX,1975,6.13,NSO published (national vital statistics / Eurostat),,2026-06-15,HIGH,NSO_TFR_RESOURCE_2026_06,2026-06-15,Δ vs WPP +0.39
MEX,1976,5.86,NSO published (national vital statistics / Eurostat),,2026-06-15,HIGH,NSO_TFR_RESOURCE_2026_06,2026-06-15,Δ vs WPP +0.32
MEX,1981,4.6,NSO published (national vital statistics / Eurostat),,2026-06-15,HIGH,NSO_TFR_RESOURCE_2026_06,2026-06-15,Δ vs WPP +0.03
MEX,1987,3.8,NSO published (national vital statistics / Eurostat),,2026-06-15,HIGH,NSO_TFR_RESOURCE_2026_06,2026-06-15,Δ vs WPP -0.00
MEX,1990,3.47,NSO published (national vital statistics / Eurostat),,2026-06-15,HIGH,NSO_TFR_RESOURCE_2026_06,2026-06-15,Δ vs WPP +0.03
MEX,1991,3.37,NSO published (national vital statistics / Eurostat),,2026-06-15,HIGH,NSO_TFR_RESOURCE_2026_06,2026-06-15,Δ vs WPP +0.01
MEX,1992,3.27,NSO published (national vital statistics / Eurostat),,2026-06-15,HIGH,NSO_TFR_RESOURCE_2026_06,2026-06-15,Δ vs WPP -0.02
MEX,1993,3.18,NSO published (national vital statistics / Eurostat),,2026-06-15,HIGH,NSO_TFR_RESOURCE_2026_06,2026-06-15,Δ vs WPP -0.03
MEX,1994,3.1,NSO published (national vital statistics / Eurostat),,2026-06-15,HIGH,NSO_TFR_RESOURCE_2026_06,2026-06-15,Δ vs WPP -0.03
MEX,1995,3.02,NSO published (national vital statistics / Eurostat),,2026-06-15,HIGH,NSO_TFR_RESOURCE_2026_06,2026-06-15,Δ vs WPP -0.02
MEX,1996,2.95,NSO published (national vital statistics / Eurostat),,2026-06-15,HIGH,NSO_TFR_RESOURCE_2026_06,2026-06-15,Δ vs WPP -0.01
MEX,1997,2.88,NSO published (national vital statistics / Eurostat),,2026-06-15,HIGH,NSO_TFR_RESOURCE_2026_06,2026-06-15,Δ vs WPP -0.01
MEX,1998,2.82,NSO published (national vital statistics / Eurostat),,2026-06-15,HIGH,NSO_TFR_RESOURCE_2026_06,2026-06-15,Δ vs WPP +0.01
MEX,1999,2.77,NSO published (national vital statistics / Eurostat),,2026-06-15,HIGH,NSO_TFR_RESOURCE_2026_06,2026-06-15,Δ vs WPP +0.01
MEX,2000,2.72,NSO published (national vital statistics / Eurostat),,2026-06-15,HIGH,NSO_TFR_RESOURCE_2026_06,2026-06-15,Δ vs WPP +0.01
MEX,2001,2.67,NSO published (national vital statistics / Eurostat),,2026-06-15,HIGH,NSO_TFR_RESOURCE_2026_06,2026-06-15,Δ vs WPP -0.00
MEX,2002,2.62,NSO published (national vital statistics / Eurostat),,2026-06-15,HIGH,NSO_TFR_RESOURCE_2026_06,2026-06-15,Δ vs WPP -0.01
MEX,2003,2.58,NSO published (national vital statistics / Eurostat),,2026-06-15,HIGH,NSO_TFR_RESOURCE_2026_06,2026-06-15,Δ vs WPP +0.00
MEX,2004,2.54,NSO published (national vital statistics / Eurostat),,2026-06-15,HIGH,NSO_TFR_RESOURCE_2026_06,2026-06-15,Δ vs WPP +0.00
MEX,2005,2.5,NSO published (national vital statistics / Eurostat),,2026-06-15,HIGH,NSO_TFR_RESOURCE_2026_06,2026-06-15,Δ vs WPP +0.01
MEX,2006,2.46,NSO published (national vital statistics / Eurostat),,2026-06-15,HIGH,NSO_TFR_RESOURCE_2026_06,2026-06-15,Δ vs WPP +0.00
MEX,2007,2.42,NSO published (national vital statistics / Eurostat),,2026-06-15,HIGH,NSO_TFR_RESOURCE_2026_06,2026-06-15,Δ vs WPP -0.00
MEX,2008,2.39,NSO published (national vital statistics / Eurostat),,2026-06-15,HIGH,NSO_TFR_RESOURCE_2026_06,2026-06-15,Δ vs WPP -0.00
MEX,2009,2.36,NSO published (national vital statistics / Eurostat),,2026-06-15,HIGH,NSO_TFR_RESOURCE_2026_06,2026-06-15,Δ vs WPP -0.00
MEX,2010,2.34,NSO published (national vital statistics / Eurostat),,2026-06-15,HIGH,NSO_TFR_RESOURCE_2026_06,2026-06-15,Δ vs WPP -0.00
MEX,2011,2.32,NSO published (national vital statistics / Eurostat),,2026-06-15,HIGH,NSO_TFR_RESOURCE_2026_06,2026-06-15,Δ vs WPP +0.00
MEX,2012,2.29,NSO published (national vital statistics / Eurostat),,2026-06-15,HIGH,NSO_TFR_RESOURCE_2026_06,2026-06-15,Δ vs WPP -0.00
MEX,2013,2.27,NSO published (national vital statistics / Eurostat),,2026-06-15,HIGH,NSO_TFR_RESOURCE_2026_06,2026-06-15,Δ vs WPP +0.00
MEX,2014,2.21,NSO published (national vital statistics / Eurostat),,2026-06-15,HIGH,NSO_TFR_RESOURCE_2026_06,2026-06-15,Δ vs WPP -0.00
MEX,2015,2.22,NSO published (national vital statistics / Eurostat),,2026-06-15,HIGH,NSO_TFR_RESOURCE_2026_06,2026-06-15,Δ vs WPP +0.08
MEX,2016,2.19,Wikipedia: Demographics of [MEX] (vital statistics),,2026-05-13,HIGH,EDITOR_DECISION_2026_05_v2,2026-05-13,Δ vs WPP +0.10
MEX,2017,2.17,Wikipedia: Demographics of [MEX] (vital statistics),,2026-05-13,HIGH,EDITOR_DECISION_2026_05_v2,2026-05-13,Δ vs WPP +0.13
MEX,2018,2.07,Wikipedia: Demographics of [MEX] (vital statistics),,2026-05-13,HIGH,EDITOR_DECISION_2026_05_v2,2026-05-13,Δ vs WPP +0.04
MEX,2019,2.09,Wikipedia: Demographics of [MEX] (vital statistics),,2026-05-13,HIGH,EDITOR_DECISION_2026_05_v2,2026-05-13,Δ vs WPP +0.07
MEX,2020,1.63,Wikipedia: Demographics of [MEX] (vital statistics),,2026-05-13,HIGH,EDITOR_DECISION_2026_05_v2,2026-05-13,Δ vs WPP -0.36
MEX,2021,1.91,Wikipedia: Demographics of [MEX] (vital statistics),,2026-05-13,HIGH,EDITOR_DECISION_2026_05_v2,2026-05-13,Δ vs WPP -0.06
MEX,2022,1.94,NSO published (national vital statistics / Eurostat),,2026-06-15,HIGH,NSO_TFR_RESOURCE_2026_06,2026-06-15,Δ vs WPP +0.00
MEX,2023,1.6,Wikipedia: Demographics of [MEX] (vital statistics),,2026-05-13,HIGH,EDITOR_DECISION_2026_05_v2,2026-05-13,Δ vs WPP -0.31
MEX,2024,1.38,Wikipedia: Demographics of [MEX] (vital statistics),,2026-05-13,MEDIUM,EDITOR_DECISION_2026_05_v2,2026-05-13,Δ vs WPP -0.51. Editor certainty: Recheck
MEX,2025,1.33,Wikipedia (bidirectional TFR interpolation),,2026-05-14,MEDIUM,CALCNEW_V7_FRESH,2026-05-14,Calc New v7 (tfr_extrap_fwd). 
MKD,2016,1.5,NSO published (national vital statistics / Eurostat),,2026-06-15,HIGH,NSO_TFR_RESOURCE_2026_06,2026-06-15,Δ vs WPP -0.29
MKD,2017,1.43,NSO published (national vital statistics / Eurostat),,2026-06-15,HIGH,NSO_TFR_RESOURCE_2026_06,2026-06-15,Δ vs WPP -0.30
MKD,2018,1.42,NSO published (national vital statistics / Eurostat),,2026-06-15,HIGH,NSO_TFR_RESOURCE_2026_06,2026-06-15,Δ vs WPP -0.31
MKD,2019,1.34,NSO published (national vital statistics / Eurostat),,2026-06-15,HIGH,NSO_TFR_RESOURCE_2026_06,2026-06-15,Δ vs WPP -0.31
MKD,2020,1.31,NSO published (national vital statistics / Eurostat),,2026-06-15,HIGH,NSO_TFR_RESOURCE_2026_06,2026-06-15,Δ vs WPP -0.31
MKD,2021,1.44,NSO published (national vital statistics / Eurostat),,2026-06-15,HIGH,NSO_TFR_RESOURCE_2026_06,2026-06-15,Δ vs WPP -0.18
MKD,2022,1.58,NSO published (national vital statistics / Eurostat),,2026-06-15,HIGH,NSO_TFR_RESOURCE_2026_06,2026-06-15,Δ vs WPP -0.01
MKD,2023,1.49,NSO published (national vital statistics / Eurostat),,2026-06-15,HIGH,NSO_TFR_RESOURCE_2026_06,2026-06-15,Δ vs WPP +0.03
MKD,2024,1.44,NSO published (national vital statistics / Eurostat),,2026-06-15,HIGH,NSO_TFR_RESOURCE_2026_06,2026-06-15,Δ vs WPP -0.03
MLT,1977,2.14,NSO published (national vital statistics / Eurostat),,2026-06-15,HIGH,NSO_TFR_RESOURCE_2026_06,2026-06-15,Δ vs WPP -0.00
MLT,1978,2.05,NSO published (national vital statistics / Eurostat),,2026-06-15,HIGH,NSO_TFR_RESOURCE_2026_06,2026-06-15,Δ vs WPP -0.01
MLT,1979,2.1,NSO published (national vital statistics / Eurostat),,2026-06-15,HIGH,NSO_TFR_RESOURCE_2026_06,2026-06-15,Δ vs WPP +0.01
MLT,1980,1.99,NSO published (national vital statistics / Eurostat),,2026-06-15,HIGH,NSO_TFR_RESOURCE_2026_06,2026-06-15,Δ vs WPP -0.00
MLT,1981,1.87,NSO published (national vital statistics / Eurostat),,2026-06-15,HIGH,NSO_TFR_RESOURCE_2026_06,2026-06-15,Δ vs WPP -0.03
MLT,1984,1.95,NSO published (national vital statistics / Eurostat),,2026-06-15,HIGH,NSO_TFR_RESOURCE_2026_06,2026-06-15,Δ vs WPP -0.01
MLT,1985,1.95,NSO published (national vital statistics / Eurostat),,2026-06-15,HIGH,NSO_TFR_RESOURCE_2026_06,2026-06-15,Δ vs WPP +0.00
MLT,1986,1.93,NSO published (national vital statistics / Eurostat),,2026-06-15,HIGH,NSO_TFR_RESOURCE_2026_06,2026-06-15,Δ vs WPP -0.00
MLT,1987,1.97,NSO published (national vital statistics / Eurostat),,2026-06-15,HIGH,NSO_TFR_RESOURCE_2026_06,2026-06-15,Δ vs WPP -0.00
MLT,1988,2.06,NSO published (national vital statistics / Eurostat),,2026-06-15,HIGH,NSO_TFR_RESOURCE_2026_06,2026-06-15,Δ vs WPP +0.00
MLT,1989,2.1,NSO published (national vital statistics / Eurostat),,2026-06-15,HIGH,NSO_TFR_RESOURCE_2026_06,2026-06-15,Δ vs WPP +0.01
MLT,1990,2.04,NSO published (national vital statistics / Eurostat),,2026-06-15,HIGH,NSO_TFR_RESOURCE_2026_06,2026-06-15,Δ vs WPP -0.00
MLT,1991,1.99,NSO published (national vital statistics / Eurostat),,2026-06-15,HIGH,NSO_TFR_RESOURCE_2026_06,2026-06-15,Δ vs WPP -0.01
MLT,1992,2.07,NSO published (national vital statistics / Eurostat),,2026-06-15,HIGH,NSO_TFR_RESOURCE_2026_06,2026-06-15,Δ vs WPP +0.01
MLT,1993,1.97,NSO published (national vital statistics / Eurostat),,2026-06-15,HIGH,NSO_TFR_RESOURCE_2026_06,2026-06-15,Δ vs WPP +0.01
MLT,1994,1.84,NSO published (national vital statistics / Eurostat),,2026-06-15,HIGH,NSO_TFR_RESOURCE_2026_06,2026-06-15,Δ vs WPP +0.00
MLT,1995,1.77,NSO published (national vital statistics / Eurostat),,2026-06-15,HIGH,NSO_TFR_RESOURCE_2026_06,2026-06-15,Δ vs WPP -0.02
MLT,1996,1.99,NSO published (national vital statistics / Eurostat),,2026-06-15,HIGH,NSO_TFR_RESOURCE_2026_06,2026-06-15,Δ vs WPP +0.02
MLT,1997,1.93,NSO published (national vital statistics / Eurostat),,2026-06-15,HIGH,NSO_TFR_RESOURCE_2026_06,2026-06-15,Δ vs WPP -0.01
MLT,1998,1.84,NSO published (national vital statistics / Eurostat),,2026-06-15,HIGH,NSO_TFR_RESOURCE_2026_06,2026-06-15,Δ vs WPP +0.00
MLT,1999,1.73,NSO published (national vital statistics / Eurostat),,2026-06-15,HIGH,NSO_TFR_RESOURCE_2026_06,2026-06-15,Δ vs WPP -0.00
MLT,2000,1.68,NSO published (national vital statistics / Eurostat),,2026-06-15,HIGH,NSO_TFR_RESOURCE_2026_06,2026-06-15,Δ vs WPP +0.01
MLT,2001,1.48,NSO published (national vital statistics / Eurostat),,2026-06-15,HIGH,NSO_TFR_RESOURCE_2026_06,2026-06-15,Δ vs WPP -0.01
MLT,2002,1.45,NSO published (national vital statistics / Eurostat),,2026-06-15,HIGH,NSO_TFR_RESOURCE_2026_06,2026-06-15,Δ vs WPP -0.01
MLT,2003,1.48,NSO published (national vital statistics / Eurostat),,2026-06-15,HIGH,NSO_TFR_RESOURCE_2026_06,2026-06-15,Δ vs WPP +0.00
MLT,2004,1.39,NSO published (national vital statistics / Eurostat),,2026-06-15,HIGH,NSO_TFR_RESOURCE_2026_06,2026-06-15,Δ vs WPP -0.01
MLT,2005,1.38,NSO published (national vital statistics / Eurostat),,2026-06-15,HIGH,NSO_TFR_RESOURCE_2026_06,2026-06-15,Δ vs WPP +0.00
MLT,2006,1.36,NSO published (national vital statistics / Eurostat),,2026-06-15,HIGH,NSO_TFR_RESOURCE_2026_06,2026-06-15,Δ vs WPP -0.00
MLT,2007,1.35,NSO published (national vital statistics / Eurostat),,2026-06-15,HIGH,NSO_TFR_RESOURCE_2026_06,2026-06-15,Δ vs WPP -0.01
MLT,2008,1.43,NSO published (national vital statistics / Eurostat),,2026-06-15,HIGH,NSO_TFR_RESOURCE_2026_06,2026-06-15,Δ vs WPP +0.01
MLT,2009,1.42,NSO published (national vital statistics / Eurostat),,2026-06-15,HIGH,NSO_TFR_RESOURCE_2026_06,2026-06-15,Δ vs WPP +0.01
MLT,2010,1.36,NSO published (national vital statistics / Eurostat),,2026-06-15,HIGH,NSO_TFR_RESOURCE_2026_06,2026-06-15,Δ vs WPP -0.01
MLT,2011,1.45,NSO published (national vital statistics / Eurostat),,2026-06-15,HIGH,NSO_TFR_RESOURCE_2026_06,2026-06-15,Δ vs WPP +0.01
MLT,2012,1.42,NSO published (national vital statistics / Eurostat),,2026-06-15,HIGH,NSO_TFR_RESOURCE_2026_06,2026-06-15,Δ vs WPP -0.00
MLT,2013,1.36,NSO published (national vital statistics / Eurostat),,2026-06-15,HIGH,NSO_TFR_RESOURCE_2026_06,2026-06-15,Δ vs WPP -0.01
MLT,2014,1.38,NSO published (national vital statistics / Eurostat),,2026-06-15,HIGH,NSO_TFR_RESOURCE_2026_06,2026-06-15,Δ vs WPP +0.00
MLT,2015,1.37,NSO published (national vital statistics / Eurostat),,2026-06-15,HIGH,NSO_TFR_RESOURCE_2026_06,2026-06-15,Δ vs WPP -0.01
MLT,2016,1.37,NSO published (national vital statistics / Eurostat),,2026-06-15,HIGH,NSO_TFR_RESOURCE_2026_06,2026-06-15,Δ vs WPP +0.00
MLT,2017,1.26,NSO published (national vital statistics / Eurostat),,2026-06-15,HIGH,NSO_TFR_RESOURCE_2026_06,2026-06-15,Δ vs WPP -0.01
MLT,2018,1.23,NSO published (national vital statistics / Eurostat),,2026-06-15,HIGH,NSO_TFR_RESOURCE_2026_06,2026-06-15,Δ vs WPP +0.00
MLT,2019,1.14,NSO published (national vital statistics / Eurostat),,2026-06-15,HIGH,NSO_TFR_RESOURCE_2026_06,2026-06-15,Δ vs WPP -0.01
MLT,2020,1.13,NSO published (national vital statistics / Eurostat),,2026-06-15,HIGH,NSO_TFR_RESOURCE_2026_06,2026-06-15,Δ vs WPP -0.00
MLT,2021,1.13,NSO published (national vital statistics / Eurostat),,2026-06-15,HIGH,NSO_TFR_RESOURCE_2026_06,2026-06-15,Δ vs WPP +0.02
MLT,2022,1.08,Wikipedia: Demographics of [MLT] (vital statistics),,2026-05-13,HIGH,EDITOR_DECISION_2026_05_v2,2026-05-13,Δ vs WPP -0.02
MLT,2023,1.07,Wikipedia: Demographics of [MLT] (vital statistics),,2026-05-13,HIGH,EDITOR_DECISION_2026_05_v2,2026-05-13,Δ vs WPP -0.03
MLT,2024,1,Wikipedia: Demographics of [MLT] (vital statistics),,2026-05-13,MEDIUM,EDITOR_DECISION_2026_05_v2,2026-05-13,Δ vs WPP -0.11. Editor certainty: Recheck
MLT,2025,1.05,"Wikipedia (TFR from observed births × local-window ratio, outlier-filtered)",,2026-05-14,HIGH,CALCNEW_V7_FRESH,2026-05-14,"Calc New v7 (v7_births_5anchor_±5y). R=0.000240, anchors=[(2020, 4414.0, 1.13, 0.000256), (2021, 4395.0, 1.13, 0.00025711), (2022, 4309.0, 1.08, 0.00025064), (2023, 4462.0, 1.07, 0.0002398), (2024, 4374.0, 1.0, 0.00022862)], dropped=[], window=±5y. Wiki-observed births 2025: 4,381."
MNE,1965,3.12,NSO published (national vital statistics / Eurostat),,2026-06-15,HIGH,NSO_TFR_RESOURCE_2026_06,2026-06-15,Δ vs WPP -0.07
MNE,1966,3.06,NSO published (national vital statistics / Eurostat),,2026-06-15,HIGH,NSO_TFR_RESOURCE_2026_06,2026-06-15,Δ vs WPP -0.03
MNE,1967,2.83,NSO published (national vital statistics / Eurostat),,2026-06-15,HIGH,NSO_TFR_RESOURCE_2026_06,2026-06-15,Δ vs WPP -0.08
MNE,1968,2.65,NSO published (national vital statistics / Eurostat),,2026-06-15,HIGH,NSO_TFR_RESOURCE_2026_06,2026-06-15,Δ vs WPP -0.15
MNE,1969,2.67,NSO published (national vital statistics / Eurostat),,2026-06-15,HIGH,NSO_TFR_RESOURCE_2026_06,2026-06-15,Δ vs WPP -0.12
MNE,1970,2.47,NSO published (national vital statistics / Eurostat),,2026-06-15,HIGH,NSO_TFR_RESOURCE_2026_06,2026-06-15,Δ vs WPP -0.22
MNE,1971,2.71,NSO published (national vital statistics / Eurostat),,2026-06-15,HIGH,NSO_TFR_RESOURCE_2026_06,2026-06-15,Δ vs WPP +0.04
MNE,1972,2.61,NSO published (national vital statistics / Eurostat),,2026-06-15,HIGH,NSO_TFR_RESOURCE_2026_06,2026-06-15,Δ vs WPP -0.00
MNE,1973,2.49,NSO published (national vital statistics / Eurostat),,2026-06-15,HIGH,NSO_TFR_RESOURCE_2026_06,2026-06-15,Δ vs WPP -0.02
MNE,1974,2.4,NSO published (national vital statistics / Eurostat),,2026-06-15,HIGH,NSO_TFR_RESOURCE_2026_06,2026-06-15,Δ vs WPP -0.03
MNE,1975,2.34,NSO published (national vital statistics / Eurostat),,2026-06-15,HIGH,NSO_TFR_RESOURCE_2026_06,2026-06-15,Δ vs WPP -0.04
MNE,1976,2.3,NSO published (national vital statistics / Eurostat),,2026-06-15,HIGH,NSO_TFR_RESOURCE_2026_06,2026-06-15,Δ vs WPP -0.05
MNE,1977,2.26,NSO published (national vital statistics / Eurostat),,2026-06-15,HIGH,NSO_TFR_RESOURCE_2026_06,2026-06-15,Δ vs WPP -0.05
MNE,1978,2.18,NSO published (national vital statistics / Eurostat),,2026-06-15,HIGH,NSO_TFR_RESOURCE_2026_06,2026-06-15,Δ vs WPP -0.07
MNE,1979,2.12,NSO published (national vital statistics / Eurostat),,2026-06-15,HIGH,NSO_TFR_RESOURCE_2026_06,2026-06-15,Δ vs WPP -0.08
MNE,1980,2.15,NSO published (national vital statistics / Eurostat),,2026-06-15,HIGH,NSO_TFR_RESOURCE_2026_06,2026-06-15,Δ vs WPP -0.07
MNE,1981,2.24,NSO published (national vital statistics / Eurostat),,2026-06-15,HIGH,NSO_TFR_RESOURCE_2026_06,2026-06-15,Δ vs WPP +0.05
MNE,1982,2.23,NSO published (national vital statistics / Eurostat),,2026-06-15,HIGH,NSO_TFR_RESOURCE_2026_06,2026-06-15,Δ vs WPP +0.04
MNE,1983,2.16,NSO published (national vital statistics / Eurostat),,2026-06-15,HIGH,NSO_TFR_RESOURCE_2026_06,2026-06-15,Δ vs WPP -0.01
MNE,1984,2.1,NSO published (national vital statistics / Eurostat),,2026-06-15,HIGH,NSO_TFR_RESOURCE_2026_06,2026-06-15,Δ vs WPP -0.04
MNE,1985,2.12,NSO published (national vital statistics / Eurostat),,2026-06-15,HIGH,NSO_TFR_RESOURCE_2026_06,2026-06-15,Δ vs WPP -0.01
MNE,1986,2.04,NSO published (national vital statistics / Eurostat),,2026-06-15,HIGH,NSO_TFR_RESOURCE_2026_06,2026-06-15,Δ vs WPP -0.05
MNE,1987,2.04,NSO published (national vital statistics / Eurostat),,2026-06-15,HIGH,NSO_TFR_RESOURCE_2026_06,2026-06-15,Δ vs WPP -0.03
MNE,1988,1.95,NSO published (national vital statistics / Eurostat),,2026-06-15,HIGH,NSO_TFR_RESOURCE_2026_06,2026-06-15,Δ vs WPP -0.06
MNE,1989,1.85,NSO published (national vital statistics / Eurostat),,2026-06-15,HIGH,NSO_TFR_RESOURCE_2026_06,2026-06-15,Δ vs WPP -0.09
MNE,1990,1.79,NSO published (national vital statistics / Eurostat),,2026-06-15,HIGH,NSO_TFR_RESOURCE_2026_06,2026-06-15,Δ vs WPP -0.15
MNE,1991,2.07,NSO published (national vital statistics / Eurostat),,2026-06-15,HIGH,NSO_TFR_RESOURCE_2026_06,2026-06-15,Δ vs WPP +0.06
MNE,1992,2.07,NSO published (national vital statistics / Eurostat),,2026-06-15,HIGH,NSO_TFR_RESOURCE_2026_06,2026-06-15,Δ vs WPP +0.06
MNE,1993,1.95,NSO published (national vital statistics / Eurostat),,2026-06-15,HIGH,NSO_TFR_RESOURCE_2026_06,2026-06-15,Δ vs WPP -0.01
MNE,1994,1.96,NSO published (national vital statistics / Eurostat),,2026-06-15,HIGH,NSO_TFR_RESOURCE_2026_06,2026-06-15,Δ vs WPP +0.02
MNE,1995,2.11,NSO published (national vital statistics / Eurostat),,2026-06-15,HIGH,NSO_TFR_RESOURCE_2026_06,2026-06-15,Δ vs WPP +0.15
MNE,1996,2.04,NSO published (national vital statistics / Eurostat),,2026-06-15,HIGH,NSO_TFR_RESOURCE_2026_06,2026-06-15,Δ vs WPP +0.12
MNE,1997,1.98,NSO published (national vital statistics / Eurostat),,2026-06-15,HIGH,NSO_TFR_RESOURCE_2026_06,2026-06-15,Δ vs WPP +0.09
MNE,1998,2.1,NSO published (national vital statistics / Eurostat),,2026-06-15,HIGH,NSO_TFR_RESOURCE_2026_06,2026-06-15,Δ vs WPP +0.21
MNE,1999,2.03,NSO published (national vital statistics / Eurostat),,2026-06-15,HIGH,NSO_TFR_RESOURCE_2026_06,2026-06-15,Δ vs WPP +0.15
MNE,2000,2.13,NSO published (national vital statistics / Eurostat),,2026-06-15,HIGH,NSO_TFR_RESOURCE_2026_06,2026-06-15,Δ vs WPP +0.23
MNE,2001,2.04,NSO published (national vital statistics / Eurostat),,2026-06-15,HIGH,NSO_TFR_RESOURCE_2026_06,2026-06-15,Δ vs WPP +0.19
MNE,2002,1.95,NSO published (national vital statistics / Eurostat),,2026-06-15,HIGH,NSO_TFR_RESOURCE_2026_06,2026-06-15,Δ vs WPP +0.14
MNE,2003,1.91,NSO published (national vital statistics / Eurostat),,2026-06-15,HIGH,NSO_TFR_RESOURCE_2026_06,2026-06-15,Δ vs WPP +0.11
MNE,2004,1.8,NSO published (national vital statistics / Eurostat),,2026-06-15,HIGH,NSO_TFR_RESOURCE_2026_06,2026-06-15,Δ vs WPP +0.07
MNE,2005,1.69,NSO published (national vital statistics / Eurostat),,2026-06-15,HIGH,NSO_TFR_RESOURCE_2026_06,2026-06-15,Δ vs WPP -0.01
MNE,2006,1.73,NSO published (national vital statistics / Eurostat),,2026-06-15,HIGH,NSO_TFR_RESOURCE_2026_06,2026-06-15,Δ vs WPP -0.01
MNE,2007,1.79,NSO published (national vital statistics / Eurostat),,2026-06-15,HIGH,NSO_TFR_RESOURCE_2026_06,2026-06-15,Δ vs WPP -0.01
MNE,2008,1.88,NSO published (national vital statistics / Eurostat),,2026-06-15,HIGH,NSO_TFR_RESOURCE_2026_06,2026-06-15,Δ vs WPP -0.02
MNE,2009,1.98,NSO published (national vital statistics / Eurostat),,2026-06-15,HIGH,NSO_TFR_RESOURCE_2026_06,2026-06-15,Δ vs WPP +0.02
MNE,2010,1.7,NSO published (national vital statistics / Eurostat),,2026-06-15,HIGH,NSO_TFR_RESOURCE_2026_06,2026-06-15,Δ vs WPP -0.03
MNE,2011,1.65,NSO published (national vital statistics / Eurostat),,2026-06-15,HIGH,NSO_TFR_RESOURCE_2026_06,2026-06-15,Δ vs WPP -0.03
MNE,2012,1.72,NSO published (national vital statistics / Eurostat),,2026-06-15,HIGH,NSO_TFR_RESOURCE_2026_06,2026-06-15,Δ vs WPP -0.01
MNE,2013,1.73,NSO published (national vital statistics / Eurostat),,2026-06-15,HIGH,NSO_TFR_RESOURCE_2026_06,2026-06-15,Δ vs WPP -0.01
MNE,2014,1.75,NSO published (national vital statistics / Eurostat),,2026-06-15,HIGH,NSO_TFR_RESOURCE_2026_06,2026-06-15,Δ vs WPP -0.01
MNE,2015,1.73,NSO published (national vital statistics / Eurostat),,2026-06-15,HIGH,NSO_TFR_RESOURCE_2026_06,2026-06-15,Δ vs WPP -0.03
MNE,2016,1.78,Wikipedia: Demographics of [MNE] (vital statistics),,2026-05-13,HIGH,EDITOR_DECISION_2026_05_v2,2026-05-13,Δ vs WPP -0.02
MNE,2017,1.77,Wikipedia: Demographics of [MNE] (vital statistics),,2026-05-13,HIGH,EDITOR_DECISION_2026_05_v2,2026-05-13,Δ vs WPP -0.02
MNE,2018,1.75,Wikipedia: Demographics of [MNE] (vital statistics),,2026-05-13,HIGH,EDITOR_DECISION_2026_05_v2,2026-05-13,Δ vs WPP -0.03
MNE,2019,1.75,Wikipedia: Demographics of [MNE] (vital statistics),,2026-05-13,HIGH,EDITOR_DECISION_2026_05_v2,2026-05-13,Δ vs WPP -0.06
MNE,2020,1.74,Wikipedia: Demographics of [MNE] (vital statistics),,2026-05-13,HIGH,EDITOR_DECISION_2026_05_v2,2026-05-13,Δ vs WPP -0.09
MNE,2021,1.74,Wikipedia: Demographics of [MNE] (vital statistics),,2026-05-13,HIGH,EDITOR_DECISION_2026_05_v2,2026-05-13,Δ vs WPP -0.11
MNE,2022,1.75,Wikipedia: Demographics of [MNE] (vital statistics),,2026-05-13,HIGH,EDITOR_DECISION_2026_05_v2,2026-05-13,Δ vs WPP -0.13
MNE,2023,1.75,Wikipedia: Demographics of [MNE] (vital statistics),,2026-05-13,HIGH,EDITOR_DECISION_2026_05_v2,2026-05-13,Δ vs WPP -0.05
MNE,2024,1.75,Wikipedia: Demographics of [MNE] (vital statistics),,2026-05-13,MEDIUM,EDITOR_DECISION_2026_05_v2,2026-05-13,Δ vs WPP -0.05. Editor certainty: Recheck
MNE,2025,1.72,"Wikipedia (TFR from observed births × local-window ratio, outlier-filtered)",,2026-05-14,HIGH,CALCNEW_V7_FRESH,2026-05-14,"Calc New v7 (v7_births_5anchor_±5y). R=0.000249, anchors=[(2020, 7097.0, 1.74, 0.00024517), (2021, 7033.0, 1.74, 0.00024741), (2022, 7021.0, 1.75, 0.00024925), (2023, 7008.0, 1.75, 0.00024971), (2024, 6977.0, 1.75, 0.00025082)], dropped=[], window=±5y. Wiki-observed births 2025: 6,910."
MNG,2017,2.79,Wikipedia: Demographics of [MNG] (vital statistics),,2026-05-13,HIGH,EDITOR_DECISION_2026_05_v2,2026-05-13,Δ vs WPP -0.10
MNG,2021,2.95,Wikipedia: Demographics of [MNG] (vital statistics),,2026-05-13,HIGH,EDITOR_DECISION_2026_05_v2,2026-05-13,Δ vs WPP +0.12
MNG,2022,2.71,Wikipedia: Demographics of [MNG] (vital statistics),,2026-05-13,HIGH,EDITOR_DECISION_2026_05_v2,2026-05-13,Δ vs WPP -0.04
MNG,2023,2.71,Wikipedia: Demographics of [MNG] (vital statistics),,2026-05-13,HIGH,EDITOR_DECISION_2026_05_v2,2026-05-13,Δ vs WPP +0.02
MNG,2024,2.48,Wikipedia: Demographics of [MNG] (vital statistics),,2026-05-13,MEDIUM,EDITOR_DECISION_2026_05_v2,2026-05-13,Δ vs WPP -0.15. Editor certainty: Recheck
MNG,2025,2.4,Wikipedia: Demographics of [MNG] (vital statistics),,2026-05-13,MEDIUM,EDITOR_DECISION_2026_05_v2,2026-05-13,Δ vs WPP -0.18. Editor certainty: Recheck
MNP,1998,1.79,NSO published (national vital statistics / Eurostat),,2026-06-15,HIGH,NSO_TFR_RESOURCE_2026_06,2026-06-15,Δ vs WPP +0.11
MNP,1999,1.68,NSO published (national vital statistics / Eurostat),,2026-06-15,HIGH,NSO_TFR_RESOURCE_2026_06,2026-06-15,Δ vs WPP +0.07
MNP,2000,1.68,NSO published (national vital statistics / Eurostat),,2026-06-15,HIGH,NSO_TFR_RESOURCE_2026_06,2026-06-15,Δ vs WPP +0.04
MNP,2001,1.65,CNMI / CDC NCHS,https://commerce.gov.mp/,2026-05-13,HIGH,EDITOR_DECISION_2026_05_v2,2026-05-13,Pre-2016 override (editor matrix start year: 2001)
MNP,2002,1.27,CNMI / CDC NCHS,https://commerce.gov.mp/,2026-05-13,HIGH,EDITOR_DECISION_2026_05_v2,2026-05-13,Pre-2016 override (editor matrix start year: 2001)
MNP,2003,1.29,CNMI / CDC NCHS,https://commerce.gov.mp/,2026-05-13,HIGH,EDITOR_DECISION_2026_05_v2,2026-05-13,Pre-2016 override (editor matrix start year: 2001)
MNP,2004,1.23,CNMI / CDC NCHS,https://commerce.gov.mp/,2026-05-13,HIGH,EDITOR_DECISION_2026_05_v2,2026-05-13,Pre-2016 override (editor matrix start year: 2001)
MNP,2005,1.16,CNMI / CDC NCHS,https://commerce.gov.mp/,2026-05-13,HIGH,EDITOR_DECISION_2026_05_v2,2026-05-13,Pre-2016 override (editor matrix start year: 2001)
MNP,2006,1.21,CNMI / CDC NCHS,https://commerce.gov.mp/,2026-05-13,HIGH,EDITOR_DECISION_2026_05_v2,2026-05-13,Pre-2016 override (editor matrix start year: 2001)
MNP,2007,1.13,CNMI / CDC NCHS,https://commerce.gov.mp/,2026-05-13,HIGH,EDITOR_DECISION_2026_05_v2,2026-05-13,Pre-2016 override (editor matrix start year: 2001)
MNP,2008,2.3,CNMI / CDC NCHS,https://commerce.gov.mp/,2026-05-13,HIGH,EDITOR_DECISION_2026_05_v2,2026-05-13,Pre-2016 override (editor matrix start year: 2001)
MNP,2009,2.27,CNMI / CDC NCHS,https://commerce.gov.mp/,2026-05-13,HIGH,EDITOR_DECISION_2026_05_v2,2026-05-13,Pre-2016 override (editor matrix start year: 2001)
MNP,2010,2.19,CNMI / CDC NCHS,https://commerce.gov.mp/,2026-05-13,HIGH,EDITOR_DECISION_2026_05_v2,2026-05-13,Pre-2016 override (editor matrix start year: 2001)
MNP,2011,2.17,CNMI / CDC NCHS,https://commerce.gov.mp/,2026-05-13,HIGH,EDITOR_DECISION_2026_05_v2,2026-05-13,Pre-2016 override (editor matrix start year: 2001)
MNP,2012,1.83,CNMI / CDC NCHS,https://commerce.gov.mp/,2026-05-13,HIGH,EDITOR_DECISION_2026_05_v2,2026-05-13,Pre-2016 override (editor matrix start year: 2001)
MNP,2013,1.58,CNMI / CDC NCHS,https://commerce.gov.mp/,2026-05-13,HIGH,EDITOR_DECISION_2026_05_v2,2026-05-13,Pre-2016 override (editor matrix start year: 2001)
MNP,2014,1.58,CNMI / CDC NCHS,https://commerce.gov.mp/,2026-05-13,HIGH,EDITOR_DECISION_2026_05_v2,2026-05-13,Pre-2016 override (editor matrix start year: 2001)
MNP,2015,1.08,CNMI / CDC NCHS,https://commerce.gov.mp/,2026-05-13,HIGH,EDITOR_DECISION_2026_05_v2,2026-05-13,Pre-2016 override (editor matrix start year: 2001)
MNP,2016,1.5,CNMI / CDC NCHS,https://commerce.gov.mp/,2026-05-13,HIGH,EDITOR_DECISION_2026_05_v2,2026-05-13,Δ vs WPP -1.42. Editor certainty: Materially Lower
MNP,2017,1.33,CNMI / CDC NCHS,https://commerce.gov.mp/,2026-05-13,HIGH,EDITOR_DECISION_2026_05_v2,2026-05-13,Δ vs WPP -1.43. Editor certainty: Materially Lower
MNP,2018,2.1,CNMI / CDC NCHS,https://commerce.gov.mp/,2026-05-13,HIGH,EDITOR_DECISION_2026_05_v2,2026-05-13,Δ vs WPP -0.54. Editor certainty: Materially Lower
MNP,2019,2.64,CNMI / CDC NCHS,https://commerce.gov.mp/,2026-05-13,HIGH,EDITOR_DECISION_2026_05_v2,2026-05-13,Δ vs WPP +0.08. Editor certainty: Materially Lower
MNP,2020,2.41,CNMI / CDC NCHS,https://commerce.gov.mp/,2026-05-13,HIGH,EDITOR_DECISION_2026_05_v2,2026-05-13,Δ vs WPP -0.08. Editor certainty: Materially Lower
MNP,2021,2.2,CNMI / CDC NCHS,https://commerce.gov.mp/,2026-05-13,HIGH,EDITOR_DECISION_2026_05_v2,2026-05-13,Δ vs WPP -0.24. Editor certainty: Materially Lower
MNP,2022,1.73,CNMI / CDC NCHS,https://commerce.gov.mp/,2026-05-13,HIGH,EDITOR_DECISION_2026_05_v2,2026-05-13,Δ vs WPP -0.66. Editor certainty: Materially Lower
MNP,2023,2.13,CNMI / CDC NCHS,https://commerce.gov.mp/,2026-05-13,HIGH,EDITOR_DECISION_2026_05_v2,2026-05-13,Δ vs WPP -0.22. Editor certainty: Materially Lower
MNP,2024,2.09,Wikipedia (bidirectional TFR interpolation),,2026-05-14,MEDIUM,CALCNEW_V7_FRESH,2026-05-14,Calc New v7 (tfr_extrap_fwd). 
MNP,2025,2.06,Wikipedia (bidirectional TFR interpolation),,2026-05-14,MEDIUM,CALCNEW_V7_FRESH,2026-05-14,Calc New v7 (tfr_extrap_fwd). 
MTQ,1998,1.9,NSO published (national vital statistics / Eurostat),,2026-06-15,HIGH,NSO_TFR_RESOURCE_2026_06,2026-06-15,Δ vs WPP +0.01
MTQ,1999,1.91,NSO published (national vital statistics / Eurostat),,2026-06-15,HIGH,NSO_TFR_RESOURCE_2026_06,2026-06-15,Δ vs WPP +0.03
MTQ,2000,2,NSO published (national vital statistics / Eurostat),,2026-06-15,HIGH,NSO_TFR_RESOURCE_2026_06,2026-06-15,Δ vs WPP +0.10
MTQ,2001,1.98,NSO published (national vital statistics / Eurostat),,2026-06-15,HIGH,NSO_TFR_RESOURCE_2026_06,2026-06-15,Δ vs WPP +0.08
MTQ,2002,1.89,NSO published (national vital statistics / Eurostat),,2026-06-15,HIGH,NSO_TFR_RESOURCE_2026_06,2026-06-15,Δ vs WPP -0.00
MTQ,2003,1.92,NSO published (national vital statistics / Eurostat),,2026-06-15,HIGH,NSO_TFR_RESOURCE_2026_06,2026-06-15,Δ vs WPP +0.02
MTQ,2004,1.91,NSO published (national vital statistics / Eurostat),,2026-06-15,HIGH,NSO_TFR_RESOURCE_2026_06,2026-06-15,Δ vs WPP +0.01
MTQ,2005,1.86,NSO published (national vital statistics / Eurostat),,2026-06-15,HIGH,NSO_TFR_RESOURCE_2026_06,2026-06-15,Δ vs WPP -0.08
MTQ,2006,2.04,NSO published (national vital statistics / Eurostat),,2026-06-15,HIGH,NSO_TFR_RESOURCE_2026_06,2026-06-15,Δ vs WPP +0.04
MTQ,2007,2.05,NSO published (national vital statistics / Eurostat),,2026-06-15,HIGH,NSO_TFR_RESOURCE_2026_06,2026-06-15,Δ vs WPP +0.01
MTQ,2008,2.1,NSO published (national vital statistics / Eurostat),,2026-06-15,HIGH,NSO_TFR_RESOURCE_2026_06,2026-06-15,Δ vs WPP +0.03
MTQ,2009,2.07,NSO published (national vital statistics / Eurostat),,2026-06-15,HIGH,NSO_TFR_RESOURCE_2026_06,2026-06-15,Δ vs WPP +0.02
MTQ,2010,2.02,NSO published (national vital statistics / Eurostat),,2026-06-15,HIGH,NSO_TFR_RESOURCE_2026_06,2026-06-15,Δ vs WPP -0.02
MTQ,2011,1.91,NSO published (national vital statistics / Eurostat),,2026-06-15,HIGH,NSO_TFR_RESOURCE_2026_06,2026-06-15,Δ vs WPP -0.10
MTQ,2012,1.99,NSO published (national vital statistics / Eurostat),,2026-06-15,HIGH,NSO_TFR_RESOURCE_2026_06,2026-06-15,Δ vs WPP -0.01
MTQ,2013,1.91,NSO published (national vital statistics / Eurostat),,2026-06-15,HIGH,NSO_TFR_RESOURCE_2026_06,2026-06-15,Δ vs WPP -0.08
MTQ,2014,2.08,NSO published (national vital statistics / Eurostat),,2026-06-15,HIGH,NSO_TFR_RESOURCE_2026_06,2026-06-15,Δ vs WPP +0.09
MTQ,2015,1.94,NSO published (national vital statistics / Eurostat),,2026-06-15,HIGH,NSO_TFR_RESOURCE_2026_06,2026-06-15,Δ vs WPP -0.03
MTQ,2016,1.9,Wikipedia: Demographics of [MTQ] (vital statistics),,2026-05-13,HIGH,EDITOR_DECISION_2026_05_v2,2026-05-13,Δ vs WPP -0.06
MTQ,2017,1.87,Wikipedia: Demographics of [MTQ] (vital statistics),,2026-05-13,HIGH,EDITOR_DECISION_2026_05_v2,2026-05-13,Δ vs WPP -0.10
MTQ,2018,1.9,Wikipedia: Demographics of [MTQ] (vital statistics),,2026-05-13,HIGH,EDITOR_DECISION_2026_05_v2,2026-05-13,Δ vs WPP -0.09
MTQ,2019,1.97,Wikipedia: Demographics of [MTQ] (vital statistics),,2026-05-13,HIGH,EDITOR_DECISION_2026_05_v2,2026-05-13,Δ vs WPP -0.05
MTQ,2020,1.85,Wikipedia: Demographics of [MTQ] (vital statistics),,2026-05-13,HIGH,EDITOR_DECISION_2026_05_v2,2026-05-13,Δ vs WPP -0.18
MTQ,2021,1.89,Wikipedia: Demographics of [MTQ] (vital statistics),,2026-05-13,HIGH,EDITOR_DECISION_2026_05_v2,2026-05-13,Δ vs WPP -0.15
MTQ,2022,1.85,Wikipedia: Demographics of [MTQ] (vital statistics),,2026-05-13,HIGH,EDITOR_DECISION_2026_05_v2,2026-05-13,Δ vs WPP -0.17
MTQ,2023,1.79,Wikipedia: Demographics of [MTQ] (vital statistics),,2026-05-13,HIGH,EDITOR_DECISION_2026_05_v2,2026-05-13,Δ vs WPP -0.22
MTQ,2024,1.52,Wikipedia: Demographics of [MTQ] (vital statistics),,2026-05-13,MEDIUM,EDITOR_DECISION_2026_05_v2,2026-05-13,Δ vs WPP -0.47. Editor certainty: Recheck
MTQ,2025,1.47,Wikipedia (bidirectional TFR interpolation),,2026-05-14,MEDIUM,CALCNEW_V7_FRESH,2026-05-14,Calc New v7 (tfr_extrap_fwd). 
MUS,1975,3.19,NSO published (national vital statistics / Eurostat),,2026-06-15,HIGH,NSO_TFR_RESOURCE_2026_06,2026-06-15,Δ vs WPP -0.01
MUS,1976,3.13,NSO published (national vital statistics / Eurostat),,2026-06-15,HIGH,NSO_TFR_RESOURCE_2026_06,2026-06-15,Δ vs WPP +0.00
MUS,1977,3.04,NSO published (national vital statistics / Eurostat),,2026-06-15,HIGH,NSO_TFR_RESOURCE_2026_06,2026-06-15,Δ vs WPP -0.03
MUS,1978,3.09,NSO published (national vital statistics / Eurostat),,2026-06-15,HIGH,NSO_TFR_RESOURCE_2026_06,2026-06-15,Δ vs WPP +0.08
MUS,1979,3.07,NSO published (national vital statistics / Eurostat),,2026-06-15,HIGH,NSO_TFR_RESOURCE_2026_06,2026-06-15,Δ vs WPP +0.16
MUS,1980,3.19,NSO published (national vital statistics / Eurostat),,2026-06-15,HIGH,NSO_TFR_RESOURCE_2026_06,2026-06-15,Δ vs WPP +0.39
MUS,1981,2.68,NSO published (national vital statistics / Eurostat),,2026-06-15,HIGH,NSO_TFR_RESOURCE_2026_06,2026-06-15,Δ vs WPP +0.01
MUS,1982,2.39,NSO published (national vital statistics / Eurostat),,2026-06-15,HIGH,NSO_TFR_RESOURCE_2026_06,2026-06-15,Δ vs WPP -0.14
MUS,1983,2.23,NSO published (national vital statistics / Eurostat),,2026-06-15,HIGH,NSO_TFR_RESOURCE_2026_06,2026-06-15,Δ vs WPP -0.17
MUS,1984,2.16,NSO published (national vital statistics / Eurostat),,2026-06-15,HIGH,NSO_TFR_RESOURCE_2026_06,2026-06-15,Δ vs WPP -0.07
MUS,1985,2.02,NSO published (national vital statistics / Eurostat),,2026-06-15,HIGH,NSO_TFR_RESOURCE_2026_06,2026-06-15,Δ vs WPP -0.03
MUS,1986,1.99,NSO published (national vital statistics / Eurostat),,2026-06-15,HIGH,NSO_TFR_RESOURCE_2026_06,2026-06-15,Δ vs WPP +0.04
MUS,1987,2.05,NSO published (national vital statistics / Eurostat),,2026-06-15,HIGH,NSO_TFR_RESOURCE_2026_06,2026-06-15,Δ vs WPP +0.05
MUS,1988,2.14,NSO published (national vital statistics / Eurostat),,2026-06-15,HIGH,NSO_TFR_RESOURCE_2026_06,2026-06-15,Δ vs WPP +0.04
MUS,1989,2.23,NSO published (national vital statistics / Eurostat),,2026-06-15,HIGH,NSO_TFR_RESOURCE_2026_06,2026-06-15,Δ vs WPP +0.02
MUS,1990,2.32,NSO published (national vital statistics / Eurostat),,2026-06-15,HIGH,NSO_TFR_RESOURCE_2026_06,2026-06-15,Δ vs WPP +0.02
MUS,1991,2.3,NSO published (national vital statistics / Eurostat),,2026-06-15,HIGH,NSO_TFR_RESOURCE_2026_06,2026-06-15,Δ vs WPP +0.01
MUS,1992,2.37,NSO published (national vital statistics / Eurostat),,2026-06-15,HIGH,NSO_TFR_RESOURCE_2026_06,2026-06-15,Δ vs WPP +0.01
MUS,1993,2.31,NSO published (national vital statistics / Eurostat),,2026-06-15,HIGH,NSO_TFR_RESOURCE_2026_06,2026-06-15,Δ vs WPP -0.00
MUS,1994,2.25,NSO published (national vital statistics / Eurostat),,2026-06-15,HIGH,NSO_TFR_RESOURCE_2026_06,2026-06-15,Δ vs WPP +0.01
MUS,1995,2.14,NSO published (national vital statistics / Eurostat),,2026-06-15,HIGH,NSO_TFR_RESOURCE_2026_06,2026-06-15,Δ vs WPP +0.00
MUS,1996,2.12,NSO published (national vital statistics / Eurostat),,2026-06-15,HIGH,NSO_TFR_RESOURCE_2026_06,2026-06-15,Δ vs WPP +0.00
MUS,1997,2.04,NSO published (national vital statistics / Eurostat),,2026-06-15,HIGH,NSO_TFR_RESOURCE_2026_06,2026-06-15,Δ vs WPP +0.01
MUS,1998,1.97,NSO published (national vital statistics / Eurostat),,2026-06-15,HIGH,NSO_TFR_RESOURCE_2026_06,2026-06-15,Δ vs WPP +0.06
MUS,1999,2.05,NSO published (national vital statistics / Eurostat),,2026-06-15,HIGH,NSO_TFR_RESOURCE_2026_06,2026-06-15,Δ vs WPP +0.02
MUS,2000,1.99,NSO published (national vital statistics / Eurostat),,2026-06-15,HIGH,NSO_TFR_RESOURCE_2026_06,2026-06-15,Δ vs WPP +0.01
MUS,2001,1.93,NSO published (national vital statistics / Eurostat),,2026-06-15,HIGH,NSO_TFR_RESOURCE_2026_06,2026-06-15,Δ vs WPP +0.04
MUS,2002,1.96,NSO published (national vital statistics / Eurostat),,2026-06-15,HIGH,NSO_TFR_RESOURCE_2026_06,2026-06-15,Δ vs WPP +0.04
MUS,2003,1.91,NSO published (national vital statistics / Eurostat),,2026-06-15,HIGH,NSO_TFR_RESOURCE_2026_06,2026-06-15,Δ vs WPP +0.04
MUS,2004,1.92,NSO published (national vital statistics / Eurostat),,2026-06-15,HIGH,NSO_TFR_RESOURCE_2026_06,2026-06-15,Δ vs WPP +0.05
MUS,2005,1.88,NSO published (national vital statistics / Eurostat),,2026-06-15,HIGH,NSO_TFR_RESOURCE_2026_06,2026-06-15,Δ vs WPP +0.06
MUS,2006,1.77,NSO published (national vital statistics / Eurostat),,2026-06-15,HIGH,NSO_TFR_RESOURCE_2026_06,2026-06-15,Δ vs WPP +0.06
MUS,2007,1.74,NSO published (national vital statistics / Eurostat),,2026-06-15,HIGH,NSO_TFR_RESOURCE_2026_06,2026-06-15,Δ vs WPP +0.07
MUS,2008,1.67,NSO published (national vital statistics / Eurostat),,2026-06-15,HIGH,NSO_TFR_RESOURCE_2026_06,2026-06-15,Δ vs WPP +0.07
MUS,2009,1.59,NSO published (national vital statistics / Eurostat),,2026-06-15,HIGH,NSO_TFR_RESOURCE_2026_06,2026-06-15,Δ vs WPP +0.06
MUS,2010,1.57,NSO published (national vital statistics / Eurostat),,2026-06-15,HIGH,NSO_TFR_RESOURCE_2026_06,2026-06-15,Δ vs WPP +0.08
MUS,2011,1.55,NSO published (national vital statistics / Eurostat),,2026-06-15,HIGH,NSO_TFR_RESOURCE_2026_06,2026-06-15,Δ vs WPP +0.07
MUS,2012,1.56,NSO published (national vital statistics / Eurostat),,2026-06-15,HIGH,NSO_TFR_RESOURCE_2026_06,2026-06-15,Δ vs WPP +0.08
MUS,2013,1.45,NSO published (national vital statistics / Eurostat),,2026-06-15,HIGH,NSO_TFR_RESOURCE_2026_06,2026-06-15,Δ vs WPP +0.03
MUS,2014,1.44,NSO published (national vital statistics / Eurostat),,2026-06-15,HIGH,NSO_TFR_RESOURCE_2026_06,2026-06-15,Δ vs WPP +0.07
MUS,2015,1.37,NSO published (national vital statistics / Eurostat),,2026-06-15,HIGH,NSO_TFR_RESOURCE_2026_06,2026-06-15,Δ vs WPP +0.05
MUS,2016,1.41,Wikipedia: Demographics of [MUS] (vital statistics),,2026-05-13,HIGH,EDITOR_DECISION_2026_05_v2,2026-05-13,Δ vs WPP +0.06
MUS,2017,1.46,Wikipedia: Demographics of [MUS] (vital statistics),,2026-05-13,HIGH,EDITOR_DECISION_2026_05_v2,2026-05-13,Δ vs WPP +0.06
MUS,2018,1.42,Wikipedia: Demographics of [MUS] (vital statistics),,2026-05-13,HIGH,EDITOR_DECISION_2026_05_v2,2026-05-13,Δ vs WPP +0.05
MUS,2019,1.41,Wikipedia: Demographics of [MUS] (vital statistics),,2026-05-13,HIGH,EDITOR_DECISION_2026_05_v2,2026-05-13,Δ vs WPP +0.06
MUS,2020,1.46,Wikipedia: Demographics of [MUS] (vital statistics),,2026-05-13,HIGH,EDITOR_DECISION_2026_05_v2,2026-05-13,Δ vs WPP +0.07
MUS,2021,1.42,Wikipedia: Demographics of [MUS] (vital statistics),,2026-05-13,HIGH,EDITOR_DECISION_2026_05_v2,2026-05-13,Δ vs WPP +0.07
MUS,2022,1.33,Wikipedia: Demographics of [MUS] (vital statistics),,2026-05-13,HIGH,EDITOR_DECISION_2026_05_v2,2026-05-13,Δ vs WPP +0.06
MUS,2023,1.4,Wikipedia: Demographics of [MUS] (vital statistics),,2026-05-13,HIGH,EDITOR_DECISION_2026_05_v2,2026-05-13,Δ vs WPP +0.16
MUS,2024,1.44,Wikipedia: Demographics of [MUS] (vital statistics),,2026-05-13,MEDIUM,EDITOR_DECISION_2026_05_v2,2026-05-13,Δ vs WPP +0.21. Editor certainty: Recheck
MUS,2025,1.46,"Wikipedia (TFR from observed births × local-window ratio, outlier-filtered)",,2026-05-14,HIGH,CALCNEW_V7_FRESH,2026-05-14,"Calc New v7 (v7_births_5anchor_±5y). R=0.000110, anchors=[(2020, 13465.0, 1.46, 0.00010843), (2021, 12982.0, 1.42, 0.00010938), (2022, 12096.0, 1.33, 0.00010995), (2023, 12872.0, 1.4, 0.00010876), (2024, 12853.0, 1.44, 0.00011204)], dropped=[], window=±5y. Wiki-observed births 2025: 13,250."
MYS,2016,1.92,Wikipedia: Demographics of [MYS] (vital statistics),,2026-05-13,HIGH,EDITOR_DECISION_2026_05_v2,2026-05-13,Δ vs WPP -0.02
MYS,2020,1.72,Wikipedia: Demographics of [MYS] (vital statistics),,2026-05-13,HIGH,EDITOR_DECISION_2026_05_v2,2026-05-13,Δ vs WPP +0.04
MYS,2021,1.7,Wikipedia: Demographics of [MYS] (vital statistics),,2026-05-13,HIGH,EDITOR_DECISION_2026_05_v2,2026-05-13,Δ vs WPP +0.15
MYS,2022,1.63,Wikipedia: Demographics of [MYS] (vital statistics),,2026-05-13,HIGH,EDITOR_DECISION_2026_05_v2,2026-05-13,Δ vs WPP +0.08
MYS,2023,1.73,Wikipedia: Demographics of [MYS] (vital statistics),,2026-05-13,HIGH,EDITOR_DECISION_2026_05_v2,2026-05-13,Δ vs WPP +0.18
MYS,2025,1.41,Wikipedia: Demographics of [MYS] (vital statistics),,2026-05-13,MEDIUM,EDITOR_DECISION_2026_05_v2,2026-05-13,Δ vs WPP -0.12. Editor certainty: Recheck
MYT,2014,4.12,NSO published (national vital statistics / Eurostat),,2026-06-15,HIGH,NSO_TFR_RESOURCE_2026_06,2026-06-15,Δ vs WPP -0.41
MYT,2015,4.87,NSO published (national vital statistics / Eurostat),,2026-06-15,HIGH,NSO_TFR_RESOURCE_2026_06,2026-06-15,Δ vs WPP +0.20
MYT,2016,4.95,Wikipedia: Demographics of [MYT] (vital statistics),,2026-05-13,HIGH,EDITOR_DECISION_2026_05_v2,2026-05-13,Δ vs WPP +0.25
MYT,2017,4.92,Wikipedia: Demographics of [MYT] (vital statistics),,2026-05-13,HIGH,EDITOR_DECISION_2026_05_v2,2026-05-13,Δ vs WPP +0.26
MYT,2018,4.66,NSO published (national vital statistics / Eurostat),,2026-06-15,HIGH,NSO_TFR_RESOURCE_2026_06,2026-06-15,Δ vs WPP +0.00
MYT,2019,4.58,NSO published (national vital statistics / Eurostat),,2026-06-15,HIGH,NSO_TFR_RESOURCE_2026_06,2026-06-15,Δ vs WPP +0.00
MYT,2020,4.16,NSO published (national vital statistics / Eurostat),,2026-06-15,HIGH,NSO_TFR_RESOURCE_2026_06,2026-06-15,Δ vs WPP -0.01
MYT,2021,4.65,NSO published (national vital statistics / Eurostat),,2026-06-15,HIGH,NSO_TFR_RESOURCE_2026_06,2026-06-15,Δ vs WPP -0.01
MYT,2022,4.55,Wikipedia: Demographics of [MYT] (vital statistics),,2026-05-13,HIGH,EDITOR_DECISION_2026_05_v2,2026-05-13,Δ vs WPP -0.11
MYT,2023,4.21,Wikipedia: Demographics of [MYT] (vital statistics),,2026-05-13,HIGH,EDITOR_DECISION_2026_05_v2,2026-05-13,Δ vs WPP -0.41
MYT,2024,3.58,Wikipedia: Demographics of [MYT] (vital statistics),,2026-05-13,MEDIUM,EDITOR_DECISION_2026_05_v2,2026-05-13,Δ vs WPP -0.98. Editor certainty: Recheck
MYT,2025,3.53,Wikipedia (bidirectional TFR interpolation),,2026-05-14,MEDIUM,CALCNEW_V7_FRESH,2026-05-14,Calc New v7 (tfr_extrap_fwd). 
NIC,2005,2.94,NSO published (national vital statistics / Eurostat),,2026-06-15,HIGH,NSO_TFR_RESOURCE_2026_06,2026-06-15,Δ vs WPP +0.18
NIC,2007,2.51,NSO published (national vital statistics / Eurostat),,2026-06-15,HIGH,NSO_TFR_RESOURCE_2026_06,2026-06-15,Δ vs WPP -0.19
NIC,2008,2.49,NSO published (national vital statistics / Eurostat),,2026-06-15,HIGH,NSO_TFR_RESOURCE_2026_06,2026-06-15,Δ vs WPP -0.17
NIC,2009,2.49,NSO published (national vital statistics / Eurostat),,2026-06-15,HIGH,NSO_TFR_RESOURCE_2026_06,2026-06-15,Δ vs WPP -0.14
NIC,2010,2.46,NSO published (national vital statistics / Eurostat),,2026-06-15,HIGH,NSO_TFR_RESOURCE_2026_06,2026-06-15,Δ vs WPP -0.14
NIC,2011,2.54,NSO published (national vital statistics / Eurostat),,2026-06-15,HIGH,NSO_TFR_RESOURCE_2026_06,2026-06-15,Δ vs WPP -0.02
NIC,2012,2.54,NSO published (national vital statistics / Eurostat),,2026-06-15,HIGH,NSO_TFR_RESOURCE_2026_06,2026-06-15,Δ vs WPP +0.01
NIC,2013,2.53,NSO published (national vital statistics / Eurostat),,2026-06-15,HIGH,NSO_TFR_RESOURCE_2026_06,2026-06-15,Δ vs WPP +0.04
NIC,2014,2.52,NSO published (national vital statistics / Eurostat),,2026-06-15,HIGH,NSO_TFR_RESOURCE_2026_06,2026-06-15,Δ vs WPP +0.06
NIC,2015,2.52,NSO published (national vital statistics / Eurostat),,2026-06-15,HIGH,NSO_TFR_RESOURCE_2026_06,2026-06-15,Δ vs WPP +0.09
NIC,2016,2.43,Wikipedia: Demographics of [NIC] (vital statistics),,2026-05-13,HIGH,EDITOR_DECISION_2026_05_v2,2026-05-13,Δ vs WPP +0.02
NIC,2017,2.42,Wikipedia: Demographics of [NIC] (vital statistics),,2026-05-13,HIGH,EDITOR_DECISION_2026_05_v2,2026-05-13,Δ vs WPP +0.04
NIC,2018,2.42,Wikipedia: Demographics of [NIC] (vital statistics),,2026-05-13,HIGH,EDITOR_DECISION_2026_05_v2,2026-05-13,Δ vs WPP +0.07
NIC,2019,2.28,Wikipedia: Demographics of [NIC] (vital statistics),,2026-05-13,HIGH,EDITOR_DECISION_2026_05_v2,2026-05-13,Δ vs WPP -0.04
NIC,2020,2.16,Wikipedia: Demographics of [NIC] (vital statistics),,2026-05-13,HIGH,EDITOR_DECISION_2026_05_v2,2026-05-13,Δ vs WPP -0.14
NIC,2021,2.09,"Wikipedia (TFR from observed births × local-window ratio, outlier-filtered)",,2026-05-14,HIGH,CALCNEW_V7_FRESH,2026-05-14,"Calc New v7 (v7_births_5anchor_±5y). R=0.000017, anchors=[(2016, 139595.0, 2.43, 1.741e-05), (2017, 139487.0, 2.42, 1.735e-05), (2018, 139126.0, 2.42, 1.739e-05), (2019, 131673.0, 2.28, 1.732e-05), (2020, 124365.0, 2.16, 1.737e-05)], dropped=[], window=±5y. Wiki-observed births 2021: 120,473."
NIC,2022,2.03,"Wikipedia (TFR from observed births × local-window ratio, outlier-filtered)",,2026-05-14,HIGH,CALCNEW_V7_FRESH,2026-05-14,"Calc New v7 (v7_births_5anchor_±5y). R=0.000017, anchors=[(2017, 139487.0, 2.42, 1.735e-05), (2018, 139126.0, 2.42, 1.739e-05), (2019, 131673.0, 2.28, 1.732e-05), (2020, 124365.0, 2.16, 1.737e-05), (2023, 106439.0, 1.8, 1.691e-05)], dropped=[], window=±5y. Wiki-observed births 2022: 118,118."
NIC,2023,1.8,Wikipedia: Demographics of [NIC] (vital statistics),,2026-05-13,HIGH,EDITOR_DECISION_2026_05_v2,2026-05-13,Δ vs WPP -0.42
NIC,2024,1.75,Wikipedia (bidirectional TFR interpolation),,2026-05-14,MEDIUM,CALCNEW_V7_FRESH,2026-05-14,Calc New v7 (tfr_extrap_fwd). 
NIC,2025,1.7,Wikipedia (bidirectional TFR interpolation),,2026-05-14,MEDIUM,CALCNEW_V7_FRESH,2026-05-14,Calc New v7 (tfr_extrap_fwd). 
NLD,2016,1.66,NSO published (national vital statistics / Eurostat),,2026-06-15,HIGH,NSO_TFR_RESOURCE_2026_06,2026-06-15,Δ vs WPP +0.00
NLD,2017,1.62,NSO published (national vital statistics / Eurostat),,2026-06-15,HIGH,NSO_TFR_RESOURCE_2026_06,2026-06-15,Δ vs WPP +0.00
NLD,2018,1.59,NSO published (national vital statistics / Eurostat),,2026-06-15,HIGH,NSO_TFR_RESOURCE_2026_06,2026-06-15,Δ vs WPP +0.01
NLD,2019,1.57,NSO published (national vital statistics / Eurostat),,2026-06-15,HIGH,NSO_TFR_RESOURCE_2026_06,2026-06-15,Δ vs WPP -0.00
NLD,2020,1.54,NSO published (national vital statistics / Eurostat),,2026-06-15,HIGH,NSO_TFR_RESOURCE_2026_06,2026-06-15,Δ vs WPP -0.00
NLD,2021,1.62,NSO published (national vital statistics / Eurostat),,2026-06-15,HIGH,NSO_TFR_RESOURCE_2026_06,2026-06-15,Δ vs WPP -0.00
NLD,2022,1.49,NSO published (national vital statistics / Eurostat),,2026-06-15,HIGH,NSO_TFR_RESOURCE_2026_06,2026-06-15,Δ vs WPP -0.02
NLD,2023,1.43,NSO published (national vital statistics / Eurostat),,2026-06-15,HIGH,NSO_TFR_RESOURCE_2026_06,2026-06-15,Δ vs WPP +0.00
NLD,2024,1.43,NSO published (national vital statistics / Eurostat),,2026-06-15,HIGH,NSO_TFR_RESOURCE_2026_06,2026-06-15,Δ vs WPP -0.00
NOR,2016,1.71,NSO published (national vital statistics / Eurostat),,2026-06-15,HIGH,NSO_TFR_RESOURCE_2026_06,2026-06-15,Δ vs WPP +0.01
NOR,2017,1.62,NSO published (national vital statistics / Eurostat),,2026-06-15,HIGH,NSO_TFR_RESOURCE_2026_06,2026-06-15,Δ vs WPP -0.00
NOR,2018,1.56,NSO published (national vital statistics / Eurostat),,2026-06-15,HIGH,NSO_TFR_RESOURCE_2026_06,2026-06-15,Δ vs WPP -0.01
NOR,2019,1.53,NSO published (national vital statistics / Eurostat),,2026-06-15,HIGH,NSO_TFR_RESOURCE_2026_06,2026-06-15,Δ vs WPP -0.00
NOR,2020,1.48,NSO published (national vital statistics / Eurostat),,2026-06-15,HIGH,NSO_TFR_RESOURCE_2026_06,2026-06-15,Δ vs WPP -0.00
NOR,2021,1.55,NSO published (national vital statistics / Eurostat),,2026-06-15,HIGH,NSO_TFR_RESOURCE_2026_06,2026-06-15,Δ vs WPP -0.01
NOR,2022,1.41,NSO published (national vital statistics / Eurostat),,2026-06-15,HIGH,NSO_TFR_RESOURCE_2026_06,2026-06-15,Δ vs WPP -0.00
NOR,2023,1.4,NSO published (national vital statistics / Eurostat),,2026-06-15,HIGH,NSO_TFR_RESOURCE_2026_06,2026-06-15,Δ vs WPP -0.00
NOR,2024,1.45,Wikipedia: Demographics of [NOR] (vital statistics),,2026-05-13,HIGH,EDITOR_DECISION_2026_05_v2,2026-05-13,Δ vs WPP +0.03
NOR,2025,1.48,Wikipedia: Demographics of [NOR] (vital statistics),,2026-05-13,MEDIUM,EDITOR_DECISION_2026_05_v2,2026-05-13,Δ vs WPP +0.06. Editor certainty: Recheck
NZL,2019,1.75,Wikipedia: Demographics of [NZL] (vital statistics),,2026-05-13,HIGH,EDITOR_DECISION_2026_05_v2,2026-05-13,Δ vs WPP +0.03
NZL,2023,1.57,Wikipedia: Demographics of [NZL] (vital statistics),,2026-05-13,HIGH,EDITOR_DECISION_2026_05_v2,2026-05-13,Δ vs WPP -0.10
NZL,2024,1.57,Wikipedia: Demographics of [NZL] (vital statistics),,2026-05-13,MEDIUM,EDITOR_DECISION_2026_05_v2,2026-05-13,Δ vs WPP -0.09. Editor certainty: Recheck
NZL,2025,1.55,Wikipedia: Demographics of [NZL] (vital statistics),,2026-05-13,MEDIUM,EDITOR_DECISION_2026_05_v2,2026-05-13,Δ vs WPP -0.10. Editor certainty: Recheck
OMN,1965,7.27,NSO published (national vital statistics / Eurostat),,2026-06-15,HIGH,NSO_TFR_RESOURCE_2026_06,2026-06-15,Δ vs WPP -0.12
OMN,1966,7.28,NSO published (national vital statistics / Eurostat),,2026-06-15,HIGH,NSO_TFR_RESOURCE_2026_06,2026-06-15,Δ vs WPP -0.13
OMN,1967,7.28,NSO published (national vital statistics / Eurostat),,2026-06-15,HIGH,NSO_TFR_RESOURCE_2026_06,2026-06-15,Δ vs WPP -0.16
OMN,1968,7.29,NSO published (national vital statistics / Eurostat),,2026-06-15,HIGH,NSO_TFR_RESOURCE_2026_06,2026-06-15,Δ vs WPP -0.17
OMN,1969,7.29,NSO published (national vital statistics / Eurostat),,2026-06-15,HIGH,NSO_TFR_RESOURCE_2026_06,2026-06-15,Δ vs WPP -0.20
OMN,1970,7.31,NSO published (national vital statistics / Eurostat),,2026-06-15,HIGH,NSO_TFR_RESOURCE_2026_06,2026-06-15,Δ vs WPP -0.21
OMN,1971,7.35,NSO published (national vital statistics / Eurostat),,2026-06-15,HIGH,NSO_TFR_RESOURCE_2026_06,2026-06-15,Δ vs WPP -0.21
OMN,1972,7.41,NSO published (national vital statistics / Eurostat),,2026-06-15,HIGH,NSO_TFR_RESOURCE_2026_06,2026-06-15,Δ vs WPP -0.18
OMN,1973,7.5,NSO published (national vital statistics / Eurostat),,2026-06-15,HIGH,NSO_TFR_RESOURCE_2026_06,2026-06-15,Δ vs WPP -0.13
OMN,1974,7.62,NSO published (national vital statistics / Eurostat),,2026-06-15,HIGH,NSO_TFR_RESOURCE_2026_06,2026-06-15,Δ vs WPP -0.05
OMN,1975,7.75,NSO published (national vital statistics / Eurostat),,2026-06-15,HIGH,NSO_TFR_RESOURCE_2026_06,2026-06-15,Δ vs WPP +0.04
OMN,1976,7.86,NSO published (national vital statistics / Eurostat),,2026-06-15,HIGH,NSO_TFR_RESOURCE_2026_06,2026-06-15,Δ vs WPP +0.12
OMN,1977,7.94,NSO published (national vital statistics / Eurostat),,2026-06-15,HIGH,NSO_TFR_RESOURCE_2026_06,2026-06-15,Δ vs WPP +0.16
OMN,1978,7.99,NSO published (national vital statistics / Eurostat),,2026-06-15,HIGH,NSO_TFR_RESOURCE_2026_06,2026-06-15,Δ vs WPP +0.17
OMN,1979,8.04,NSO published (national vital statistics / Eurostat),,2026-06-15,HIGH,NSO_TFR_RESOURCE_2026_06,2026-06-15,Δ vs WPP +0.19
OMN,1980,8.1,NSO published (national vital statistics / Eurostat),,2026-06-15,HIGH,NSO_TFR_RESOURCE_2026_06,2026-06-15,Δ vs WPP +0.21
OMN,1981,8.13,NSO published (national vital statistics / Eurostat),,2026-06-15,HIGH,NSO_TFR_RESOURCE_2026_06,2026-06-15,Δ vs WPP +0.23
OMN,1982,8.1,NSO published (national vital statistics / Eurostat),,2026-06-15,HIGH,NSO_TFR_RESOURCE_2026_06,2026-06-15,Δ vs WPP +0.26
OMN,1983,8.02,NSO published (national vital statistics / Eurostat),,2026-06-15,HIGH,NSO_TFR_RESOURCE_2026_06,2026-06-15,Δ vs WPP +0.27
OMN,1984,7.9,NSO published (national vital statistics / Eurostat),,2026-06-15,HIGH,NSO_TFR_RESOURCE_2026_06,2026-06-15,Δ vs WPP +0.26
OMN,1985,7.76,NSO published (national vital statistics / Eurostat),,2026-06-15,HIGH,NSO_TFR_RESOURCE_2026_06,2026-06-15,Δ vs WPP +0.25
OMN,1986,7.58,NSO published (national vital statistics / Eurostat),,2026-06-15,HIGH,NSO_TFR_RESOURCE_2026_06,2026-06-15,Δ vs WPP +0.23
OMN,1987,7.37,NSO published (national vital statistics / Eurostat),,2026-06-15,HIGH,NSO_TFR_RESOURCE_2026_06,2026-06-15,Δ vs WPP +0.19
OMN,1988,7.14,NSO published (national vital statistics / Eurostat),,2026-06-15,HIGH,NSO_TFR_RESOURCE_2026_06,2026-06-15,Δ vs WPP +0.19
OMN,1989,6.87,NSO published (national vital statistics / Eurostat),,2026-06-15,HIGH,NSO_TFR_RESOURCE_2026_06,2026-06-15,Δ vs WPP +0.15
OMN,1990,6.61,NSO published (national vital statistics / Eurostat),,2026-06-15,HIGH,NSO_TFR_RESOURCE_2026_06,2026-06-15,Δ vs WPP +0.15
OMN,1991,6.34,NSO published (national vital statistics / Eurostat),,2026-06-15,HIGH,NSO_TFR_RESOURCE_2026_06,2026-06-15,Δ vs WPP +0.14
OMN,1992,6.05,NSO published (national vital statistics / Eurostat),,2026-06-15,HIGH,NSO_TFR_RESOURCE_2026_06,2026-06-15,Δ vs WPP +0.13
OMN,1993,5.76,NSO published (national vital statistics / Eurostat),,2026-06-15,HIGH,NSO_TFR_RESOURCE_2026_06,2026-06-15,Δ vs WPP +0.12
OMN,1994,5.47,NSO published (national vital statistics / Eurostat),,2026-06-15,HIGH,NSO_TFR_RESOURCE_2026_06,2026-06-15,Δ vs WPP +0.11
OMN,1995,5.19,NSO published (national vital statistics / Eurostat),,2026-06-15,HIGH,NSO_TFR_RESOURCE_2026_06,2026-06-15,Δ vs WPP +0.12
OMN,1996,4.9,NSO published (national vital statistics / Eurostat),,2026-06-15,HIGH,NSO_TFR_RESOURCE_2026_06,2026-06-15,Δ vs WPP +0.11
OMN,1997,4.62,NSO published (national vital statistics / Eurostat),,2026-06-15,HIGH,NSO_TFR_RESOURCE_2026_06,2026-06-15,Δ vs WPP +0.10
OMN,1998,4.34,NSO published (national vital statistics / Eurostat),,2026-06-15,HIGH,NSO_TFR_RESOURCE_2026_06,2026-06-15,Δ vs WPP +0.07
OMN,1999,4.13,NSO published (national vital statistics / Eurostat),,2026-06-15,HIGH,NSO_TFR_RESOURCE_2026_06,2026-06-15,Δ vs WPP +0.07
OMN,2000,3.89,NSO published (national vital statistics / Eurostat),,2026-06-15,HIGH,NSO_TFR_RESOURCE_2026_06,2026-06-15,Δ vs WPP +0.04
OMN,2001,3.69,NSO published (national vital statistics / Eurostat),,2026-06-15,HIGH,NSO_TFR_RESOURCE_2026_06,2026-06-15,Δ vs WPP +0.03
OMN,2002,3.5,NSO published (national vital statistics / Eurostat),,2026-06-15,HIGH,NSO_TFR_RESOURCE_2026_06,2026-06-15,Δ vs WPP -0.01
OMN,2003,3.35,NSO published (national vital statistics / Eurostat),,2026-06-15,HIGH,NSO_TFR_RESOURCE_2026_06,2026-06-15,Δ vs WPP -0.02
OMN,2004,3.2,NSO published (national vital statistics / Eurostat),,2026-06-15,HIGH,NSO_TFR_RESOURCE_2026_06,2026-06-15,Δ vs WPP +0.00
OMN,2005,3.05,NSO published (national vital statistics / Eurostat),,2026-06-15,HIGH,NSO_TFR_RESOURCE_2026_06,2026-06-15,Δ vs WPP +0.02
OMN,2006,2.92,NSO published (national vital statistics / Eurostat),,2026-06-15,HIGH,NSO_TFR_RESOURCE_2026_06,2026-06-15,Δ vs WPP +0.04
OMN,2007,2.81,NSO published (national vital statistics / Eurostat),,2026-06-15,HIGH,NSO_TFR_RESOURCE_2026_06,2026-06-15,Δ vs WPP +0.05
OMN,2008,2.81,NSO published (national vital statistics / Eurostat),,2026-06-15,HIGH,NSO_TFR_RESOURCE_2026_06,2026-06-15,Δ vs WPP +0.05
OMN,2009,2.84,NSO published (national vital statistics / Eurostat),,2026-06-15,HIGH,NSO_TFR_RESOURCE_2026_06,2026-06-15,Δ vs WPP +0.01
OMN,2010,2.94,NSO published (national vital statistics / Eurostat),,2026-06-15,HIGH,NSO_TFR_RESOURCE_2026_06,2026-06-15,Δ vs WPP -0.03
OMN,2011,2.94,NSO published (national vital statistics / Eurostat),,2026-06-15,HIGH,NSO_TFR_RESOURCE_2026_06,2026-06-15,Δ vs WPP -0.01
OMN,2012,2.93,NSO published (national vital statistics / Eurostat),,2026-06-15,HIGH,NSO_TFR_RESOURCE_2026_06,2026-06-15,Δ vs WPP +0.00
OMN,2013,2.95,NSO published (national vital statistics / Eurostat),,2026-06-15,HIGH,NSO_TFR_RESOURCE_2026_06,2026-06-15,Δ vs WPP -0.00
OMN,2014,2.96,NSO published (national vital statistics / Eurostat),,2026-06-15,HIGH,NSO_TFR_RESOURCE_2026_06,2026-06-15,Δ vs WPP -0.01
OMN,2015,2.96,NSO published (national vital statistics / Eurostat),,2026-06-15,HIGH,NSO_TFR_RESOURCE_2026_06,2026-06-15,Δ vs WPP -0.01
OMN,2016,2.95,Wikipedia: Demographics of [OMN] (vital statistics),,2026-05-13,HIGH,EDITOR_DECISION_2026_05_v2,2026-05-13,Δ vs WPP -0.06
OMN,2017,2.94,Wikipedia: Demographics of [OMN] (vital statistics),,2026-05-13,HIGH,EDITOR_DECISION_2026_05_v2,2026-05-13,Δ vs WPP -0.02
OMN,2018,2.88,Wikipedia: Demographics of [OMN] (vital statistics),,2026-05-13,HIGH,EDITOR_DECISION_2026_05_v2,2026-05-13,Δ vs WPP +0.05
OMN,2019,2.78,NSO published (national vital statistics / Eurostat),,2026-06-15,HIGH,NSO_TFR_RESOURCE_2026_06,2026-06-15,Δ vs WPP +0.08
OMN,2020,2.69,Wikipedia: Demographics of [OMN] (vital statistics),,2026-05-13,HIGH,EDITOR_DECISION_2026_05_v2,2026-05-13,Δ vs WPP +0.02
OMN,2021,2.62,NSO published (national vital statistics / Eurostat),,2026-06-15,HIGH,NSO_TFR_RESOURCE_2026_06,2026-06-15,Δ vs WPP +0.03
OMN,2022,2.31,Wikipedia: Demographics of [OMN] (vital statistics),,2026-05-13,HIGH,EDITOR_DECISION_2026_05_v2,2026-05-13,Δ vs WPP -0.14
OMN,2023,2.01,Wikipedia: Demographics of [OMN] (vital statistics),,2026-05-13,HIGH,EDITOR_DECISION_2026_05_v2,2026-05-13,Δ vs WPP -0.52
OMN,2024,1.91,Wikipedia: Demographics of [OMN] (vital statistics),,2026-05-13,MEDIUM,EDITOR_DECISION_2026_05_v2,2026-05-13,Δ vs WPP -0.60. Editor certainty: Recheck
OMN,2025,1.86,Wikipedia (bidirectional TFR interpolation),,2026-05-14,MEDIUM,CALCNEW_V7_FRESH,2026-05-14,Calc New v7 (tfr_extrap_fwd). 
PAN,1965,5.191,NSO published (national vital statistics / Eurostat),,2026-06-15,HIGH,NSO_TFR_RESOURCE_2026_06,2026-06-15,Δ vs WPP -0.54
PAN,1970,5.041,NSO published (national vital statistics / Eurostat),,2026-06-15,HIGH,NSO_TFR_RESOURCE_2026_06,2026-06-15,Δ vs WPP -0.13
PAN,1975,4.254,NSO published (national vital statistics / Eurostat),,2026-06-15,HIGH,NSO_TFR_RESOURCE_2026_06,2026-06-15,Δ vs WPP -0.16
PAN,1980,3.443,NSO published (national vital statistics / Eurostat),,2026-06-15,HIGH,NSO_TFR_RESOURCE_2026_06,2026-06-15,Δ vs WPP -0.35
PAN,1985,3.199,NSO published (national vital statistics / Eurostat),,2026-06-15,HIGH,NSO_TFR_RESOURCE_2026_06,2026-06-15,Δ vs WPP -0.23
PAN,1990,2.884,NSO published (national vital statistics / Eurostat),,2026-06-15,HIGH,NSO_TFR_RESOURCE_2026_06,2026-06-15,Δ vs WPP -0.19
PAN,1995,2.718,NSO published (national vital statistics / Eurostat),,2026-06-15,HIGH,NSO_TFR_RESOURCE_2026_06,2026-06-15,Δ vs WPP -0.13
PAN,2000,2.672,NSO published (national vital statistics / Eurostat),,2026-06-15,HIGH,NSO_TFR_RESOURCE_2026_06,2026-06-15,Δ vs WPP -0.07
PAN,2001,2.509,NSO published (national vital statistics / Eurostat),,2026-06-15,HIGH,NSO_TFR_RESOURCE_2026_06,2026-06-15,Δ vs WPP -0.21
PAN,2002,2.393,NSO published (national vital statistics / Eurostat),,2026-06-15,HIGH,NSO_TFR_RESOURCE_2026_06,2026-06-15,Δ vs WPP -0.31
PAN,2003,2.368,NSO published (national vital statistics / Eurostat),,2026-06-15,HIGH,NSO_TFR_RESOURCE_2026_06,2026-06-15,Δ vs WPP -0.31
PAN,2004,2.379,NSO published (national vital statistics / Eurostat),,2026-06-15,HIGH,NSO_TFR_RESOURCE_2026_06,2026-06-15,Δ vs WPP -0.30
PAN,2005,2.388,NSO published (national vital statistics / Eurostat),,2026-06-15,HIGH,NSO_TFR_RESOURCE_2026_06,2026-06-15,Δ vs WPP -0.26
PAN,2006,2.441,NSO published (national vital statistics / Eurostat),,2026-06-15,HIGH,NSO_TFR_RESOURCE_2026_06,2026-06-15,Δ vs WPP -0.18
PAN,2007,2.477,NSO published (national vital statistics / Eurostat),,2026-06-15,HIGH,NSO_TFR_RESOURCE_2026_06,2026-06-15,Δ vs WPP -0.14
PAN,2008,2.506,NSO published (national vital statistics / Eurostat),,2026-06-15,HIGH,NSO_TFR_RESOURCE_2026_06,2026-06-15,Δ vs WPP -0.10
PAN,2009,2.466,NSO published (national vital statistics / Eurostat),,2026-06-15,HIGH,NSO_TFR_RESOURCE_2026_06,2026-06-15,Δ vs WPP -0.13
PAN,2010,2.43,NSO published (national vital statistics / Eurostat),,2026-06-15,HIGH,NSO_TFR_RESOURCE_2026_06,2026-06-15,Δ vs WPP -0.16
PAN,2011,2.466,NSO published (national vital statistics / Eurostat),,2026-06-15,HIGH,NSO_TFR_RESOURCE_2026_06,2026-06-15,Δ vs WPP -0.14
PAN,2012,2.511,NSO published (national vital statistics / Eurostat),,2026-06-15,HIGH,NSO_TFR_RESOURCE_2026_06,2026-06-15,Δ vs WPP -0.08
PAN,2013,2.428,NSO published (national vital statistics / Eurostat),,2026-06-15,HIGH,NSO_TFR_RESOURCE_2026_06,2026-06-15,Δ vs WPP -0.14
PAN,2014,2.447,NSO published (national vital statistics / Eurostat),,2026-06-15,HIGH,NSO_TFR_RESOURCE_2026_06,2026-06-15,Δ vs WPP -0.10
PAN,2015,2.445,NSO published (national vital statistics / Eurostat),,2026-06-15,HIGH,NSO_TFR_RESOURCE_2026_06,2026-06-15,Δ vs WPP -0.09
PAN,2016,2.424,Wikipedia: Demographics of [PAN] (vital statistics),,2026-05-13,HIGH,EDITOR_DECISION_2026_05_v2,2026-05-13,Δ vs WPP -0.08
PAN,2017,2.403,Wikipedia: Demographics of [PAN] (vital statistics),,2026-05-13,HIGH,EDITOR_DECISION_2026_05_v2,2026-05-13,Δ vs WPP -0.06
PAN,2018,2.4,NSO published (national vital statistics / Eurostat),,2026-06-15,HIGH,NSO_TFR_RESOURCE_2026_06,2026-06-15,Δ vs WPP -0.00
PAN,2019,2.24,Wikipedia: Demographics of [PAN] (vital statistics),,2026-05-13,HIGH,EDITOR_DECISION_2026_05_v2,2026-05-13,Δ vs WPP -0.05
PAN,2020,2.142,Wikipedia: Demographics of [PAN] (vital statistics),,2026-05-13,HIGH,EDITOR_DECISION_2026_05_v2,2026-05-13,Δ vs WPP -0.04
PAN,2021,2.02,Wikipedia: Demographics of [PAN] (vital statistics),,2026-05-13,HIGH,EDITOR_DECISION_2026_05_v2,2026-05-13,Δ vs WPP -0.13
PAN,2022,1.923,Wikipedia: Demographics of [PAN] (vital statistics),,2026-05-13,HIGH,EDITOR_DECISION_2026_05_v2,2026-05-13,Δ vs WPP -0.22
PAN,2023,1.786,Wikipedia: Demographics of [PAN] (vital statistics),,2026-05-13,HIGH,EDITOR_DECISION_2026_05_v2,2026-05-13,Δ vs WPP -0.33
PAN,2024,1.793,Wikipedia: Demographics of [PAN] (vital statistics),,2026-05-13,MEDIUM,EDITOR_DECISION_2026_05_v2,2026-05-13,Δ vs WPP -0.32. Editor certainty: Recheck
PAN,2025,1.74,Wikipedia (bidirectional TFR interpolation),,2026-05-14,MEDIUM,CALCNEW_V7_FRESH,2026-05-14,Calc New v7 (tfr_extrap_fwd). 
PER,2016,2.5,Wikipedia: Demographics of [PER] (vital statistics),,2026-05-13,HIGH,EDITOR_DECISION_2026_05_v2,2026-05-13,Δ vs WPP +0.31
PER,2017,2.4,Wikipedia: Demographics of [PER] (vital statistics),,2026-05-13,HIGH,EDITOR_DECISION_2026_05_v2,2026-05-13,Δ vs WPP +0.25
PER,2018,2.2,Wikipedia: Demographics of [PER] (vital statistics),,2026-05-13,HIGH,EDITOR_DECISION_2026_05_v2,2026-05-13,Δ vs WPP +0.08
PER,2019,2,Wikipedia: Demographics of [PER] (vital statistics),,2026-05-13,HIGH,EDITOR_DECISION_2026_05_v2,2026-05-13,Δ vs WPP -0.09
PER,2020,1.9,Wikipedia: Demographics of [PER] (vital statistics),,2026-05-13,HIGH,EDITOR_DECISION_2026_05_v2,2026-05-13,Δ vs WPP -0.16
PER,2021,2.32,Wikipedia: Demographics of [PER] (vital statistics),,2026-05-13,HIGH,EDITOR_DECISION_2026_05_v2,2026-05-13,Δ vs WPP +0.29
PER,2022,2.1,Wikipedia: Demographics of [PER] (vital statistics),,2026-05-13,HIGH,EDITOR_DECISION_2026_05_v2,2026-05-13,Δ vs WPP +0.10
PER,2023,1.8,Wikipedia: Demographics of [PER] (vital statistics),,2026-05-13,HIGH,EDITOR_DECISION_2026_05_v2,2026-05-13,Δ vs WPP -0.18
PER,2024,1.67,Wikipedia: Demographics of [PER] (vital statistics),,2026-05-13,MEDIUM,EDITOR_DECISION_2026_05_v2,2026-05-13,Δ vs WPP -0.29. Editor certainty: Recheck
PER,2025,2.07,Wikipedia: Demographics of [PER] (vital statistics),,2026-05-13,MEDIUM,EDITOR_DECISION_2026_05_v2,2026-05-13,Δ vs WPP +0.13. Editor certainty: Recheck
PHL,1993,4.1,NSO published (national vital statistics / Eurostat),,2026-06-15,HIGH,NSO_TFR_RESOURCE_2026_06,2026-06-15,Δ vs WPP +0.00
PHL,1998,3.7,NSO published (national vital statistics / Eurostat),,2026-06-15,HIGH,NSO_TFR_RESOURCE_2026_06,2026-06-15,Δ vs WPP -0.18
PHL,2003,3.5,NSO published (national vital statistics / Eurostat),,2026-06-15,HIGH,NSO_TFR_RESOURCE_2026_06,2026-06-15,Δ vs WPP -0.09
PHL,2008,3.3,NSO published (national vital statistics / Eurostat),,2026-06-15,HIGH,NSO_TFR_RESOURCE_2026_06,2026-06-15,Δ vs WPP -0.10
PHL,2016,2.58,"Wikipedia (TFR from observed births × local-window ratio, outlier-filtered)",,2026-05-14,HIGH,CALCNEW_V7_FRESH,2026-05-14,"Calc New v7 (v7_births_4anchor_±10y). R=0.000001, anchors=[(2017, 1700618.0, 2.7, 1.59e-06), (2022, 1455393.0, 1.9, 1.31e-06), (2023, 1448522.0, 1.8, 1.24e-06), (2024, 1358989.0, 1.73, 1.27e-06)], dropped=[(2008, 1.85e-06)], window=±10y. Wiki-observed births 2016: 1,731,289."
PHL,2017,2.7,Wikipedia: Demographics of [PHL] (vital statistics),,2026-05-13,HIGH,EDITOR_DECISION_2026_05_v2,2026-05-13,Δ vs WPP +0.17
PHL,2018,2.49,"Wikipedia (TFR from observed births × local-window ratio, outlier-filtered)",,2026-05-14,HIGH,CALCNEW_V7_FRESH,2026-05-14,"Calc New v7 (v7_births_3anchor_±5y). R=0.000001, anchors=[(2017, 1700618.0, 2.7, 1.59e-06), (2022, 1455393.0, 1.9, 1.31e-06), (2023, 1448522.0, 1.8, 1.24e-06)], dropped=[], window=±5y. Wiki-observed births 2018: 1,668,120."
PHL,2019,2.34,"Wikipedia (TFR from observed births × local-window ratio, outlier-filtered)",,2026-05-14,HIGH,CALCNEW_V7_FRESH,2026-05-14,"Calc New v7 (v7_births_4anchor_±5y). R=0.000001, anchors=[(2017, 1700618.0, 2.7, 1.59e-06), (2022, 1455393.0, 1.9, 1.31e-06), (2023, 1448522.0, 1.8, 1.24e-06), (2024, 1358989.0, 1.73, 1.27e-06)], dropped=[], window=±5y. Wiki-observed births 2019: 1,674,302."
PHL,2020,2.45,Wikipedia: Demographics of [PHL] (vital statistics),,2026-05-13,HIGH,EDITOR_DECISION_2026_05_v2,2026-05-13,Δ vs WPP +0.37
PHL,2021,1.8,"Wikipedia (TFR from observed births × local-window ratio, outlier-filtered)",,2026-05-14,HIGH,CALCNEW_V7_FRESH,2026-05-14,"Calc New v7 (v7_births_4anchor_±5y). R=0.000001, anchors=[(2017, 1700618.0, 2.7, 1.59e-06), (2022, 1455393.0, 1.9, 1.31e-06), (2023, 1448522.0, 1.8, 1.24e-06), (2024, 1358989.0, 1.73, 1.27e-06)], dropped=[], window=±5y. Wiki-observed births 2021: 1,364,739."
PHL,2022,1.9,Wikipedia: Demographics of [PHL] (vital statistics),,2026-05-13,HIGH,EDITOR_DECISION_2026_05_v2,2026-05-13,Δ vs WPP -0.03
PHL,2023,1.8,Wikipedia: Demographics of [PHL] (vital statistics),,2026-05-13,HIGH,EDITOR_DECISION_2026_05_v2,2026-05-13,Δ vs WPP -0.12
PHL,2024,1.73,Wikipedia: Demographics of [PHL] (vital statistics),,2026-05-13,MEDIUM,EDITOR_DECISION_2026_05_v2,2026-05-13,Δ vs WPP -0.16. Editor certainty: Recheck
PHL,2025,1.7,Wikipedia: Demographics of [PHL] (vital statistics),,2026-05-13,MEDIUM,EDITOR_DECISION_2026_05_v2,2026-05-13,Δ vs WPP -0.18. Editor certainty: Recheck
POL,2016,1.39,Wikipedia: Demographics of [POL] (vital statistics),,2026-05-13,HIGH,EDITOR_DECISION_2026_05_v2,2026-05-13,Δ vs WPP -0.03
POL,2017,1.48,Wikipedia: Demographics of [POL] (vital statistics),,2026-05-13,HIGH,EDITOR_DECISION_2026_05_v2,2026-05-13,Δ vs WPP -0.02
POL,2018,1.46,NSO published (national vital statistics / Eurostat),,2026-06-15,HIGH,NSO_TFR_RESOURCE_2026_06,2026-06-15,Δ vs WPP +0.02
POL,2019,1.44,Wikipedia: Demographics of [POL] (vital statistics),,2026-05-13,HIGH,EDITOR_DECISION_2026_05_v2,2026-05-13,Δ vs WPP -0.02
POL,2020,1.39,NSO published (national vital statistics / Eurostat),,2026-06-15,HIGH,NSO_TFR_RESOURCE_2026_06,2026-06-15,Δ vs WPP +0.01
POL,2021,1.33,NSO published (national vital statistics / Eurostat),,2026-06-15,HIGH,NSO_TFR_RESOURCE_2026_06,2026-06-15,Δ vs WPP +0.01
POL,2022,1.29,NSO published (national vital statistics / Eurostat),,2026-06-15,HIGH,NSO_TFR_RESOURCE_2026_06,2026-06-15,Δ vs WPP +0.03
POL,2023,1.2,Wikipedia: Demographics of [POL] (vital statistics),,2026-05-13,HIGH,EDITOR_DECISION_2026_05_v2,2026-05-13,Δ vs WPP -0.14
POL,2024,1.14,Wikipedia: Demographics of [POL] (vital statistics),,2026-05-13,MEDIUM,EDITOR_DECISION_2026_05_v2,2026-05-13,Δ vs WPP -0.20. Editor certainty: Recheck
POL,2025,1.07,Wikipedia: Demographics of [POL] (vital statistics),,2026-05-13,MEDIUM,EDITOR_DECISION_2026_05_v2,2026-05-13,Δ vs WPP -0.24. Editor certainty: Recheck
PRI,1970,2.69,NSO published (national vital statistics / Eurostat),,2026-06-15,HIGH,NSO_TFR_RESOURCE_2026_06,2026-06-15,Δ vs WPP -0.48
PRI,1971,2.82,NSO published (national vital statistics / Eurostat),,2026-06-15,HIGH,NSO_TFR_RESOURCE_2026_06,2026-06-15,Δ vs WPP -0.39
PRI,1972,2.67,NSO published (national vital statistics / Eurostat),,2026-06-15,HIGH,NSO_TFR_RESOURCE_2026_06,2026-06-15,Δ vs WPP -0.34
PRI,1973,2.67,NSO published (national vital statistics / Eurostat),,2026-06-15,HIGH,NSO_TFR_RESOURCE_2026_06,2026-06-15,Δ vs WPP -0.23
PRI,1974,2.65,NSO published (national vital statistics / Eurostat),,2026-06-15,HIGH,NSO_TFR_RESOURCE_2026_06,2026-06-15,Δ vs WPP -0.22
PRI,1975,2.61,NSO published (national vital statistics / Eurostat),,2026-06-15,HIGH,NSO_TFR_RESOURCE_2026_06,2026-06-15,Δ vs WPP -0.19
PRI,1976,2.77,NSO published (national vital statistics / Eurostat),,2026-06-15,HIGH,NSO_TFR_RESOURCE_2026_06,2026-06-15,Δ vs WPP -0.10
PRI,1977,2.93,NSO published (national vital statistics / Eurostat),,2026-06-15,HIGH,NSO_TFR_RESOURCE_2026_06,2026-06-15,Δ vs WPP +0.03
PRI,1978,2.86,NSO published (national vital statistics / Eurostat),,2026-06-15,HIGH,NSO_TFR_RESOURCE_2026_06,2026-06-15,Δ vs WPP +0.01
PRI,1979,2.77,NSO published (national vital statistics / Eurostat),,2026-06-15,HIGH,NSO_TFR_RESOURCE_2026_06,2026-06-15,Δ vs WPP +0.00
PRI,1980,2.75,NSO published (national vital statistics / Eurostat),,2026-06-15,HIGH,NSO_TFR_RESOURCE_2026_06,2026-06-15,Δ vs WPP +0.05
PRI,1981,2.64,NSO published (national vital statistics / Eurostat),,2026-06-15,HIGH,NSO_TFR_RESOURCE_2026_06,2026-06-15,Δ vs WPP +0.05
PRI,1982,2.57,NSO published (national vital statistics / Eurostat),,2026-06-15,HIGH,NSO_TFR_RESOURCE_2026_06,2026-06-15,Δ vs WPP +0.09
PRI,1983,2.44,NSO published (national vital statistics / Eurostat),,2026-06-15,HIGH,NSO_TFR_RESOURCE_2026_06,2026-06-15,Δ vs WPP +0.11
PRI,1984,2.37,NSO published (national vital statistics / Eurostat),,2026-06-15,HIGH,NSO_TFR_RESOURCE_2026_06,2026-06-15,Δ vs WPP +0.14
PRI,1985,2.34,NSO published (national vital statistics / Eurostat),,2026-06-15,HIGH,NSO_TFR_RESOURCE_2026_06,2026-06-15,Δ vs WPP +0.12
PRI,1986,2.31,NSO published (national vital statistics / Eurostat),,2026-06-15,HIGH,NSO_TFR_RESOURCE_2026_06,2026-06-15,Δ vs WPP +0.04
PRI,1987,2.27,NSO published (national vital statistics / Eurostat),,2026-06-15,HIGH,NSO_TFR_RESOURCE_2026_06,2026-06-15,Δ vs WPP +0.04
PRI,1988,2.27,NSO published (national vital statistics / Eurostat),,2026-06-15,HIGH,NSO_TFR_RESOURCE_2026_06,2026-06-15,Δ vs WPP +0.05
PRI,1989,2.36,NSO published (national vital statistics / Eurostat),,2026-06-15,HIGH,NSO_TFR_RESOURCE_2026_06,2026-06-15,Δ vs WPP +0.06
PRI,1990,2.35,NSO published (national vital statistics / Eurostat),,2026-06-15,HIGH,NSO_TFR_RESOURCE_2026_06,2026-06-15,Δ vs WPP +0.06
PRI,1991,2.2,NSO published (national vital statistics / Eurostat),,2026-06-15,HIGH,NSO_TFR_RESOURCE_2026_06,2026-06-15,Δ vs WPP -0.01
PRI,1992,2.18,NSO published (national vital statistics / Eurostat),,2026-06-15,HIGH,NSO_TFR_RESOURCE_2026_06,2026-06-15,Δ vs WPP -0.02
PRI,1993,2.14,NSO published (national vital statistics / Eurostat),,2026-06-15,HIGH,NSO_TFR_RESOURCE_2026_06,2026-06-15,Δ vs WPP -0.07
PRI,1994,2.08,NSO published (national vital statistics / Eurostat),,2026-06-15,HIGH,NSO_TFR_RESOURCE_2026_06,2026-06-15,Δ vs WPP -0.10
PRI,1995,2.08,NSO published (national vital statistics / Eurostat),,2026-06-15,HIGH,NSO_TFR_RESOURCE_2026_06,2026-06-15,Δ vs WPP -0.07
PRI,1996,2.06,NSO published (national vital statistics / Eurostat),,2026-06-15,HIGH,NSO_TFR_RESOURCE_2026_06,2026-06-15,Δ vs WPP -0.08
PRI,1997,2.13,NSO published (national vital statistics / Eurostat),,2026-06-15,HIGH,NSO_TFR_RESOURCE_2026_06,2026-06-15,Δ vs WPP -0.04
PRI,1998,1.98,NSO published (national vital statistics / Eurostat),,2026-06-15,HIGH,NSO_TFR_RESOURCE_2026_06,2026-06-15,Δ vs WPP -0.10
PRI,1999,1.94,NSO published (national vital statistics / Eurostat),,2026-06-15,HIGH,NSO_TFR_RESOURCE_2026_06,2026-06-15,Δ vs WPP -0.10
PRI,2000,1.93,NSO published (national vital statistics / Eurostat),,2026-06-15,HIGH,NSO_TFR_RESOURCE_2026_06,2026-06-15,Δ vs WPP -0.11
PRI,2001,1.85,NSO published (national vital statistics / Eurostat),,2026-06-15,HIGH,NSO_TFR_RESOURCE_2026_06,2026-06-15,Δ vs WPP -0.10
PRI,2002,1.77,NSO published (national vital statistics / Eurostat),,2026-06-15,HIGH,NSO_TFR_RESOURCE_2026_06,2026-06-15,Δ vs WPP -0.09
PRI,2003,1.71,NSO published (national vital statistics / Eurostat),,2026-06-15,HIGH,NSO_TFR_RESOURCE_2026_06,2026-06-15,Δ vs WPP -0.10
PRI,2004,1.74,NSO published (national vital statistics / Eurostat),,2026-06-15,HIGH,NSO_TFR_RESOURCE_2026_06,2026-06-15,Δ vs WPP -0.10
PRI,2005,1.73,NSO published (national vital statistics / Eurostat),,2026-06-15,HIGH,NSO_TFR_RESOURCE_2026_06,2026-06-15,Δ vs WPP -0.11
PRI,2006,1.67,NSO published (national vital statistics / Eurostat),,2026-06-15,HIGH,NSO_TFR_RESOURCE_2026_06,2026-06-15,Δ vs WPP -0.13
PRI,2007,1.64,NSO published (national vital statistics / Eurostat),,2026-06-15,HIGH,NSO_TFR_RESOURCE_2026_06,2026-06-15,Δ vs WPP -0.10
PRI,2008,1.62,NSO published (national vital statistics / Eurostat),,2026-06-15,HIGH,NSO_TFR_RESOURCE_2026_06,2026-06-15,Δ vs WPP -0.00
PRI,2009,1.59,NSO published (national vital statistics / Eurostat),,2026-06-15,HIGH,NSO_TFR_RESOURCE_2026_06,2026-06-15,Δ vs WPP -0.01
PRI,2010,1.62,NSO published (national vital statistics / Eurostat),,2026-06-15,HIGH,NSO_TFR_RESOURCE_2026_06,2026-06-15,Δ vs WPP +0.00
PRI,2011,1.6,NSO published (national vital statistics / Eurostat),,2026-06-15,HIGH,NSO_TFR_RESOURCE_2026_06,2026-06-15,Δ vs WPP +0.00
PRI,2012,1.54,NSO published (national vital statistics / Eurostat),,2026-06-15,HIGH,NSO_TFR_RESOURCE_2026_06,2026-06-15,Δ vs WPP -0.00
PRI,2013,1.47,NSO published (national vital statistics / Eurostat),,2026-06-15,HIGH,NSO_TFR_RESOURCE_2026_06,2026-06-15,Δ vs WPP -0.00
PRI,2014,1.43,NSO published (national vital statistics / Eurostat),,2026-06-15,HIGH,NSO_TFR_RESOURCE_2026_06,2026-06-15,Δ vs WPP -0.01
PRI,2015,1.34,NSO published (national vital statistics / Eurostat),,2026-06-15,HIGH,NSO_TFR_RESOURCE_2026_06,2026-06-15,Δ vs WPP -0.01
PRI,2016,1.24,Wikipedia: Demographics of [PRI] (vital statistics),,2026-05-13,HIGH,EDITOR_DECISION_2026_05_v2,2026-05-13,Δ vs WPP -0.02
PRI,2017,1.1,Wikipedia: Demographics of [PRI] (vital statistics),,2026-05-13,HIGH,EDITOR_DECISION_2026_05_v2,2026-05-13,Δ vs WPP -0.03
PRI,2018,1.04,NSO published (national vital statistics / Eurostat),,2026-06-15,HIGH,NSO_TFR_RESOURCE_2026_06,2026-06-15,Δ vs WPP +0.01
PRI,2019,0.98,NSO published (national vital statistics / Eurostat),,2026-06-15,HIGH,NSO_TFR_RESOURCE_2026_06,2026-06-15,Δ vs WPP +0.00
PRI,2020,0.92,NSO published (national vital statistics / Eurostat),,2026-06-15,HIGH,NSO_TFR_RESOURCE_2026_06,2026-06-15,Δ vs WPP -0.01
PRI,2021,0.91,Wikipedia: Demographics of [PRI] (vital statistics),,2026-05-13,HIGH,EDITOR_DECISION_2026_05_v2,2026-05-13,Δ vs WPP -0.03
PRI,2022,0.91,Wikipedia: Demographics of [PRI] (vital statistics),,2026-05-13,HIGH,EDITOR_DECISION_2026_05_v2,2026-05-13,Δ vs WPP -0.03
PRI,2023,0.9,Wikipedia: Demographics of [PRI] (vital statistics),,2026-05-13,HIGH,EDITOR_DECISION_2026_05_v2,2026-05-13,Δ vs WPP -0.04
PRI,2024,0.87,"Wikipedia (TFR from observed births × local-window ratio, outlier-filtered)",,2026-05-14,HIGH,CALCNEW_V7_FRESH,2026-05-14,"Calc New v7 (v7_births_5anchor_±5y). R=0.000048, anchors=[(2019, 20409.0, 0.98, 4.802e-05), (2020, 18933.0, 0.92, 4.859e-05), (2021, 18833.0, 0.91, 4.832e-05), (2022, 19112.0, 0.91, 4.761e-05), (2023, 18641.0, 0.9, 4.828e-05)], dropped=[], window=±5y. Wiki-observed births 2024: 18,146."
PRI,2025,0.87,"Wikipedia (TFR from observed births × local-window ratio, outlier-filtered)",,2026-05-14,HIGH,CALCNEW_V7_FRESH,2026-05-14,"Calc New v7 (v7_births_4anchor_±5y). R=0.000048, anchors=[(2020, 18933.0, 0.92, 4.859e-05), (2021, 18833.0, 0.91, 4.832e-05), (2022, 19112.0, 0.91, 4.761e-05), (2023, 18641.0, 0.9, 4.828e-05)], dropped=[], window=±5y. Wiki-observed births 2025: 18,003."
PRT,1965,3.18,NSO published (national vital statistics / Eurostat),,2026-06-15,HIGH,NSO_TFR_RESOURCE_2026_06,2026-06-15,Δ vs WPP +0.02
PRT,1966,3.16,NSO published (national vital statistics / Eurostat),,2026-06-15,HIGH,NSO_TFR_RESOURCE_2026_06,2026-06-15,Δ vs WPP -0.00
PRT,1967,3.13,NSO published (national vital statistics / Eurostat),,2026-06-15,HIGH,NSO_TFR_RESOURCE_2026_06,2026-06-15,Δ vs WPP -0.03
PRT,1968,3.09,NSO published (national vital statistics / Eurostat),,2026-06-15,HIGH,NSO_TFR_RESOURCE_2026_06,2026-06-15,Δ vs WPP -0.03
PRT,1969,3.05,NSO published (national vital statistics / Eurostat),,2026-06-15,HIGH,NSO_TFR_RESOURCE_2026_06,2026-06-15,Δ vs WPP -0.06
PRT,1970,2.99,NSO published (national vital statistics / Eurostat),,2026-06-15,HIGH,NSO_TFR_RESOURCE_2026_06,2026-06-15,Δ vs WPP -0.02
PRT,1971,2.99,NSO published (national vital statistics / Eurostat),,2026-06-15,HIGH,NSO_TFR_RESOURCE_2026_06,2026-06-15,Δ vs WPP -0.01
PRT,1972,2.85,NSO published (national vital statistics / Eurostat),,2026-06-15,HIGH,NSO_TFR_RESOURCE_2026_06,2026-06-15,Δ vs WPP -0.01
PRT,1973,2.76,NSO published (national vital statistics / Eurostat),,2026-06-15,HIGH,NSO_TFR_RESOURCE_2026_06,2026-06-15,Δ vs WPP -0.01
PRT,1974,2.69,NSO published (national vital statistics / Eurostat),,2026-06-15,HIGH,NSO_TFR_RESOURCE_2026_06,2026-06-15,Δ vs WPP -0.01
PRT,1975,2.75,NSO published (national vital statistics / Eurostat),,2026-06-15,HIGH,NSO_TFR_RESOURCE_2026_06,2026-06-15,Δ vs WPP -0.00
PRT,1976,2.81,NSO published (national vital statistics / Eurostat),,2026-06-15,HIGH,NSO_TFR_RESOURCE_2026_06,2026-06-15,Δ vs WPP +0.00
PRT,1977,2.68,NSO published (national vital statistics / Eurostat),,2026-06-15,HIGH,NSO_TFR_RESOURCE_2026_06,2026-06-15,Δ vs WPP -0.00
PRT,1978,2.45,NSO published (national vital statistics / Eurostat),,2026-06-15,HIGH,NSO_TFR_RESOURCE_2026_06,2026-06-15,Δ vs WPP -0.00
PRT,1979,2.31,NSO published (national vital statistics / Eurostat),,2026-06-15,HIGH,NSO_TFR_RESOURCE_2026_06,2026-06-15,Δ vs WPP -0.00
PRT,1980,2.25,NSO published (national vital statistics / Eurostat),,2026-06-15,HIGH,NSO_TFR_RESOURCE_2026_06,2026-06-15,Δ vs WPP +0.00
PRT,1981,2.13,NSO published (national vital statistics / Eurostat),,2026-06-15,HIGH,NSO_TFR_RESOURCE_2026_06,2026-06-15,Δ vs WPP -0.00
PRT,1982,2.08,NSO published (national vital statistics / Eurostat),,2026-06-15,HIGH,NSO_TFR_RESOURCE_2026_06,2026-06-15,Δ vs WPP +0.01
PRT,1983,1.96,NSO published (national vital statistics / Eurostat),,2026-06-15,HIGH,NSO_TFR_RESOURCE_2026_06,2026-06-15,Δ vs WPP +0.00
PRT,1984,1.91,NSO published (national vital statistics / Eurostat),,2026-06-15,HIGH,NSO_TFR_RESOURCE_2026_06,2026-06-15,Δ vs WPP +0.01
PRT,1985,1.73,NSO published (national vital statistics / Eurostat),,2026-06-15,HIGH,NSO_TFR_RESOURCE_2026_06,2026-06-15,Δ vs WPP +0.00
PRT,1986,1.67,NSO published (national vital statistics / Eurostat),,2026-06-15,HIGH,NSO_TFR_RESOURCE_2026_06,2026-06-15,Δ vs WPP +0.01
PRT,1987,1.63,NSO published (national vital statistics / Eurostat),,2026-06-15,HIGH,NSO_TFR_RESOURCE_2026_06,2026-06-15,Δ vs WPP +0.01
PRT,1988,1.62,NSO published (national vital statistics / Eurostat),,2026-06-15,HIGH,NSO_TFR_RESOURCE_2026_06,2026-06-15,Δ vs WPP +0.01
PRT,1989,1.58,NSO published (national vital statistics / Eurostat),,2026-06-15,HIGH,NSO_TFR_RESOURCE_2026_06,2026-06-15,Δ vs WPP +0.01
PRT,1990,1.57,NSO published (national vital statistics / Eurostat),,2026-06-15,HIGH,NSO_TFR_RESOURCE_2026_06,2026-06-15,Δ vs WPP +0.01
PRT,1991,1.56,NSO published (national vital statistics / Eurostat),,2026-06-15,HIGH,NSO_TFR_RESOURCE_2026_06,2026-06-15,Δ vs WPP +0.00
PRT,1992,1.54,NSO published (national vital statistics / Eurostat),,2026-06-15,HIGH,NSO_TFR_RESOURCE_2026_06,2026-06-15,Δ vs WPP +0.00
PRT,1993,1.52,NSO published (national vital statistics / Eurostat),,2026-06-15,HIGH,NSO_TFR_RESOURCE_2026_06,2026-06-15,Δ vs WPP +0.01
PRT,1994,1.45,NSO published (national vital statistics / Eurostat),,2026-06-15,HIGH,NSO_TFR_RESOURCE_2026_06,2026-06-15,Δ vs WPP +0.01
PRT,1995,1.41,NSO published (national vital statistics / Eurostat),,2026-06-15,HIGH,NSO_TFR_RESOURCE_2026_06,2026-06-15,Δ vs WPP -0.00
PRT,1996,1.45,NSO published (national vital statistics / Eurostat),,2026-06-15,HIGH,NSO_TFR_RESOURCE_2026_06,2026-06-15,Δ vs WPP +0.01
PRT,1997,1.47,NSO published (national vital statistics / Eurostat),,2026-06-15,HIGH,NSO_TFR_RESOURCE_2026_06,2026-06-15,Δ vs WPP +0.00
PRT,1998,1.48,NSO published (national vital statistics / Eurostat),,2026-06-15,HIGH,NSO_TFR_RESOURCE_2026_06,2026-06-15,Δ vs WPP +0.01
PRT,1999,1.51,NSO published (national vital statistics / Eurostat),,2026-06-15,HIGH,NSO_TFR_RESOURCE_2026_06,2026-06-15,Δ vs WPP +0.01
PRT,2000,1.55,NSO published (national vital statistics / Eurostat),,2026-06-15,HIGH,NSO_TFR_RESOURCE_2026_06,2026-06-15,Δ vs WPP +0.01
PRT,2001,1.45,NSO published (national vital statistics / Eurostat),,2026-06-15,HIGH,NSO_TFR_RESOURCE_2026_06,2026-06-15,Δ vs WPP -0.01
PRT,2002,1.47,NSO published (national vital statistics / Eurostat),,2026-06-15,HIGH,NSO_TFR_RESOURCE_2026_06,2026-06-15,Δ vs WPP +0.01
PRT,2003,1.44,NSO published (national vital statistics / Eurostat),,2026-06-15,HIGH,NSO_TFR_RESOURCE_2026_06,2026-06-15,Δ vs WPP +0.00
PRT,2004,1.41,NSO published (national vital statistics / Eurostat),,2026-06-15,HIGH,NSO_TFR_RESOURCE_2026_06,2026-06-15,Δ vs WPP +0.00
PRT,2005,1.42,NSO published (national vital statistics / Eurostat),,2026-06-15,HIGH,NSO_TFR_RESOURCE_2026_06,2026-06-15,Δ vs WPP +0.01
PRT,2006,1.38,NSO published (national vital statistics / Eurostat),,2026-06-15,HIGH,NSO_TFR_RESOURCE_2026_06,2026-06-15,Δ vs WPP +0.01
PRT,2007,1.35,NSO published (national vital statistics / Eurostat),,2026-06-15,HIGH,NSO_TFR_RESOURCE_2026_06,2026-06-15,Δ vs WPP -0.00
PRT,2008,1.4,NSO published (national vital statistics / Eurostat),,2026-06-15,HIGH,NSO_TFR_RESOURCE_2026_06,2026-06-15,Δ vs WPP +0.02
PRT,2009,1.35,NSO published (national vital statistics / Eurostat),,2026-06-15,HIGH,NSO_TFR_RESOURCE_2026_06,2026-06-15,Δ vs WPP +0.00
PRT,2010,1.39,NSO published (national vital statistics / Eurostat),,2026-06-15,HIGH,NSO_TFR_RESOURCE_2026_06,2026-06-15,Δ vs WPP +0.01
PRT,2011,1.35,NSO published (national vital statistics / Eurostat),,2026-06-15,HIGH,NSO_TFR_RESOURCE_2026_06,2026-06-15,Δ vs WPP +0.01
PRT,2012,1.28,NSO published (national vital statistics / Eurostat),,2026-06-15,HIGH,NSO_TFR_RESOURCE_2026_06,2026-06-15,Δ vs WPP +0.00
PRT,2013,1.21,NSO published (national vital statistics / Eurostat),,2026-06-15,HIGH,NSO_TFR_RESOURCE_2026_06,2026-06-15,Δ vs WPP -0.00
PRT,2014,1.23,NSO published (national vital statistics / Eurostat),,2026-06-15,HIGH,NSO_TFR_RESOURCE_2026_06,2026-06-15,Δ vs WPP -0.00
PRT,2015,1.3,NSO published (national vital statistics / Eurostat),,2026-06-15,HIGH,NSO_TFR_RESOURCE_2026_06,2026-06-15,Δ vs WPP -0.00
PRT,2016,1.36,NSO published (national vital statistics / Eurostat),,2026-06-15,HIGH,NSO_TFR_RESOURCE_2026_06,2026-06-15,Δ vs WPP +0.00
PRT,2017,1.37,NSO published (national vital statistics / Eurostat),,2026-06-15,HIGH,NSO_TFR_RESOURCE_2026_06,2026-06-15,Δ vs WPP -0.01
PRT,2018,1.41,NSO published (national vital statistics / Eurostat),,2026-06-15,HIGH,NSO_TFR_RESOURCE_2026_06,2026-06-15,Δ vs WPP -0.00
PRT,2019,1.42,NSO published (national vital statistics / Eurostat),,2026-06-15,HIGH,NSO_TFR_RESOURCE_2026_06,2026-06-15,Δ vs WPP -0.00
PRT,2020,1.4,NSO published (national vital statistics / Eurostat),,2026-06-15,HIGH,NSO_TFR_RESOURCE_2026_06,2026-06-15,Δ vs WPP -0.01
PRT,2021,1.34,NSO published (national vital statistics / Eurostat),,2026-06-15,HIGH,NSO_TFR_RESOURCE_2026_06,2026-06-15,Δ vs WPP +0.01
PRT,2022,1.42,Wikipedia: Demographics of [PRT] (vital statistics),,2026-05-13,HIGH,EDITOR_DECISION_2026_05_v2,2026-05-13,Δ vs WPP -0.03
PRT,2023,1.45,Wikipedia: Demographics of [PRT] (vital statistics),,2026-05-13,HIGH,EDITOR_DECISION_2026_05_v2,2026-05-13,Δ vs WPP -0.07
PRT,2024,1.4,Wikipedia: Demographics of [PRT] (vital statistics),,2026-05-13,MEDIUM,EDITOR_DECISION_2026_05_v2,2026-05-13,Δ vs WPP -0.11. Editor certainty: Recheck
PRT,2025,1.46,"Wikipedia (TFR from observed births × local-window ratio, outlier-filtered)",,2026-05-14,HIGH,CALCNEW_V7_FRESH,2026-05-14,"Calc New v7 (v7_births_4anchor_±5y). R=0.000017, anchors=[(2020, 84530.0, 1.4, 1.656e-05), (2021, 79582.0, 1.34, 1.684e-05), (2022, 83671.0, 1.42, 1.697e-05), (2024, 84642.0, 1.4, 1.654e-05)], dropped=[], window=±5y. Wiki-observed births 2025: 87,764."
PRY,2020,2.41,Wikipedia: Demographics of [PRY] (vital statistics),,2026-05-13,HIGH,EDITOR_DECISION_2026_05_v2,2026-05-13,Δ vs WPP -0.09
PRY,2021,2.76,"Wikipedia (TFR from observed births × local-window ratio, outlier-filtered)",,2026-05-14,HIGH,CALCNEW_V7_FRESH,2026-05-14,"Calc New v7 (v7_births_2anchor_±5y). R=0.000024, anchors=[(2020, 95649.0, 2.41, 2.52e-05), (2024, 88394.0, 1.95, 2.206e-05)], dropped=[], window=±5y. Wiki-observed births 2021: 112,966."
PRY,2022,2.65,"Wikipedia (TFR from observed births × local-window ratio, outlier-filtered)",,2026-05-14,HIGH,CALCNEW_V7_FRESH,2026-05-14,"Calc New v7 (v7_births_2anchor_±5y). R=0.000024, anchors=[(2020, 95649.0, 2.41, 2.52e-05), (2024, 88394.0, 1.95, 2.206e-05)], dropped=[], window=±5y. Wiki-observed births 2022: 111,992."
PRY,2023,2.28,"Wikipedia (TFR from observed births × local-window ratio, outlier-filtered)",,2026-05-14,HIGH,CALCNEW_V7_FRESH,2026-05-14,"Calc New v7 (v7_births_2anchor_±5y). R=0.000023, anchors=[(2020, 95649.0, 2.41, 2.52e-05), (2024, 88394.0, 1.95, 2.206e-05)], dropped=[], window=±5y. Wiki-observed births 2023: 99,965."
PRY,2024,1.95,Wikipedia: Demographics of [PRY] (vital statistics),,2026-05-13,MEDIUM,EDITOR_DECISION_2026_05_v2,2026-05-13,Δ vs WPP -0.47. Editor certainty: Recheck
PRY,2025,1.9,Wikipedia (bidirectional TFR interpolation),,2026-05-14,MEDIUM,CALCNEW_V7_FRESH,2026-05-14,Calc New v7 (tfr_extrap_fwd). 
PYF,1984,3.762,NSO published (national vital statistics / Eurostat),,2026-06-15,HIGH,NSO_TFR_RESOURCE_2026_06,2026-06-15,Δ vs WPP -0.07
PYF,1985,3.792,NSO published (national vital statistics / Eurostat),,2026-06-15,HIGH,NSO_TFR_RESOURCE_2026_06,2026-06-15,Δ vs WPP -0.07
PYF,1986,3.645,NSO published (national vital statistics / Eurostat),,2026-06-15,HIGH,NSO_TFR_RESOURCE_2026_06,2026-06-15,Δ vs WPP -0.07
PYF,1987,3.527,NSO published (national vital statistics / Eurostat),,2026-06-15,HIGH,NSO_TFR_RESOURCE_2026_06,2026-06-15,Δ vs WPP -0.09
PYF,1988,3.674,NSO published (national vital statistics / Eurostat),,2026-06-15,HIGH,NSO_TFR_RESOURCE_2026_06,2026-06-15,Δ vs WPP -0.07
PYF,1989,3.418,NSO published (national vital statistics / Eurostat),,2026-06-15,HIGH,NSO_TFR_RESOURCE_2026_06,2026-06-15,Δ vs WPP -0.07
PYF,1990,3.394,NSO published (national vital statistics / Eurostat),,2026-06-15,HIGH,NSO_TFR_RESOURCE_2026_06,2026-06-15,Δ vs WPP -0.04
PYF,1991,3.213,NSO published (national vital statistics / Eurostat),,2026-06-15,HIGH,NSO_TFR_RESOURCE_2026_06,2026-06-15,Δ vs WPP -0.05
PYF,1992,3.104,NSO published (national vital statistics / Eurostat),,2026-06-15,HIGH,NSO_TFR_RESOURCE_2026_06,2026-06-15,Δ vs WPP -0.05
PYF,1993,3.049,NSO published (national vital statistics / Eurostat),,2026-06-15,HIGH,NSO_TFR_RESOURCE_2026_06,2026-06-15,Δ vs WPP -0.03
PYF,1994,2.902,NSO published (national vital statistics / Eurostat),,2026-06-15,HIGH,NSO_TFR_RESOURCE_2026_06,2026-06-15,Δ vs WPP -0.04
PYF,1995,2.734,NSO published (national vital statistics / Eurostat),,2026-06-15,HIGH,NSO_TFR_RESOURCE_2026_06,2026-06-15,Δ vs WPP -0.05
PYF,1996,2.682,NSO published (national vital statistics / Eurostat),,2026-06-15,HIGH,NSO_TFR_RESOURCE_2026_06,2026-06-15,Δ vs WPP -0.03
PYF,1997,2.567,NSO published (national vital statistics / Eurostat),,2026-06-15,HIGH,NSO_TFR_RESOURCE_2026_06,2026-06-15,Δ vs WPP -0.02
PYF,1998,2.457,NSO published (national vital statistics / Eurostat),,2026-06-15,HIGH,NSO_TFR_RESOURCE_2026_06,2026-06-15,Δ vs WPP -0.03
PYF,1999,2.564,NSO published (national vital statistics / Eurostat),,2026-06-15,HIGH,NSO_TFR_RESOURCE_2026_06,2026-06-15,Δ vs WPP -0.02
PYF,2000,2.574,NSO published (national vital statistics / Eurostat),,2026-06-15,HIGH,NSO_TFR_RESOURCE_2026_06,2026-06-15,Δ vs WPP -0.02
PYF,2001,2.495,NSO published (national vital statistics / Eurostat),,2026-06-15,HIGH,NSO_TFR_RESOURCE_2026_06,2026-06-15,Δ vs WPP -0.03
PYF,2002,2.405,NSO published (national vital statistics / Eurostat),,2026-06-15,HIGH,NSO_TFR_RESOURCE_2026_06,2026-06-15,Δ vs WPP -0.02
PYF,2003,2.236,NSO published (national vital statistics / Eurostat),,2026-06-15,HIGH,NSO_TFR_RESOURCE_2026_06,2026-06-15,Δ vs WPP -0.02
PYF,2004,2.181,NSO published (national vital statistics / Eurostat),,2026-06-15,HIGH,NSO_TFR_RESOURCE_2026_06,2026-06-15,Δ vs WPP -0.02
PYF,2005,2.166,NSO published (national vital statistics / Eurostat),,2026-06-15,HIGH,NSO_TFR_RESOURCE_2026_06,2026-06-15,Δ vs WPP -0.01
PYF,2006,2.198,NSO published (national vital statistics / Eurostat),,2026-06-15,HIGH,NSO_TFR_RESOURCE_2026_06,2026-06-15,Δ vs WPP -0.02
PYF,2007,2.103,NSO published (national vital statistics / Eurostat),,2026-06-15,HIGH,NSO_TFR_RESOURCE_2026_06,2026-06-15,Δ vs WPP -0.02
PYF,2008,2.183,NSO published (national vital statistics / Eurostat),,2026-06-15,HIGH,NSO_TFR_RESOURCE_2026_06,2026-06-15,Δ vs WPP -0.01
PYF,2009,2.14,NSO published (national vital statistics / Eurostat),,2026-06-15,HIGH,NSO_TFR_RESOURCE_2026_06,2026-06-15,Δ vs WPP -0.01
PYF,2010,2.152,NSO published (national vital statistics / Eurostat),,2026-06-15,HIGH,NSO_TFR_RESOURCE_2026_06,2026-06-15,Δ vs WPP -0.01
PYF,2011,2.037,NSO published (national vital statistics / Eurostat),,2026-06-15,HIGH,NSO_TFR_RESOURCE_2026_06,2026-06-15,Δ vs WPP -0.02
PYF,2012,2.004,NSO published (national vital statistics / Eurostat),,2026-06-15,HIGH,NSO_TFR_RESOURCE_2026_06,2026-06-15,Δ vs WPP -0.02
PYF,2013,1.95,NSO published (national vital statistics / Eurostat),,2026-06-15,HIGH,NSO_TFR_RESOURCE_2026_06,2026-06-15,Δ vs WPP +0.01
PYF,2014,1.947,NSO published (national vital statistics / Eurostat),,2026-06-15,HIGH,NSO_TFR_RESOURCE_2026_06,2026-06-15,Δ vs WPP -0.01
PYF,2015,1.829,NSO published (national vital statistics / Eurostat),,2026-06-15,HIGH,NSO_TFR_RESOURCE_2026_06,2026-06-15,Δ vs WPP -0.04
PYF,2016,1.869,ISPF (French Polynesia),https://www.ispf.pf/,2026-05-13,HIGH,EDITOR_DECISION_2026_05_v2,2026-05-13,Δ vs WPP +0.11. Editor certainty: Materially Higher
PYF,2017,1.806,ISPF (French Polynesia),https://www.ispf.pf/,2026-05-13,HIGH,EDITOR_DECISION_2026_05_v2,2026-05-13,Δ vs WPP +0.14. Editor certainty: Materially Higher
PYF,2018,1.82,ISPF (French Polynesia),https://www.ispf.pf/,2026-05-13,HIGH,EDITOR_DECISION_2026_05_v2,2026-05-13,Δ vs WPP +0.17. Editor certainty: Materially Higher
PYF,2019,1.759,ISPF (French Polynesia),https://www.ispf.pf/,2026-05-13,HIGH,EDITOR_DECISION_2026_05_v2,2026-05-13,Δ vs WPP +0.19. Editor certainty: Materially Higher
PYF,2020,1.812,ISPF (French Polynesia),https://www.ispf.pf/,2026-05-13,HIGH,EDITOR_DECISION_2026_05_v2,2026-05-13,Δ vs WPP +0.24. Editor certainty: Materially Higher
PYF,2021,1.824,ISPF (French Polynesia),https://www.ispf.pf/,2026-05-13,HIGH,EDITOR_DECISION_2026_05_v2,2026-05-13,Δ vs WPP +0.29. Editor certainty: Materially Higher
PYF,2022,1.796,ISPF (French Polynesia),https://www.ispf.pf/,2026-05-13,HIGH,EDITOR_DECISION_2026_05_v2,2026-05-13,Δ vs WPP +0.29. Editor certainty: Materially Higher
PYF,2023,1.76,ISPF (French Polynesia),https://www.ispf.pf/,2026-05-13,HIGH,EDITOR_DECISION_2026_05_v2,2026-05-13,Δ vs WPP +0.26. Editor certainty: Materially Higher
PYF,2024,1.663,ISPF (French Polynesia),https://www.ispf.pf/,2026-05-13,HIGH,EDITOR_DECISION_2026_05_v2,2026-05-13,Δ vs WPP +0.17. Editor certainty: Materially Higher
PYF,2025,1.61,Wikipedia (bidirectional TFR interpolation),,2026-05-14,MEDIUM,CALCNEW_V7_FRESH,2026-05-14,Calc New v7 (tfr_extrap_fwd). 
QAT,2004,2.78,NSO published (national vital statistics / Eurostat),,2026-06-15,HIGH,NSO_TFR_RESOURCE_2026_06,2026-06-15,Δ vs WPP -0.01
QAT,2005,2.62,NSO published (national vital statistics / Eurostat),,2026-06-15,HIGH,NSO_TFR_RESOURCE_2026_06,2026-06-15,Δ vs WPP -0.01
QAT,2006,2.48,NSO published (national vital statistics / Eurostat),,2026-06-15,HIGH,NSO_TFR_RESOURCE_2026_06,2026-06-15,Δ vs WPP -0.03
QAT,2007,2.45,NSO published (national vital statistics / Eurostat),,2026-06-15,HIGH,NSO_TFR_RESOURCE_2026_06,2026-06-15,Δ vs WPP +0.01
QAT,2008,2.43,NSO published (national vital statistics / Eurostat),,2026-06-15,HIGH,NSO_TFR_RESOURCE_2026_06,2026-06-15,Δ vs WPP +0.06
QAT,2009,2.28,NSO published (national vital statistics / Eurostat),,2026-06-15,HIGH,NSO_TFR_RESOURCE_2026_06,2026-06-15,Δ vs WPP +0.03
QAT,2010,2.08,NSO published (national vital statistics / Eurostat),,2026-06-15,HIGH,NSO_TFR_RESOURCE_2026_06,2026-06-15,Δ vs WPP -0.06
QAT,2011,2.12,NSO published (national vital statistics / Eurostat),,2026-06-15,HIGH,NSO_TFR_RESOURCE_2026_06,2026-06-15,Δ vs WPP +0.05
QAT,2012,2.05,NSO published (national vital statistics / Eurostat),,2026-06-15,HIGH,NSO_TFR_RESOURCE_2026_06,2026-06-15,Δ vs WPP +0.01
QAT,2013,2,NSO published (national vital statistics / Eurostat),,2026-06-15,HIGH,NSO_TFR_RESOURCE_2026_06,2026-06-15,Δ vs WPP -0.03
QAT,2014,2,NSO published (national vital statistics / Eurostat),,2026-06-15,HIGH,NSO_TFR_RESOURCE_2026_06,2026-06-15,Δ vs WPP -0.03
QAT,2015,2,NSO published (national vital statistics / Eurostat),,2026-06-15,HIGH,NSO_TFR_RESOURCE_2026_06,2026-06-15,Δ vs WPP +0.02
QAT,2016,1.85,NSO published (national vital statistics / Eurostat),,2026-06-15,HIGH,NSO_TFR_RESOURCE_2026_06,2026-06-15,Δ vs WPP -0.01
QAT,2017,1.83,NSO published (national vital statistics / Eurostat),,2026-06-15,HIGH,NSO_TFR_RESOURCE_2026_06,2026-06-15,Δ vs WPP -0.00
QAT,2018,1.75,NSO published (national vital statistics / Eurostat),,2026-06-15,HIGH,NSO_TFR_RESOURCE_2026_06,2026-06-15,Δ vs WPP -0.01
QAT,2019,1.73,NSO published (national vital statistics / Eurostat),,2026-06-15,HIGH,NSO_TFR_RESOURCE_2026_06,2026-06-15,Δ vs WPP -0.00
QAT,2020,1.67,NSO published (national vital statistics / Eurostat),,2026-06-15,HIGH,NSO_TFR_RESOURCE_2026_06,2026-06-15,Δ vs WPP -0.01
QAT,2021,1.6,NSO published (national vital statistics / Eurostat),,2026-06-15,HIGH,NSO_TFR_RESOURCE_2026_06,2026-06-15,Δ vs WPP -0.01
QAT,2022,1.51,Wikipedia: Demographics of [QAT] (vital statistics),,2026-05-13,HIGH,EDITOR_DECISION_2026_05_v2,2026-05-13,Δ vs WPP -0.23
QAT,2023,1.61,"Wikipedia (TFR from observed births × local-window ratio, outlier-filtered)",,2026-05-14,HIGH,CALCNEW_V7_FRESH,2026-05-14,"Calc New v7 (v7_births_5anchor_±5y). R=0.000059, anchors=[(2018, 28069.0, 1.75, 6.235e-05), (2019, 28412.0, 1.73, 6.089e-05), (2020, 29015.0, 1.67, 5.756e-05), (2021, 26338.0, 1.6, 6.075e-05), (2022, 26316.0, 1.51, 5.738e-05)], dropped=[], window=±5y. Wiki-observed births 2023: 27,322."
QAT,2024,1.41,Wikipedia (bidirectional TFR interpolation),,2026-05-14,MEDIUM,CALCNEW_V7_FRESH,2026-05-14,Calc New v7 (tfr_extrap_fwd). 
QAT,2025,1.36,Wikipedia (bidirectional TFR interpolation),,2026-05-14,MEDIUM,CALCNEW_V7_FRESH,2026-05-14,Calc New v7 (tfr_extrap_fwd). 
REU,1991,2.56,NSO published (national vital statistics / Eurostat),,2026-06-15,HIGH,NSO_TFR_RESOURCE_2026_06,2026-06-15,Δ vs WPP -0.01
REU,1992,2.55,NSO published (national vital statistics / Eurostat),,2026-06-15,HIGH,NSO_TFR_RESOURCE_2026_06,2026-06-15,Δ vs WPP +0.00
REU,1993,2.38,NSO published (national vital statistics / Eurostat),,2026-06-15,HIGH,NSO_TFR_RESOURCE_2026_06,2026-06-15,Δ vs WPP -0.01
REU,1994,2.33,NSO published (national vital statistics / Eurostat),,2026-06-15,HIGH,NSO_TFR_RESOURCE_2026_06,2026-06-15,Δ vs WPP +0.00
REU,1995,2.27,NSO published (national vital statistics / Eurostat),,2026-06-15,HIGH,NSO_TFR_RESOURCE_2026_06,2026-06-15,Δ vs WPP -0.00
REU,1996,2.25,NSO published (national vital statistics / Eurostat),,2026-06-15,HIGH,NSO_TFR_RESOURCE_2026_06,2026-06-15,Δ vs WPP -0.01
REU,1997,2.35,NSO published (national vital statistics / Eurostat),,2026-06-15,HIGH,NSO_TFR_RESOURCE_2026_06,2026-06-15,Δ vs WPP +0.01
REU,1998,2.31,NSO published (national vital statistics / Eurostat),,2026-06-15,HIGH,NSO_TFR_RESOURCE_2026_06,2026-06-15,Δ vs WPP -0.00
REU,1999,2.33,NSO published (national vital statistics / Eurostat),,2026-06-15,HIGH,NSO_TFR_RESOURCE_2026_06,2026-06-15,Δ vs WPP -0.01
REU,2000,2.51,NSO published (national vital statistics / Eurostat),,2026-06-15,HIGH,NSO_TFR_RESOURCE_2026_06,2026-06-15,Δ vs WPP +0.01
REU,2001,2.45,NSO published (national vital statistics / Eurostat),,2026-06-15,HIGH,NSO_TFR_RESOURCE_2026_06,2026-06-15,Δ vs WPP -0.00
REU,2002,2.41,NSO published (national vital statistics / Eurostat),,2026-06-15,HIGH,NSO_TFR_RESOURCE_2026_06,2026-06-15,Δ vs WPP -0.00
REU,2003,2.43,NSO published (national vital statistics / Eurostat),,2026-06-15,HIGH,NSO_TFR_RESOURCE_2026_06,2026-06-15,Δ vs WPP +0.00
REU,2004,2.45,NSO published (national vital statistics / Eurostat),,2026-06-15,HIGH,NSO_TFR_RESOURCE_2026_06,2026-06-15,Δ vs WPP -0.00
REU,2005,2.49,NSO published (national vital statistics / Eurostat),,2026-06-15,HIGH,NSO_TFR_RESOURCE_2026_06,2026-06-15,Δ vs WPP +0.00
REU,2006,2.44,NSO published (national vital statistics / Eurostat),,2026-06-15,HIGH,NSO_TFR_RESOURCE_2026_06,2026-06-15,Δ vs WPP -0.00
REU,2007,2.47,NSO published (national vital statistics / Eurostat),,2026-06-15,HIGH,NSO_TFR_RESOURCE_2026_06,2026-06-15,Δ vs WPP +0.00
REU,2008,2.47,NSO published (national vital statistics / Eurostat),,2026-06-15,HIGH,NSO_TFR_RESOURCE_2026_06,2026-06-15,Δ vs WPP +0.00
REU,2009,2.37,NSO published (national vital statistics / Eurostat),,2026-06-15,HIGH,NSO_TFR_RESOURCE_2026_06,2026-06-15,Δ vs WPP +0.00
REU,2010,2.36,NSO published (national vital statistics / Eurostat),,2026-06-15,HIGH,NSO_TFR_RESOURCE_2026_06,2026-06-15,Δ vs WPP +0.17
REU,2011,2.37,NSO published (national vital statistics / Eurostat),,2026-06-15,HIGH,NSO_TFR_RESOURCE_2026_06,2026-06-15,Δ vs WPP +0.18
REU,2012,2.43,NSO published (national vital statistics / Eurostat),,2026-06-15,HIGH,NSO_TFR_RESOURCE_2026_06,2026-06-15,Δ vs WPP +0.20
REU,2013,2.41,NSO published (national vital statistics / Eurostat),,2026-06-15,HIGH,NSO_TFR_RESOURCE_2026_06,2026-06-15,Δ vs WPP +0.19
REU,2014,2.44,NSO published (national vital statistics / Eurostat),,2026-06-15,HIGH,NSO_TFR_RESOURCE_2026_06,2026-06-15,Δ vs WPP +0.20
REU,2015,2.46,NSO published (national vital statistics / Eurostat),,2026-06-15,HIGH,NSO_TFR_RESOURCE_2026_06,2026-06-15,Δ vs WPP +0.22
REU,2016,2.43,Wikipedia: Demographics of [REU] (vital statistics),,2026-05-13,HIGH,EDITOR_DECISION_2026_05_v2,2026-05-13,Δ vs WPP +0.21
REU,2017,2.44,Wikipedia: Demographics of [REU] (vital statistics),,2026-05-13,HIGH,EDITOR_DECISION_2026_05_v2,2026-05-13,Δ vs WPP +0.21
REU,2018,2.39,Wikipedia: Demographics of [REU] (vital statistics),,2026-05-13,HIGH,EDITOR_DECISION_2026_05_v2,2026-05-13,Δ vs WPP +0.23
REU,2019,2.36,Wikipedia: Demographics of [REU] (vital statistics),,2026-05-13,HIGH,EDITOR_DECISION_2026_05_v2,2026-05-13,Δ vs WPP +0.23
REU,2020,2.36,Wikipedia: Demographics of [REU] (vital statistics),,2026-05-13,HIGH,EDITOR_DECISION_2026_05_v2,2026-05-13,Δ vs WPP +0.21
REU,2021,2.42,Wikipedia: Demographics of [REU] (vital statistics),,2026-05-13,HIGH,EDITOR_DECISION_2026_05_v2,2026-05-13,Δ vs WPP +0.23
REU,2022,2.37,Wikipedia: Demographics of [REU] (vital statistics),,2026-05-13,HIGH,EDITOR_DECISION_2026_05_v2,2026-05-13,Δ vs WPP +0.18
REU,2023,2.32,Wikipedia: Demographics of [REU] (vital statistics),,2026-05-13,HIGH,EDITOR_DECISION_2026_05_v2,2026-05-13,Δ vs WPP +0.15
REU,2024,2.12,Wikipedia: Demographics of [REU] (vital statistics),,2026-05-13,HIGH,EDITOR_DECISION_2026_05_v2,2026-05-13,Δ vs WPP -0.03
REU,2025,2.07,Wikipedia (bidirectional TFR interpolation),,2026-05-14,MEDIUM,CALCNEW_V7_FRESH,2026-05-14,Calc New v7 (tfr_extrap_fwd). 
ROU,2016,1.69,NSO published (national vital statistics / Eurostat),,2026-06-15,HIGH,NSO_TFR_RESOURCE_2026_06,2026-06-15,Δ vs WPP -0.00
ROU,2017,1.78,NSO published (national vital statistics / Eurostat),,2026-06-15,HIGH,NSO_TFR_RESOURCE_2026_06,2026-06-15,Δ vs WPP +0.01
ROU,2018,1.76,Wikipedia: Demographics of [ROU] (vital statistics),,2026-05-13,HIGH,EDITOR_DECISION_2026_05_v2,2026-05-13,Δ vs WPP +0.06
ROU,2019,1.77,Wikipedia: Demographics of [ROU] (vital statistics),,2026-05-13,HIGH,EDITOR_DECISION_2026_05_v2,2026-05-13,Δ vs WPP +0.15
ROU,2020,1.8,Wikipedia: Demographics of [ROU] (vital statistics),,2026-05-13,HIGH,EDITOR_DECISION_2026_05_v2,2026-05-13,Δ vs WPP +0.07
ROU,2021,1.81,Wikipedia: Demographics of [ROU] (vital statistics),,2026-05-13,HIGH,EDITOR_DECISION_2026_05_v2,2026-05-13,Δ vs WPP +0.09
ROU,2022,1.75,NSO published (national vital statistics / Eurostat),,2026-06-15,HIGH,NSO_TFR_RESOURCE_2026_06,2026-06-15,Δ vs WPP +0.03
ROU,2023,1.54,Wikipedia: Demographics of [ROU] (vital statistics),,2026-05-13,HIGH,EDITOR_DECISION_2026_05_v2,2026-05-13,Δ vs WPP -0.17
ROU,2024,1.39,Wikipedia: Demographics of [ROU] (vital statistics),,2026-05-13,MEDIUM,EDITOR_DECISION_2026_05_v2,2026-05-13,Δ vs WPP -0.32. Editor certainty: Recheck
ROU,2025,1.35,Wikipedia: Demographics of [ROU] (vital statistics),,2026-05-13,MEDIUM,EDITOR_DECISION_2026_05_v2,2026-05-13,Δ vs WPP -0.36. Editor certainty: Recheck
RUS,2022,1.42,Wikipedia: Demographics of [RUS] (vital statistics),,2026-05-13,HIGH,EDITOR_DECISION_2026_05_v2,2026-05-13,Δ vs WPP -0.03
RUS,2023,1.41,Wikipedia: Demographics of [RUS] (vital statistics),,2026-05-13,HIGH,EDITOR_DECISION_2026_05_v2,2026-05-13,Δ vs WPP -0.04
RUS,2024,1.4,Wikipedia: Demographics of [RUS] (vital statistics),,2026-05-13,MEDIUM,EDITOR_DECISION_2026_05_v2,2026-05-13,Δ vs WPP -0.06. Editor certainty: Recheck
RUS,2025,1.37,Wikipedia: Demographics of [RUS] (vital statistics),,2026-05-13,MEDIUM,EDITOR_DECISION_2026_05_v2,2026-05-13,Δ vs WPP -0.09. Editor certainty: Recheck
SAU,1965,7.66,NSO published (national vital statistics / Eurostat),,2026-06-15,HIGH,NSO_TFR_RESOURCE_2026_06,2026-06-15,Δ vs WPP +0.00
SAU,1966,7.66,NSO published (national vital statistics / Eurostat),,2026-06-15,HIGH,NSO_TFR_RESOURCE_2026_06,2026-06-15,Δ vs WPP +0.00
SAU,1967,7.66,NSO published (national vital statistics / Eurostat),,2026-06-15,HIGH,NSO_TFR_RESOURCE_2026_06,2026-06-15,Δ vs WPP +0.00
SAU,1968,7.63,NSO published (national vital statistics / Eurostat),,2026-06-15,HIGH,NSO_TFR_RESOURCE_2026_06,2026-06-15,Δ vs WPP +0.00
SAU,1969,7.6,NSO published (national vital statistics / Eurostat),,2026-06-15,HIGH,NSO_TFR_RESOURCE_2026_06,2026-06-15,Δ vs WPP +0.00
SAU,1970,7.58,NSO published (national vital statistics / Eurostat),,2026-06-15,HIGH,NSO_TFR_RESOURCE_2026_06,2026-06-15,Δ vs WPP -0.00
SAU,1971,7.56,NSO published (national vital statistics / Eurostat),,2026-06-15,HIGH,NSO_TFR_RESOURCE_2026_06,2026-06-15,Δ vs WPP +0.00
SAU,1973,7.48,NSO published (national vital statistics / Eurostat),,2026-06-15,HIGH,NSO_TFR_RESOURCE_2026_06,2026-06-15,Δ vs WPP -0.00
SAU,1974,7.43,NSO published (national vital statistics / Eurostat),,2026-06-15,HIGH,NSO_TFR_RESOURCE_2026_06,2026-06-15,Δ vs WPP +0.00
SAU,1975,7.37,NSO published (national vital statistics / Eurostat),,2026-06-15,HIGH,NSO_TFR_RESOURCE_2026_06,2026-06-15,Δ vs WPP -0.00
SAU,1976,7.33,NSO published (national vital statistics / Eurostat),,2026-06-15,HIGH,NSO_TFR_RESOURCE_2026_06,2026-06-15,Δ vs WPP +0.00
SAU,1977,7.3,NSO published (national vital statistics / Eurostat),,2026-06-15,HIGH,NSO_TFR_RESOURCE_2026_06,2026-06-15,Δ vs WPP +0.00
SAU,1978,7.26,NSO published (national vital statistics / Eurostat),,2026-06-15,HIGH,NSO_TFR_RESOURCE_2026_06,2026-06-15,Δ vs WPP -0.00
SAU,1979,7.23,NSO published (national vital statistics / Eurostat),,2026-06-15,HIGH,NSO_TFR_RESOURCE_2026_06,2026-06-15,Δ vs WPP +0.00
SAU,1980,7.19,NSO published (national vital statistics / Eurostat),,2026-06-15,HIGH,NSO_TFR_RESOURCE_2026_06,2026-06-15,Δ vs WPP +0.05
SAU,1981,7.13,NSO published (national vital statistics / Eurostat),,2026-06-15,HIGH,NSO_TFR_RESOURCE_2026_06,2026-06-15,Δ vs WPP +0.06
SAU,1982,7.05,NSO published (national vital statistics / Eurostat),,2026-06-15,HIGH,NSO_TFR_RESOURCE_2026_06,2026-06-15,Δ vs WPP +0.07
SAU,1983,6.95,NSO published (national vital statistics / Eurostat),,2026-06-15,HIGH,NSO_TFR_RESOURCE_2026_06,2026-06-15,Δ vs WPP +0.07
SAU,1984,6.84,NSO published (national vital statistics / Eurostat),,2026-06-15,HIGH,NSO_TFR_RESOURCE_2026_06,2026-06-15,Δ vs WPP +0.06
SAU,1985,6.7,NSO published (national vital statistics / Eurostat),,2026-06-15,HIGH,NSO_TFR_RESOURCE_2026_06,2026-06-15,Δ vs WPP +0.05
SAU,1986,6.55,NSO published (national vital statistics / Eurostat),,2026-06-15,HIGH,NSO_TFR_RESOURCE_2026_06,2026-06-15,Δ vs WPP +0.03
SAU,1987,6.36,NSO published (national vital statistics / Eurostat),,2026-06-15,HIGH,NSO_TFR_RESOURCE_2026_06,2026-06-15,Δ vs WPP +0.02
SAU,1988,6.17,NSO published (national vital statistics / Eurostat),,2026-06-15,HIGH,NSO_TFR_RESOURCE_2026_06,2026-06-15,Δ vs WPP +0.02
SAU,1989,6,NSO published (national vital statistics / Eurostat),,2026-06-15,HIGH,NSO_TFR_RESOURCE_2026_06,2026-06-15,Δ vs WPP +0.03
SAU,1990,5.83,NSO published (national vital statistics / Eurostat),,2026-06-15,HIGH,NSO_TFR_RESOURCE_2026_06,2026-06-15,Δ vs WPP +0.03
SAU,1991,5.66,NSO published (national vital statistics / Eurostat),,2026-06-15,HIGH,NSO_TFR_RESOURCE_2026_06,2026-06-15,Δ vs WPP +0.02
SAU,1992,5.49,NSO published (national vital statistics / Eurostat),,2026-06-15,HIGH,NSO_TFR_RESOURCE_2026_06,2026-06-15,Δ vs WPP +0.00
SAU,1993,5.32,NSO published (national vital statistics / Eurostat),,2026-06-15,HIGH,NSO_TFR_RESOURCE_2026_06,2026-06-15,Δ vs WPP -0.01
SAU,1994,5.14,NSO published (national vital statistics / Eurostat),,2026-06-15,HIGH,NSO_TFR_RESOURCE_2026_06,2026-06-15,Δ vs WPP -0.02
SAU,1995,4.95,NSO published (national vital statistics / Eurostat),,2026-06-15,HIGH,NSO_TFR_RESOURCE_2026_06,2026-06-15,Δ vs WPP -0.04
SAU,1996,4.77,NSO published (national vital statistics / Eurostat),,2026-06-15,HIGH,NSO_TFR_RESOURCE_2026_06,2026-06-15,Δ vs WPP -0.04
SAU,1997,4.59,NSO published (national vital statistics / Eurostat),,2026-06-15,HIGH,NSO_TFR_RESOURCE_2026_06,2026-06-15,Δ vs WPP -0.07
SAU,1998,4.42,NSO published (national vital statistics / Eurostat),,2026-06-15,HIGH,NSO_TFR_RESOURCE_2026_06,2026-06-15,Δ vs WPP -0.10
SAU,1999,4.25,NSO published (national vital statistics / Eurostat),,2026-06-15,HIGH,NSO_TFR_RESOURCE_2026_06,2026-06-15,Δ vs WPP -0.10
SAU,2000,4.12,NSO published (national vital statistics / Eurostat),,2026-06-15,HIGH,NSO_TFR_RESOURCE_2026_06,2026-06-15,Δ vs WPP -0.09
SAU,2001,3.91,NSO published (national vital statistics / Eurostat),,2026-06-15,HIGH,NSO_TFR_RESOURCE_2026_06,2026-06-15,Δ vs WPP -0.05
SAU,2002,3.71,NSO published (national vital statistics / Eurostat),,2026-06-15,HIGH,NSO_TFR_RESOURCE_2026_06,2026-06-15,Δ vs WPP +0.00
SAU,2003,3.5,NSO published (national vital statistics / Eurostat),,2026-06-15,HIGH,NSO_TFR_RESOURCE_2026_06,2026-06-15,Δ vs WPP +0.03
SAU,2004,3.34,NSO published (national vital statistics / Eurostat),,2026-06-15,HIGH,NSO_TFR_RESOURCE_2026_06,2026-06-15,Δ vs WPP +0.08
SAU,2005,3.24,NSO published (national vital statistics / Eurostat),,2026-06-15,HIGH,NSO_TFR_RESOURCE_2026_06,2026-06-15,Δ vs WPP +0.08
SAU,2006,3.21,NSO published (national vital statistics / Eurostat),,2026-06-15,HIGH,NSO_TFR_RESOURCE_2026_06,2026-06-15,Δ vs WPP +0.03
SAU,2007,3.18,NSO published (national vital statistics / Eurostat),,2026-06-15,HIGH,NSO_TFR_RESOURCE_2026_06,2026-06-15,Δ vs WPP -0.00
SAU,2008,3.06,NSO published (national vital statistics / Eurostat),,2026-06-15,HIGH,NSO_TFR_RESOURCE_2026_06,2026-06-15,Δ vs WPP -0.01
SAU,2009,2.95,NSO published (national vital statistics / Eurostat),,2026-06-15,HIGH,NSO_TFR_RESOURCE_2026_06,2026-06-15,Δ vs WPP -0.00
SAU,2010,2.85,NSO published (national vital statistics / Eurostat),,2026-06-15,HIGH,NSO_TFR_RESOURCE_2026_06,2026-06-15,Δ vs WPP +0.04
SAU,2011,2.81,NSO published (national vital statistics / Eurostat),,2026-06-15,HIGH,NSO_TFR_RESOURCE_2026_06,2026-06-15,Δ vs WPP +0.01
SAU,2012,2.78,NSO published (national vital statistics / Eurostat),,2026-06-15,HIGH,NSO_TFR_RESOURCE_2026_06,2026-06-15,Δ vs WPP +0.00
SAU,2013,2.74,NSO published (national vital statistics / Eurostat),,2026-06-15,HIGH,NSO_TFR_RESOURCE_2026_06,2026-06-15,Δ vs WPP +0.07
SAU,2014,2.69,NSO published (national vital statistics / Eurostat),,2026-06-15,HIGH,NSO_TFR_RESOURCE_2026_06,2026-06-15,Δ vs WPP +0.01
SAU,2015,2.64,NSO published (national vital statistics / Eurostat),,2026-06-15,HIGH,NSO_TFR_RESOURCE_2026_06,2026-06-15,Δ vs WPP +0.01
SAU,2016,2.59,Wikipedia: Demographics of [SAU] (vital statistics),,2026-05-13,HIGH,EDITOR_DECISION_2026_05_v2,2026-05-13,Δ vs WPP +0.02
SAU,2017,2.58,Wikipedia: Demographics of [SAU] (vital statistics),,2026-05-13,HIGH,EDITOR_DECISION_2026_05_v2,2026-05-13,Δ vs WPP +0.02
SAU,2018,2.55,NSO published (national vital statistics / Eurostat),,2026-06-15,HIGH,NSO_TFR_RESOURCE_2026_06,2026-06-15,Δ vs WPP -0.12
SAU,2019,2.5,NSO published (national vital statistics / Eurostat),,2026-06-15,HIGH,NSO_TFR_RESOURCE_2026_06,2026-06-15,Δ vs WPP +0.01
SAU,2020,2.47,Wikipedia: Demographics of [SAU] (vital statistics),,2026-05-13,HIGH,EDITOR_DECISION_2026_05_v2,2026-05-13,Δ vs WPP +0.02
SAU,2021,2.43,Wikipedia: Demographics of [SAU] (vital statistics),,2026-05-13,HIGH,EDITOR_DECISION_2026_05_v2,2026-05-13,Δ vs WPP +0.02
SAU,2023,2,Wikipedia: Demographics of [SAU] (vital statistics),,2026-05-13,HIGH,EDITOR_DECISION_2026_05_v2,2026-05-13,Δ vs WPP -0.28
SAU,2024,2,Wikipedia: Demographics of [SAU] (vital statistics),,2026-05-13,MEDIUM,EDITOR_DECISION_2026_05_v2,2026-05-13,Δ vs WPP -0.31. Editor certainty: Recheck
SAU,2025,1.95,Wikipedia (bidirectional TFR interpolation),,2026-05-14,MEDIUM,CALCNEW_V7_FRESH,2026-05-14,Calc New v7 (tfr_extrap_fwd). 
SGP,1980,1.82,SingStat (Singapore Department of Statistics),https://www.singstat.gov.sg/,2026-05-13,HIGH,EDITOR_DECISION_2026_05_v2,2026-05-13,Pre-2016 override (editor matrix start year: 1980)
SGP,1981,1.78,SingStat (Singapore Department of Statistics),https://www.singstat.gov.sg/,2026-05-13,HIGH,EDITOR_DECISION_2026_05_v2,2026-05-13,Pre-2016 override (editor matrix start year: 1980)
SGP,1982,1.74,SingStat (Singapore Department of Statistics),https://www.singstat.gov.sg/,2026-05-13,HIGH,EDITOR_DECISION_2026_05_v2,2026-05-13,Pre-2016 override (editor matrix start year: 1980)
SGP,1983,1.61,SingStat (Singapore Department of Statistics),https://www.singstat.gov.sg/,2026-05-13,HIGH,EDITOR_DECISION_2026_05_v2,2026-05-13,Pre-2016 override (editor matrix start year: 1980)
SGP,1984,1.62,SingStat (Singapore Department of Statistics),https://www.singstat.gov.sg/,2026-05-13,HIGH,EDITOR_DECISION_2026_05_v2,2026-05-13,Pre-2016 override (editor matrix start year: 1980)
SGP,1985,1.61,SingStat (Singapore Department of Statistics),https://www.singstat.gov.sg/,2026-05-13,HIGH,EDITOR_DECISION_2026_05_v2,2026-05-13,Pre-2016 override (editor matrix start year: 1980)
SGP,1986,1.43,SingStat (Singapore Department of Statistics),https://www.singstat.gov.sg/,2026-05-13,HIGH,EDITOR_DECISION_2026_05_v2,2026-05-13,Pre-2016 override (editor matrix start year: 1980)
SGP,1987,1.62,SingStat (Singapore Department of Statistics),https://www.singstat.gov.sg/,2026-05-13,HIGH,EDITOR_DECISION_2026_05_v2,2026-05-13,Pre-2016 override (editor matrix start year: 1980)
SGP,1988,1.96,SingStat (Singapore Department of Statistics),https://www.singstat.gov.sg/,2026-05-13,HIGH,EDITOR_DECISION_2026_05_v2,2026-05-13,Pre-2016 override (editor matrix start year: 1980)
SGP,1989,1.75,SingStat (Singapore Department of Statistics),https://www.singstat.gov.sg/,2026-05-13,HIGH,EDITOR_DECISION_2026_05_v2,2026-05-13,Pre-2016 override (editor matrix start year: 1980)
SGP,1990,1.83,SingStat (Singapore Department of Statistics),https://www.singstat.gov.sg/,2026-05-13,HIGH,EDITOR_DECISION_2026_05_v2,2026-05-13,Pre-2016 override (editor matrix start year: 1980)
SGP,1991,1.73,SingStat (Singapore Department of Statistics),https://www.singstat.gov.sg/,2026-05-13,HIGH,EDITOR_DECISION_2026_05_v2,2026-05-13,Pre-2016 override (editor matrix start year: 1980)
SGP,1992,1.72,SingStat (Singapore Department of Statistics),https://www.singstat.gov.sg/,2026-05-13,HIGH,EDITOR_DECISION_2026_05_v2,2026-05-13,Pre-2016 override (editor matrix start year: 1980)
SGP,1993,1.74,SingStat (Singapore Department of Statistics),https://www.singstat.gov.sg/,2026-05-13,HIGH,EDITOR_DECISION_2026_05_v2,2026-05-13,Pre-2016 override (editor matrix start year: 1980)
SGP,1994,1.71,SingStat (Singapore Department of Statistics),https://www.singstat.gov.sg/,2026-05-13,HIGH,EDITOR_DECISION_2026_05_v2,2026-05-13,Pre-2016 override (editor matrix start year: 1980)
SGP,1995,1.67,SingStat (Singapore Department of Statistics),https://www.singstat.gov.sg/,2026-05-13,HIGH,EDITOR_DECISION_2026_05_v2,2026-05-13,Pre-2016 override (editor matrix start year: 1980)
SGP,1996,1.66,SingStat (Singapore Department of Statistics),https://www.singstat.gov.sg/,2026-05-13,HIGH,EDITOR_DECISION_2026_05_v2,2026-05-13,Pre-2016 override (editor matrix start year: 1980)
SGP,1997,1.61,SingStat (Singapore Department of Statistics),https://www.singstat.gov.sg/,2026-05-13,HIGH,EDITOR_DECISION_2026_05_v2,2026-05-13,Pre-2016 override (editor matrix start year: 1980)
SGP,1998,1.48,SingStat (Singapore Department of Statistics),https://www.singstat.gov.sg/,2026-05-13,HIGH,EDITOR_DECISION_2026_05_v2,2026-05-13,Pre-2016 override (editor matrix start year: 1980)
SGP,1999,1.47,SingStat (Singapore Department of Statistics),https://www.singstat.gov.sg/,2026-05-13,HIGH,EDITOR_DECISION_2026_05_v2,2026-05-13,Pre-2016 override (editor matrix start year: 1980)
SGP,2000,1.6,SingStat (Singapore Department of Statistics),https://www.singstat.gov.sg/,2026-05-13,HIGH,EDITOR_DECISION_2026_05_v2,2026-05-13,Pre-2016 override (editor matrix start year: 1980)
SGP,2001,1.41,SingStat (Singapore Department of Statistics),https://www.singstat.gov.sg/,2026-05-13,HIGH,EDITOR_DECISION_2026_05_v2,2026-05-13,Pre-2016 override (editor matrix start year: 1980)
SGP,2002,1.37,SingStat (Singapore Department of Statistics),https://www.singstat.gov.sg/,2026-05-13,HIGH,EDITOR_DECISION_2026_05_v2,2026-05-13,Pre-2016 override (editor matrix start year: 1980)
SGP,2003,1.27,SingStat (Singapore Department of Statistics),https://www.singstat.gov.sg/,2026-05-13,HIGH,EDITOR_DECISION_2026_05_v2,2026-05-13,Pre-2016 override (editor matrix start year: 1980)
SGP,2004,1.26,SingStat (Singapore Department of Statistics),https://www.singstat.gov.sg/,2026-05-13,HIGH,EDITOR_DECISION_2026_05_v2,2026-05-13,Pre-2016 override (editor matrix start year: 1980)
SGP,2005,1.26,SingStat (Singapore Department of Statistics),https://www.singstat.gov.sg/,2026-05-13,HIGH,EDITOR_DECISION_2026_05_v2,2026-05-13,Pre-2016 override (editor matrix start year: 1980)
SGP,2006,1.28,SingStat (Singapore Department of Statistics),https://www.singstat.gov.sg/,2026-05-13,HIGH,EDITOR_DECISION_2026_05_v2,2026-05-13,Pre-2016 override (editor matrix start year: 1980)
SGP,2007,1.29,SingStat (Singapore Department of Statistics),https://www.singstat.gov.sg/,2026-05-13,HIGH,EDITOR_DECISION_2026_05_v2,2026-05-13,Pre-2016 override (editor matrix start year: 1980)
SGP,2008,1.28,SingStat (Singapore Department of Statistics),https://www.singstat.gov.sg/,2026-05-13,HIGH,EDITOR_DECISION_2026_05_v2,2026-05-13,Pre-2016 override (editor matrix start year: 1980)
SGP,2009,1.22,SingStat (Singapore Department of Statistics),https://www.singstat.gov.sg/,2026-05-13,HIGH,EDITOR_DECISION_2026_05_v2,2026-05-13,Pre-2016 override (editor matrix start year: 1980)
SGP,2010,1.15,SingStat (Singapore Department of Statistics),https://www.singstat.gov.sg/,2026-05-13,HIGH,EDITOR_DECISION_2026_05_v2,2026-05-13,Pre-2016 override (editor matrix start year: 1980)
SGP,2011,1.2,SingStat (Singapore Department of Statistics),https://www.singstat.gov.sg/,2026-05-13,HIGH,EDITOR_DECISION_2026_05_v2,2026-05-13,Pre-2016 override (editor matrix start year: 1980)
SGP,2012,1.29,SingStat (Singapore Department of Statistics),https://www.singstat.gov.sg/,2026-05-13,HIGH,EDITOR_DECISION_2026_05_v2,2026-05-13,Pre-2016 override (editor matrix start year: 1980)
SGP,2013,1.19,SingStat (Singapore Department of Statistics),https://www.singstat.gov.sg/,2026-05-13,HIGH,EDITOR_DECISION_2026_05_v2,2026-05-13,Pre-2016 override (editor matrix start year: 1980)
SGP,2014,1.25,SingStat (Singapore Department of Statistics),https://www.singstat.gov.sg/,2026-05-13,HIGH,EDITOR_DECISION_2026_05_v2,2026-05-13,Pre-2016 override (editor matrix start year: 1980)
SGP,2015,1.24,SingStat (Singapore Department of Statistics),https://www.singstat.gov.sg/,2026-05-13,HIGH,EDITOR_DECISION_2026_05_v2,2026-05-13,Pre-2016 override (editor matrix start year: 1980)
SGP,2016,1.2,SingStat (Singapore Department of Statistics),https://www.singstat.gov.sg/,2026-05-13,HIGH,EDITOR_DECISION_2026_05_v2,2026-05-13,Δ vs WPP +0.26. Editor certainty: Materially Higher
SGP,2017,1.16,SingStat (Singapore Department of Statistics),https://www.singstat.gov.sg/,2026-05-13,HIGH,EDITOR_DECISION_2026_05_v2,2026-05-13,Δ vs WPP +0.22. Editor certainty: Materially Higher
SGP,2018,1.14,SingStat (Singapore Department of Statistics),https://www.singstat.gov.sg/,2026-05-13,HIGH,EDITOR_DECISION_2026_05_v2,2026-05-13,Δ vs WPP +0.19. Editor certainty: Materially Higher
SGP,2019,1.14,SingStat (Singapore Department of Statistics),https://www.singstat.gov.sg/,2026-05-13,HIGH,EDITOR_DECISION_2026_05_v2,2026-05-13,Δ vs WPP +0.20. Editor certainty: Materially Higher
SGP,2020,1.1,SingStat (Singapore Department of Statistics),https://www.singstat.gov.sg/,2026-05-13,HIGH,EDITOR_DECISION_2026_05_v2,2026-05-13,Δ vs WPP +0.16. Editor certainty: Materially Higher
SGP,2021,1.12,SingStat (Singapore Department of Statistics),https://www.singstat.gov.sg/,2026-05-13,HIGH,EDITOR_DECISION_2026_05_v2,2026-05-13,Δ vs WPP +0.18. Editor certainty: Materially Higher
SGP,2022,1.04,SingStat (Singapore Department of Statistics),https://www.singstat.gov.sg/,2026-05-13,HIGH,EDITOR_DECISION_2026_05_v2,2026-05-13,Δ vs WPP +0.10
SGP,2023,0.97,SingStat (Singapore Department of Statistics),https://www.singstat.gov.sg/,2026-05-13,HIGH,EDITOR_DECISION_2026_05_v2,2026-05-13,Δ vs WPP +0.03
SGP,2024,0.97,SingStat (Singapore Department of Statistics),https://www.singstat.gov.sg/,2026-05-13,HIGH,EDITOR_DECISION_2026_05_v2,2026-05-13,Δ vs WPP +0.02
SGP,2025,0.87,SingStat (Singapore Department of Statistics),https://www.singstat.gov.sg/,2026-05-13,MEDIUM,EDITOR_DECISION_2026_05_v2,2026-05-13,Δ vs WPP -0.09. Editor certainty: Recheck
SLB,1965,6.95,NSO published (national vital statistics / Eurostat),,2026-06-15,HIGH,NSO_TFR_RESOURCE_2026_06,2026-06-15,Δ vs WPP -0.07
SLB,1966,6.94,NSO published (national vital statistics / Eurostat),,2026-06-15,HIGH,NSO_TFR_RESOURCE_2026_06,2026-06-15,Δ vs WPP -0.06
SLB,1967,6.94,NSO published (national vital statistics / Eurostat),,2026-06-15,HIGH,NSO_TFR_RESOURCE_2026_06,2026-06-15,Δ vs WPP -0.03
SLB,1968,6.92,NSO published (national vital statistics / Eurostat),,2026-06-15,HIGH,NSO_TFR_RESOURCE_2026_06,2026-06-15,Δ vs WPP -0.03
SLB,1969,6.97,NSO published (national vital statistics / Eurostat),,2026-06-15,HIGH,NSO_TFR_RESOURCE_2026_06,2026-06-15,Δ vs WPP -0.00
SLB,1970,7,NSO published (national vital statistics / Eurostat),,2026-06-15,HIGH,NSO_TFR_RESOURCE_2026_06,2026-06-15,Δ vs WPP +0.02
SLB,1971,7.03,NSO published (national vital statistics / Eurostat),,2026-06-15,HIGH,NSO_TFR_RESOURCE_2026_06,2026-06-15,Δ vs WPP +0.04
SLB,1972,7.06,NSO published (national vital statistics / Eurostat),,2026-06-15,HIGH,NSO_TFR_RESOURCE_2026_06,2026-06-15,Δ vs WPP +0.07
SLB,1973,7.09,NSO published (national vital statistics / Eurostat),,2026-06-15,HIGH,NSO_TFR_RESOURCE_2026_06,2026-06-15,Δ vs WPP +0.09
SLB,1974,7.13,NSO published (national vital statistics / Eurostat),,2026-06-15,HIGH,NSO_TFR_RESOURCE_2026_06,2026-06-15,Δ vs WPP +0.12
SLB,1975,7.07,NSO published (national vital statistics / Eurostat),,2026-06-15,HIGH,NSO_TFR_RESOURCE_2026_06,2026-06-15,Δ vs WPP +0.08
SLB,1976,7.02,NSO published (national vital statistics / Eurostat),,2026-06-15,HIGH,NSO_TFR_RESOURCE_2026_06,2026-06-15,Δ vs WPP +0.07
SLB,1977,6.95,NSO published (national vital statistics / Eurostat),,2026-06-15,HIGH,NSO_TFR_RESOURCE_2026_06,2026-06-15,Δ vs WPP +0.03
SLB,1978,6.87,NSO published (national vital statistics / Eurostat),,2026-06-15,HIGH,NSO_TFR_RESOURCE_2026_06,2026-06-15,Δ vs WPP -0.00
SLB,1979,6.78,Solomon Islands National Statistics Office,https://www.statistics.gov.sb/,2026-05-13,HIGH,EDITOR_DECISION_2026_05_v2,2026-05-13,Pre-2016 override (editor matrix start year: 1979)
SLB,1980,6.71,Solomon Islands National Statistics Office,https://www.statistics.gov.sb/,2026-05-13,HIGH,EDITOR_DECISION_2026_05_v2,2026-05-13,Pre-2016 override (editor matrix start year: 1979)
SLB,1981,6.61,Solomon Islands National Statistics Office,https://www.statistics.gov.sb/,2026-05-13,HIGH,EDITOR_DECISION_2026_05_v2,2026-05-13,Pre-2016 override (editor matrix start year: 1979)
SLB,1982,6.52,Solomon Islands National Statistics Office,https://www.statistics.gov.sb/,2026-05-13,HIGH,EDITOR_DECISION_2026_05_v2,2026-05-13,Pre-2016 override (editor matrix start year: 1979)
SLB,1983,6.42,Solomon Islands National Statistics Office,https://www.statistics.gov.sb/,2026-05-13,HIGH,EDITOR_DECISION_2026_05_v2,2026-05-13,Pre-2016 override (editor matrix start year: 1979)
SLB,1984,6.31,Solomon Islands National Statistics Office,https://www.statistics.gov.sb/,2026-05-13,HIGH,EDITOR_DECISION_2026_05_v2,2026-05-13,Pre-2016 override (editor matrix start year: 1979)
SLB,1985,6.22,Solomon Islands National Statistics Office,https://www.statistics.gov.sb/,2026-05-13,HIGH,EDITOR_DECISION_2026_05_v2,2026-05-13,Pre-2016 override (editor matrix start year: 1979)
SLB,1986,6.11,Solomon Islands National Statistics Office,https://www.statistics.gov.sb/,2026-05-13,HIGH,EDITOR_DECISION_2026_05_v2,2026-05-13,Pre-2016 override (editor matrix start year: 1979)
SLB,1987,5.99,Solomon Islands National Statistics Office,https://www.statistics.gov.sb/,2026-05-13,HIGH,EDITOR_DECISION_2026_05_v2,2026-05-13,Pre-2016 override (editor matrix start year: 1979)
SLB,1988,5.88,Solomon Islands National Statistics Office,https://www.statistics.gov.sb/,2026-05-13,HIGH,EDITOR_DECISION_2026_05_v2,2026-05-13,Pre-2016 override (editor matrix start year: 1979)
SLB,1989,5.78,Solomon Islands National Statistics Office,https://www.statistics.gov.sb/,2026-05-13,HIGH,EDITOR_DECISION_2026_05_v2,2026-05-13,Pre-2016 override (editor matrix start year: 1979)
SLB,1990,5.66,Solomon Islands National Statistics Office,https://www.statistics.gov.sb/,2026-05-13,HIGH,EDITOR_DECISION_2026_05_v2,2026-05-13,Pre-2016 override (editor matrix start year: 1979)
SLB,1991,5.55,Solomon Islands National Statistics Office,https://www.statistics.gov.sb/,2026-05-13,HIGH,EDITOR_DECISION_2026_05_v2,2026-05-13,Pre-2016 override (editor matrix start year: 1979)
SLB,1992,5.45,Solomon Islands National Statistics Office,https://www.statistics.gov.sb/,2026-05-13,HIGH,EDITOR_DECISION_2026_05_v2,2026-05-13,Pre-2016 override (editor matrix start year: 1979)
SLB,1993,5.38,Solomon Islands National Statistics Office,https://www.statistics.gov.sb/,2026-05-13,HIGH,EDITOR_DECISION_2026_05_v2,2026-05-13,Pre-2016 override (editor matrix start year: 1979)
SLB,1994,5.31,Solomon Islands National Statistics Office,https://www.statistics.gov.sb/,2026-05-13,HIGH,EDITOR_DECISION_2026_05_v2,2026-05-13,Pre-2016 override (editor matrix start year: 1979)
SLB,1995,5.24,Solomon Islands National Statistics Office,https://www.statistics.gov.sb/,2026-05-13,HIGH,EDITOR_DECISION_2026_05_v2,2026-05-13,Pre-2016 override (editor matrix start year: 1979)
SLB,1996,5.12,Solomon Islands National Statistics Office,https://www.statistics.gov.sb/,2026-05-13,HIGH,EDITOR_DECISION_2026_05_v2,2026-05-13,Pre-2016 override (editor matrix start year: 1979)
SLB,1997,4.99,Solomon Islands National Statistics Office,https://www.statistics.gov.sb/,2026-05-13,HIGH,EDITOR_DECISION_2026_05_v2,2026-05-13,Pre-2016 override (editor matrix start year: 1979)
SLB,1998,4.9,Solomon Islands National Statistics Office,https://www.statistics.gov.sb/,2026-05-13,HIGH,EDITOR_DECISION_2026_05_v2,2026-05-13,Pre-2016 override (editor matrix start year: 1979)
SLB,1999,4.82,Solomon Islands National Statistics Office,https://www.statistics.gov.sb/,2026-05-13,HIGH,EDITOR_DECISION_2026_05_v2,2026-05-13,Pre-2016 override (editor matrix start year: 1979)
SLB,2000,4.76,Solomon Islands National Statistics Office,https://www.statistics.gov.sb/,2026-05-13,HIGH,EDITOR_DECISION_2026_05_v2,2026-05-13,Pre-2016 override (editor matrix start year: 1979)
SLB,2001,4.69,Solomon Islands National Statistics Office,https://www.statistics.gov.sb/,2026-05-13,HIGH,EDITOR_DECISION_2026_05_v2,2026-05-13,Pre-2016 override (editor matrix start year: 1979)
SLB,2002,4.63,Solomon Islands National Statistics Office,https://www.statistics.gov.sb/,2026-05-13,HIGH,EDITOR_DECISION_2026_05_v2,2026-05-13,Pre-2016 override (editor matrix start year: 1979)
SLB,2003,4.57,Solomon Islands National Statistics Office,https://www.statistics.gov.sb/,2026-05-13,HIGH,EDITOR_DECISION_2026_05_v2,2026-05-13,Pre-2016 override (editor matrix start year: 1979)
SLB,2004,4.52,Solomon Islands National Statistics Office,https://www.statistics.gov.sb/,2026-05-13,HIGH,EDITOR_DECISION_2026_05_v2,2026-05-13,Pre-2016 override (editor matrix start year: 1979)
SLB,2005,4.48,Solomon Islands National Statistics Office,https://www.statistics.gov.sb/,2026-05-13,HIGH,EDITOR_DECISION_2026_05_v2,2026-05-13,Pre-2016 override (editor matrix start year: 1979)
SLB,2006,4.48,Solomon Islands National Statistics Office,https://www.statistics.gov.sb/,2026-05-13,HIGH,EDITOR_DECISION_2026_05_v2,2026-05-13,Pre-2016 override (editor matrix start year: 1979)
SLB,2007,4.44,Solomon Islands National Statistics Office,https://www.statistics.gov.sb/,2026-05-13,HIGH,EDITOR_DECISION_2026_05_v2,2026-05-13,Pre-2016 override (editor matrix start year: 1979)
SLB,2008,4.41,Solomon Islands National Statistics Office,https://www.statistics.gov.sb/,2026-05-13,HIGH,EDITOR_DECISION_2026_05_v2,2026-05-13,Pre-2016 override (editor matrix start year: 1979)
SLB,2009,4.39,Solomon Islands National Statistics Office,https://www.statistics.gov.sb/,2026-05-13,HIGH,EDITOR_DECISION_2026_05_v2,2026-05-13,Pre-2016 override (editor matrix start year: 1979)
SLB,2010,4.4,Solomon Islands National Statistics Office,https://www.statistics.gov.sb/,2026-05-13,HIGH,EDITOR_DECISION_2026_05_v2,2026-05-13,Pre-2016 override (editor matrix start year: 1979)
SLB,2011,4.41,Solomon Islands National Statistics Office,https://www.statistics.gov.sb/,2026-05-13,HIGH,EDITOR_DECISION_2026_05_v2,2026-05-13,Pre-2016 override (editor matrix start year: 1979)
SLB,2012,4.41,Solomon Islands National Statistics Office,https://www.statistics.gov.sb/,2026-05-13,HIGH,EDITOR_DECISION_2026_05_v2,2026-05-13,Pre-2016 override (editor matrix start year: 1979)
SLB,2013,4.42,Solomon Islands National Statistics Office,https://www.statistics.gov.sb/,2026-05-13,HIGH,EDITOR_DECISION_2026_05_v2,2026-05-13,Pre-2016 override (editor matrix start year: 1979)
SLB,2014,4.42,Solomon Islands National Statistics Office,https://www.statistics.gov.sb/,2026-05-13,HIGH,EDITOR_DECISION_2026_05_v2,2026-05-13,Pre-2016 override (editor matrix start year: 1979)
SLB,2015,4.36,Solomon Islands National Statistics Office,https://www.statistics.gov.sb/,2026-05-13,HIGH,EDITOR_DECISION_2026_05_v2,2026-05-13,Pre-2016 override (editor matrix start year: 1979)
SLB,2016,4.29,Solomon Islands National Statistics Office,https://www.statistics.gov.sb/,2026-05-13,HIGH,EDITOR_DECISION_2026_05_v2,2026-05-13,Δ vs WPP +0.09. Editor certainty: Materially Higher
SLB,2017,4.22,Solomon Islands National Statistics Office,https://www.statistics.gov.sb/,2026-05-13,HIGH,EDITOR_DECISION_2026_05_v2,2026-05-13,Δ vs WPP +0.16. Editor certainty: Materially Higher
SLB,2018,4.16,Solomon Islands National Statistics Office,https://www.statistics.gov.sb/,2026-05-13,HIGH,EDITOR_DECISION_2026_05_v2,2026-05-13,Δ vs WPP +0.23. Editor certainty: Materially Higher
SLB,2019,4.1,Solomon Islands National Statistics Office,https://www.statistics.gov.sb/,2026-05-13,HIGH,EDITOR_DECISION_2026_05_v2,2026-05-13,Δ vs WPP +0.30. Editor certainty: Materially Higher
SLB,2020,4.04,Solomon Islands National Statistics Office,https://www.statistics.gov.sb/,2026-05-13,HIGH,EDITOR_DECISION_2026_05_v2,2026-05-13,Δ vs WPP +0.29. Editor certainty: Materially Higher
SLB,2021,3.98,Solomon Islands National Statistics Office,https://www.statistics.gov.sb/,2026-05-13,HIGH,EDITOR_DECISION_2026_05_v2,2026-05-13,Δ vs WPP +0.29. Editor certainty: Materially Higher
SLB,2022,3.93,Wikipedia (bidirectional TFR interpolation),,2026-05-14,MEDIUM,CALCNEW_V7_FRESH,2026-05-14,Calc New v7 (tfr_extrap_fwd). 
SLB,2023,3.88,Wikipedia (bidirectional TFR interpolation),,2026-05-14,MEDIUM,CALCNEW_V7_FRESH,2026-05-14,Calc New v7 (tfr_extrap_fwd). 
SLB,2024,3.83,Wikipedia (bidirectional TFR interpolation),,2026-05-14,MEDIUM,CALCNEW_V7_FRESH,2026-05-14,Calc New v7 (tfr_extrap_fwd). 
SLB,2025,3.78,Wikipedia (bidirectional TFR interpolation),,2026-05-14,MEDIUM,CALCNEW_V7_FRESH,2026-05-14,Calc New v7 (tfr_extrap_fwd). 
SMR,2003,1.25,NSO published (national vital statistics / Eurostat),,2026-06-15,HIGH,NSO_TFR_RESOURCE_2026_06,2026-06-15,Δ vs WPP -0.05
SMR,2004,1.255,NSO published (national vital statistics / Eurostat),,2026-06-15,HIGH,NSO_TFR_RESOURCE_2026_06,2026-06-15,Δ vs WPP -0.04
SMR,2005,1.184,NSO published (national vital statistics / Eurostat),,2026-06-15,HIGH,NSO_TFR_RESOURCE_2026_06,2026-06-15,Δ vs WPP -0.01
SMR,2006,1.244,NSO published (national vital statistics / Eurostat),,2026-06-15,HIGH,NSO_TFR_RESOURCE_2026_06,2026-06-15,Δ vs WPP +0.00
SMR,2007,1.235,NSO published (national vital statistics / Eurostat),,2026-06-15,HIGH,NSO_TFR_RESOURCE_2026_06,2026-06-15,Δ vs WPP -0.02
SMR,2008,1.551,NSO published (national vital statistics / Eurostat),,2026-06-15,HIGH,NSO_TFR_RESOURCE_2026_06,2026-06-15,Δ vs WPP +0.03
SMR,2009,1.334,NSO published (national vital statistics / Eurostat),,2026-06-15,HIGH,NSO_TFR_RESOURCE_2026_06,2026-06-15,Δ vs WPP -0.02
SMR,2010,1.467,NSO published (national vital statistics / Eurostat),,2026-06-15,HIGH,NSO_TFR_RESOURCE_2026_06,2026-06-15,Δ vs WPP +0.01
SMR,2011,1.47,NSO published (national vital statistics / Eurostat),,2026-06-15,HIGH,NSO_TFR_RESOURCE_2026_06,2026-06-15,Δ vs WPP +0.01
SMR,2012,1.359,NSO published (national vital statistics / Eurostat),,2026-06-15,HIGH,NSO_TFR_RESOURCE_2026_06,2026-06-15,Δ vs WPP +0.07
SMR,2013,1.52,NSO published (national vital statistics / Eurostat),,2026-06-15,HIGH,NSO_TFR_RESOURCE_2026_06,2026-06-15,Δ vs WPP +0.04
SMR,2014,1.53,NSO published (national vital statistics / Eurostat),,2026-06-15,HIGH,NSO_TFR_RESOURCE_2026_06,2026-06-15,Δ vs WPP +0.27
SMR,2015,1.362,NSO published (national vital statistics / Eurostat),,2026-06-15,HIGH,NSO_TFR_RESOURCE_2026_06,2026-06-15,Δ vs WPP +0.17
SMR,2016,1.403,Wikipedia: Demographics of [SMR] (vital statistics),,2026-05-13,HIGH,EDITOR_DECISION_2026_05_v2,2026-05-13,Δ vs WPP +0.27
SMR,2017,1.2,Wikipedia: Demographics of [SMR] (vital statistics),,2026-05-13,HIGH,EDITOR_DECISION_2026_05_v2,2026-05-13,Δ vs WPP +0.15
SMR,2018,1.29,Wikipedia: Demographics of [SMR] (vital statistics),,2026-05-13,HIGH,EDITOR_DECISION_2026_05_v2,2026-05-13,Δ vs WPP +0.21
SMR,2019,1.294,Wikipedia: Demographics of [SMR] (vital statistics),,2026-05-13,HIGH,EDITOR_DECISION_2026_05_v2,2026-05-13,Δ vs WPP +0.19
SMR,2020,1.266,Wikipedia: Demographics of [SMR] (vital statistics),,2026-05-13,HIGH,EDITOR_DECISION_2026_05_v2,2026-05-13,Δ vs WPP +0.16
SMR,2021,1.206,Wikipedia: Demographics of [SMR] (vital statistics),,2026-05-13,HIGH,EDITOR_DECISION_2026_05_v2,2026-05-13,Δ vs WPP +0.09
SMR,2022,1.18,Wikipedia: Demographics of [SMR] (vital statistics),,2026-05-13,HIGH,EDITOR_DECISION_2026_05_v2,2026-05-13,Δ vs WPP +0.04
SMR,2023,1.08,Wikipedia: Demographics of [SMR] (vital statistics),,2026-05-13,HIGH,EDITOR_DECISION_2026_05_v2,2026-05-13,Δ vs WPP -0.07
SMR,2024,0.824,Wikipedia: Demographics of [SMR] (vital statistics),,2026-05-13,MEDIUM,EDITOR_DECISION_2026_05_v2,2026-05-13,Δ vs WPP -0.34. Editor certainty: Recheck
SMR,2025,0.95,"Wikipedia (TFR from observed births × local-window ratio, outlier-filtered)",,2026-05-14,HIGH,CALCNEW_V7_FRESH,2026-05-14,"Calc New v7 (v7_births_5anchor_±5y). R=0.005702, anchors=[(2020, 224.0, 1.266, 0.00565179), (2021, 212.0, 1.206, 0.00568868), (2022, 205.0, 1.179, 0.00575122), (2023, 191.0, 1.08, 0.00565445), (2024, 144.0, 0.824, 0.00572222)], dropped=[], window=±5y. Wiki-observed births 2025: 166."
SRB,1965,2.02,NSO published (national vital statistics / Eurostat),,2026-06-15,HIGH,NSO_TFR_RESOURCE_2026_06,2026-06-15,Δ vs WPP -0.04
SRB,1966,1.98,NSO published (national vital statistics / Eurostat),,2026-06-15,HIGH,NSO_TFR_RESOURCE_2026_06,2026-06-15,Δ vs WPP -0.06
SRB,1967,1.96,NSO published (national vital statistics / Eurostat),,2026-06-15,HIGH,NSO_TFR_RESOURCE_2026_06,2026-06-15,Δ vs WPP -0.06
SRB,1968,1.95,NSO published (national vital statistics / Eurostat),,2026-06-15,HIGH,NSO_TFR_RESOURCE_2026_06,2026-06-15,Δ vs WPP -0.05
SRB,1969,1.93,NSO published (national vital statistics / Eurostat),,2026-06-15,HIGH,NSO_TFR_RESOURCE_2026_06,2026-06-15,Δ vs WPP -0.06
SRB,1970,1.81,NSO published (national vital statistics / Eurostat),,2026-06-15,HIGH,NSO_TFR_RESOURCE_2026_06,2026-06-15,Δ vs WPP -0.16
SRB,1971,1.83,NSO published (national vital statistics / Eurostat),,2026-06-15,HIGH,NSO_TFR_RESOURCE_2026_06,2026-06-15,Δ vs WPP -0.13
SRB,1972,1.83,NSO published (national vital statistics / Eurostat),,2026-06-15,HIGH,NSO_TFR_RESOURCE_2026_06,2026-06-15,Δ vs WPP -0.12
SRB,1973,1.84,NSO published (national vital statistics / Eurostat),,2026-06-15,HIGH,NSO_TFR_RESOURCE_2026_06,2026-06-15,Δ vs WPP -0.10
SRB,1974,1.86,NSO published (national vital statistics / Eurostat),,2026-06-15,HIGH,NSO_TFR_RESOURCE_2026_06,2026-06-15,Δ vs WPP -0.07
SRB,1975,1.88,NSO published (national vital statistics / Eurostat),,2026-06-15,HIGH,NSO_TFR_RESOURCE_2026_06,2026-06-15,Δ vs WPP -0.04
SRB,1976,1.89,NSO published (national vital statistics / Eurostat),,2026-06-15,HIGH,NSO_TFR_RESOURCE_2026_06,2026-06-15,Δ vs WPP -0.02
SRB,1977,1.86,NSO published (national vital statistics / Eurostat),,2026-06-15,HIGH,NSO_TFR_RESOURCE_2026_06,2026-06-15,Δ vs WPP -0.04
SRB,1978,1.86,NSO published (national vital statistics / Eurostat),,2026-06-15,HIGH,NSO_TFR_RESOURCE_2026_06,2026-06-15,Δ vs WPP -0.03
SRB,1979,1.87,NSO published (national vital statistics / Eurostat),,2026-06-15,HIGH,NSO_TFR_RESOURCE_2026_06,2026-06-15,Δ vs WPP -0.00
SRB,1980,1.86,NSO published (national vital statistics / Eurostat),,2026-06-15,HIGH,NSO_TFR_RESOURCE_2026_06,2026-06-15,Δ vs WPP -0.00
SRB,1981,1.76,NSO published (national vital statistics / Eurostat),,2026-06-15,HIGH,NSO_TFR_RESOURCE_2026_06,2026-06-15,Δ vs WPP -0.09
SRB,1982,1.84,NSO published (national vital statistics / Eurostat),,2026-06-15,HIGH,NSO_TFR_RESOURCE_2026_06,2026-06-15,Δ vs WPP -0.00
SRB,1983,1.89,NSO published (national vital statistics / Eurostat),,2026-06-15,HIGH,NSO_TFR_RESOURCE_2026_06,2026-06-15,Δ vs WPP +0.06
SRB,1984,1.9,NSO published (national vital statistics / Eurostat),,2026-06-15,HIGH,NSO_TFR_RESOURCE_2026_06,2026-06-15,Δ vs WPP +0.09
SRB,1985,1.84,NSO published (national vital statistics / Eurostat),,2026-06-15,HIGH,NSO_TFR_RESOURCE_2026_06,2026-06-15,Δ vs WPP +0.04
SRB,1986,1.82,NSO published (national vital statistics / Eurostat),,2026-06-15,HIGH,NSO_TFR_RESOURCE_2026_06,2026-06-15,Δ vs WPP +0.04
SRB,1987,1.82,NSO published (national vital statistics / Eurostat),,2026-06-15,HIGH,NSO_TFR_RESOURCE_2026_06,2026-06-15,Δ vs WPP +0.07
SRB,1988,1.82,NSO published (national vital statistics / Eurostat),,2026-06-15,HIGH,NSO_TFR_RESOURCE_2026_06,2026-06-15,Δ vs WPP +0.10
SRB,1989,1.72,NSO published (national vital statistics / Eurostat),,2026-06-15,HIGH,NSO_TFR_RESOURCE_2026_06,2026-06-15,Δ vs WPP +0.03
SRB,1990,1.72,NSO published (national vital statistics / Eurostat),,2026-06-15,HIGH,NSO_TFR_RESOURCE_2026_06,2026-06-15,Δ vs WPP +0.07
SRB,1991,1.82,NSO published (national vital statistics / Eurostat),,2026-06-15,HIGH,NSO_TFR_RESOURCE_2026_06,2026-06-15,Δ vs WPP +0.21
SRB,1992,1.76,NSO published (national vital statistics / Eurostat),,2026-06-15,HIGH,NSO_TFR_RESOURCE_2026_06,2026-06-15,Δ vs WPP +0.19
SRB,1993,1.78,NSO published (national vital statistics / Eurostat),,2026-06-15,HIGH,NSO_TFR_RESOURCE_2026_06,2026-06-15,Δ vs WPP +0.24
SRB,1994,1.72,NSO published (national vital statistics / Eurostat),,2026-06-15,HIGH,NSO_TFR_RESOURCE_2026_06,2026-06-15,Δ vs WPP +0.22
SRB,1995,1.74,NSO published (national vital statistics / Eurostat),,2026-06-15,HIGH,NSO_TFR_RESOURCE_2026_06,2026-06-15,Δ vs WPP +0.27
SRB,1996,1.66,NSO published (national vital statistics / Eurostat),,2026-06-15,HIGH,NSO_TFR_RESOURCE_2026_06,2026-06-15,Δ vs WPP +0.22
SRB,1997,1.61,NSO published (national vital statistics / Eurostat),,2026-06-15,HIGH,NSO_TFR_RESOURCE_2026_06,2026-06-15,Δ vs WPP +0.21
SRB,1998,1.54,NSO published (national vital statistics / Eurostat),,2026-06-15,HIGH,NSO_TFR_RESOURCE_2026_06,2026-06-15,Δ vs WPP +0.17
SRB,1999,1.46,NSO published (national vital statistics / Eurostat),,2026-06-15,HIGH,NSO_TFR_RESOURCE_2026_06,2026-06-15,Δ vs WPP +0.11
SRB,2000,1.48,NSO published (national vital statistics / Eurostat),,2026-06-15,HIGH,NSO_TFR_RESOURCE_2026_06,2026-06-15,Δ vs WPP +0.13
SRB,2001,1.58,NSO published (national vital statistics / Eurostat),,2026-06-15,HIGH,NSO_TFR_RESOURCE_2026_06,2026-06-15,Δ vs WPP +0.23
SRB,2002,1.57,NSO published (national vital statistics / Eurostat),,2026-06-15,HIGH,NSO_TFR_RESOURCE_2026_06,2026-06-15,Δ vs WPP +0.21
SRB,2003,1.59,NSO published (national vital statistics / Eurostat),,2026-06-15,HIGH,NSO_TFR_RESOURCE_2026_06,2026-06-15,Δ vs WPP +0.22
SRB,2004,1.57,NSO published (national vital statistics / Eurostat),,2026-06-15,HIGH,NSO_TFR_RESOURCE_2026_06,2026-06-15,Δ vs WPP +0.21
SRB,2005,1.45,NSO published (national vital statistics / Eurostat),,2026-06-15,HIGH,NSO_TFR_RESOURCE_2026_06,2026-06-15,Δ vs WPP +0.11
SRB,2006,1.43,NSO published (national vital statistics / Eurostat),,2026-06-15,HIGH,NSO_TFR_RESOURCE_2026_06,2026-06-15,Δ vs WPP +0.11
SRB,2007,1.38,NSO published (national vital statistics / Eurostat),,2026-06-15,HIGH,NSO_TFR_RESOURCE_2026_06,2026-06-15,Δ vs WPP +0.06
SRB,2008,1.41,NSO published (national vital statistics / Eurostat),,2026-06-15,HIGH,NSO_TFR_RESOURCE_2026_06,2026-06-15,Δ vs WPP +0.08
SRB,2009,1.44,NSO published (national vital statistics / Eurostat),,2026-06-15,HIGH,NSO_TFR_RESOURCE_2026_06,2026-06-15,Δ vs WPP +0.08
SRB,2010,1.41,NSO published (national vital statistics / Eurostat),,2026-06-15,HIGH,NSO_TFR_RESOURCE_2026_06,2026-06-15,Δ vs WPP +0.01
SRB,2011,1.4,NSO published (national vital statistics / Eurostat),,2026-06-15,HIGH,NSO_TFR_RESOURCE_2026_06,2026-06-15,Δ vs WPP -0.00
SRB,2012,1.46,NSO published (national vital statistics / Eurostat),,2026-06-15,HIGH,NSO_TFR_RESOURCE_2026_06,2026-06-15,Δ vs WPP +0.02
SRB,2013,1.45,NSO published (national vital statistics / Eurostat),,2026-06-15,HIGH,NSO_TFR_RESOURCE_2026_06,2026-06-15,Δ vs WPP +0.02
SRB,2014,1.49,NSO published (national vital statistics / Eurostat),,2026-06-15,HIGH,NSO_TFR_RESOURCE_2026_06,2026-06-15,Δ vs WPP +0.03
SRB,2015,1.5,NSO published (national vital statistics / Eurostat),,2026-06-15,HIGH,NSO_TFR_RESOURCE_2026_06,2026-06-15,Δ vs WPP +0.04
SRB,2016,1.5,Wikipedia: Demographics of [SRB] (vital statistics),,2026-05-13,HIGH,EDITOR_DECISION_2026_05_v2,2026-05-13,Δ vs WPP +0.04
SRB,2017,1.53,Wikipedia: Demographics of [SRB] (vital statistics),,2026-05-13,HIGH,EDITOR_DECISION_2026_05_v2,2026-05-13,Δ vs WPP +0.05
SRB,2018,1.54,Wikipedia: Demographics of [SRB] (vital statistics),,2026-05-13,HIGH,EDITOR_DECISION_2026_05_v2,2026-05-13,Δ vs WPP +0.05
SRB,2019,1.58,Wikipedia: Demographics of [SRB] (vital statistics),,2026-05-13,HIGH,EDITOR_DECISION_2026_05_v2,2026-05-13,Δ vs WPP +0.07
SRB,2020,1.54,Wikipedia: Demographics of [SRB] (vital statistics),,2026-05-13,HIGH,EDITOR_DECISION_2026_05_v2,2026-05-13,Δ vs WPP +0.06
SRB,2021,1.59,Wikipedia: Demographics of [SRB] (vital statistics),,2026-05-13,HIGH,EDITOR_DECISION_2026_05_v2,2026-05-13,Δ vs WPP +0.07
SRB,2022,1.63,Wikipedia: Demographics of [SRB] (vital statistics),,2026-05-13,HIGH,EDITOR_DECISION_2026_05_v2,2026-05-13,Δ vs WPP +0.11
SRB,2023,1.61,Wikipedia: Demographics of [SRB] (vital statistics),,2026-05-13,HIGH,EDITOR_DECISION_2026_05_v2,2026-05-13,Δ vs WPP +0.11
SRB,2024,1.63,Wikipedia: Demographics of [SRB] (vital statistics),,2026-05-13,MEDIUM,EDITOR_DECISION_2026_05_v2,2026-05-13,Δ vs WPP +0.13. Editor certainty: Recheck
SRB,2025,1.54,"Wikipedia (TFR from observed births × local-window ratio, outlier-filtered)",,2026-05-14,HIGH,CALCNEW_V7_FRESH,2026-05-14,"Calc New v7 (v7_births_5anchor_±5y). R=0.000026, anchors=[(2020, 61692.0, 1.54, 2.496e-05), (2021, 62180.0, 1.59, 2.557e-05), (2022, 62700.0, 1.63, 2.6e-05), (2023, 61052.0, 1.61, 2.637e-05), (2024, 60845.0, 1.63, 2.679e-05)], dropped=[], window=±5y. Wiki-observed births 2025: 58,445."
SVK,2016,1.48,NSO published (national vital statistics / Eurostat),,2026-06-15,HIGH,NSO_TFR_RESOURCE_2026_06,2026-06-15,Δ vs WPP +0.00
SVK,2017,1.52,NSO published (national vital statistics / Eurostat),,2026-06-15,HIGH,NSO_TFR_RESOURCE_2026_06,2026-06-15,Δ vs WPP -0.00
SVK,2018,1.54,NSO published (national vital statistics / Eurostat),,2026-06-15,HIGH,NSO_TFR_RESOURCE_2026_06,2026-06-15,Δ vs WPP -0.01
SVK,2019,1.57,NSO published (national vital statistics / Eurostat),,2026-06-15,HIGH,NSO_TFR_RESOURCE_2026_06,2026-06-15,Δ vs WPP +0.00
SVK,2020,1.59,NSO published (national vital statistics / Eurostat),,2026-06-15,HIGH,NSO_TFR_RESOURCE_2026_06,2026-06-15,Δ vs WPP -0.00
SVK,2021,1.63,NSO published (national vital statistics / Eurostat),,2026-06-15,HIGH,NSO_TFR_RESOURCE_2026_06,2026-06-15,Δ vs WPP -0.00
SVK,2022,1.57,NSO published (national vital statistics / Eurostat),,2026-06-15,HIGH,NSO_TFR_RESOURCE_2026_06,2026-06-15,Δ vs WPP +0.01
SVK,2023,1.49,Wikipedia: Demographics of [SVK] (vital statistics),,2026-05-13,HIGH,EDITOR_DECISION_2026_05_v2,2026-05-13,Δ vs WPP -0.07
SVK,2024,1.46,Wikipedia: Demographics of [SVK] (vital statistics),,2026-05-13,MEDIUM,EDITOR_DECISION_2026_05_v2,2026-05-13,Δ vs WPP -0.10. Editor certainty: Recheck
SVK,2025,1.37,Wikipedia: Demographics of [SVK] (vital statistics),,2026-05-13,MEDIUM,EDITOR_DECISION_2026_05_v2,2026-05-13,Δ vs WPP -0.20. Editor certainty: Recheck
SVN,1965,2.45,NSO published (national vital statistics / Eurostat),,2026-06-15,HIGH,NSO_TFR_RESOURCE_2026_06,2026-06-15,Δ vs WPP +0.01
SVN,1966,2.48,NSO published (national vital statistics / Eurostat),,2026-06-15,HIGH,NSO_TFR_RESOURCE_2026_06,2026-06-15,Δ vs WPP +0.00
SVN,1967,2.38,NSO published (national vital statistics / Eurostat),,2026-06-15,HIGH,NSO_TFR_RESOURCE_2026_06,2026-06-15,Δ vs WPP +0.00
SVN,1968,2.28,NSO published (national vital statistics / Eurostat),,2026-06-15,HIGH,NSO_TFR_RESOURCE_2026_06,2026-06-15,Δ vs WPP +0.02
SVN,1969,2.17,NSO published (national vital statistics / Eurostat),,2026-06-15,HIGH,NSO_TFR_RESOURCE_2026_06,2026-06-15,Δ vs WPP -0.01
SVN,1970,2.21,NSO published (national vital statistics / Eurostat),,2026-06-15,HIGH,NSO_TFR_RESOURCE_2026_06,2026-06-15,Δ vs WPP +0.10
SVN,1971,2.16,NSO published (national vital statistics / Eurostat),,2026-06-15,HIGH,NSO_TFR_RESOURCE_2026_06,2026-06-15,Δ vs WPP +0.00
SVN,1972,2.14,NSO published (national vital statistics / Eurostat),,2026-06-15,HIGH,NSO_TFR_RESOURCE_2026_06,2026-06-15,Δ vs WPP -0.03
SVN,1973,2.18,NSO published (national vital statistics / Eurostat),,2026-06-15,HIGH,NSO_TFR_RESOURCE_2026_06,2026-06-15,Δ vs WPP -0.02
SVN,1974,2.1,NSO published (national vital statistics / Eurostat),,2026-06-15,HIGH,NSO_TFR_RESOURCE_2026_06,2026-06-15,Δ vs WPP -0.02
SVN,1975,2.16,NSO published (national vital statistics / Eurostat),,2026-06-15,HIGH,NSO_TFR_RESOURCE_2026_06,2026-06-15,Δ vs WPP -0.01
SVN,1976,2.17,NSO published (national vital statistics / Eurostat),,2026-06-15,HIGH,NSO_TFR_RESOURCE_2026_06,2026-06-15,Δ vs WPP -0.03
SVN,1977,2.16,NSO published (national vital statistics / Eurostat),,2026-06-15,HIGH,NSO_TFR_RESOURCE_2026_06,2026-06-15,Δ vs WPP -0.01
SVN,1978,2.19,NSO published (national vital statistics / Eurostat),,2026-06-15,HIGH,NSO_TFR_RESOURCE_2026_06,2026-06-15,Δ vs WPP -0.01
SVN,1979,2.22,NSO published (national vital statistics / Eurostat),,2026-06-15,HIGH,NSO_TFR_RESOURCE_2026_06,2026-06-15,Δ vs WPP +0.01
SVN,1980,2.11,NSO published (national vital statistics / Eurostat),,2026-06-15,HIGH,NSO_TFR_RESOURCE_2026_06,2026-06-15,Δ vs WPP +0.01
SVN,1981,1.96,NSO published (national vital statistics / Eurostat),,2026-06-15,HIGH,NSO_TFR_RESOURCE_2026_06,2026-06-15,Δ vs WPP +0.00
SVN,1982,1.93,NSO published (national vital statistics / Eurostat),,2026-06-15,HIGH,NSO_TFR_RESOURCE_2026_06,2026-06-15,Δ vs WPP +0.00
SVN,1983,1.82,NSO published (national vital statistics / Eurostat),,2026-06-15,HIGH,NSO_TFR_RESOURCE_2026_06,2026-06-15,Δ vs WPP +0.01
SVN,1984,1.75,NSO published (national vital statistics / Eurostat),,2026-06-15,HIGH,NSO_TFR_RESOURCE_2026_06,2026-06-15,Δ vs WPP +0.00
SVN,1985,1.72,NSO published (national vital statistics / Eurostat),,2026-06-15,HIGH,NSO_TFR_RESOURCE_2026_06,2026-06-15,Δ vs WPP +0.00
SVN,1986,1.65,NSO published (national vital statistics / Eurostat),,2026-06-15,HIGH,NSO_TFR_RESOURCE_2026_06,2026-06-15,Δ vs WPP -0.02
SVN,1987,1.64,NSO published (national vital statistics / Eurostat),,2026-06-15,HIGH,NSO_TFR_RESOURCE_2026_06,2026-06-15,Δ vs WPP -0.01
SVN,1988,1.63,NSO published (national vital statistics / Eurostat),,2026-06-15,HIGH,NSO_TFR_RESOURCE_2026_06,2026-06-15,Δ vs WPP +0.00
SVN,1989,1.52,NSO published (national vital statistics / Eurostat),,2026-06-15,HIGH,NSO_TFR_RESOURCE_2026_06,2026-06-15,Δ vs WPP -0.00
SVN,1990,1.46,NSO published (national vital statistics / Eurostat),,2026-06-15,HIGH,NSO_TFR_RESOURCE_2026_06,2026-06-15,Δ vs WPP -0.00
SVN,1991,1.42,NSO published (national vital statistics / Eurostat),,2026-06-15,HIGH,NSO_TFR_RESOURCE_2026_06,2026-06-15,Δ vs WPP -0.00
SVN,1992,1.34,NSO published (national vital statistics / Eurostat),,2026-06-15,HIGH,NSO_TFR_RESOURCE_2026_06,2026-06-15,Δ vs WPP +0.01
SVN,1993,1.33,NSO published (national vital statistics / Eurostat),,2026-06-15,HIGH,NSO_TFR_RESOURCE_2026_06,2026-06-15,Δ vs WPP +0.00
SVN,1994,1.32,NSO published (national vital statistics / Eurostat),,2026-06-15,HIGH,NSO_TFR_RESOURCE_2026_06,2026-06-15,Δ vs WPP +0.00
SVN,1995,1.29,NSO published (national vital statistics / Eurostat),,2026-06-15,HIGH,NSO_TFR_RESOURCE_2026_06,2026-06-15,Δ vs WPP +0.00
SVN,1996,1.28,NSO published (national vital statistics / Eurostat),,2026-06-15,HIGH,NSO_TFR_RESOURCE_2026_06,2026-06-15,Δ vs WPP +0.00
SVN,1997,1.25,NSO published (national vital statistics / Eurostat),,2026-06-15,HIGH,NSO_TFR_RESOURCE_2026_06,2026-06-15,Δ vs WPP +0.00
SVN,1998,1.23,NSO published (national vital statistics / Eurostat),,2026-06-15,HIGH,NSO_TFR_RESOURCE_2026_06,2026-06-15,Δ vs WPP -0.00
SVN,1999,1.21,NSO published (national vital statistics / Eurostat),,2026-06-15,HIGH,NSO_TFR_RESOURCE_2026_06,2026-06-15,Δ vs WPP -0.00
SVN,2000,1.26,NSO published (national vital statistics / Eurostat),,2026-06-15,HIGH,NSO_TFR_RESOURCE_2026_06,2026-06-15,Δ vs WPP +0.01
SVN,2001,1.21,NSO published (national vital statistics / Eurostat),,2026-06-15,HIGH,NSO_TFR_RESOURCE_2026_06,2026-06-15,Δ vs WPP +0.00
SVN,2002,1.21,NSO published (national vital statistics / Eurostat),,2026-06-15,HIGH,NSO_TFR_RESOURCE_2026_06,2026-06-15,Δ vs WPP -0.00
SVN,2003,1.2,NSO published (national vital statistics / Eurostat),,2026-06-15,HIGH,NSO_TFR_RESOURCE_2026_06,2026-06-15,Δ vs WPP -0.00
SVN,2004,1.25,NSO published (national vital statistics / Eurostat),,2026-06-15,HIGH,NSO_TFR_RESOURCE_2026_06,2026-06-15,Δ vs WPP +0.00
SVN,2005,1.26,NSO published (national vital statistics / Eurostat),,2026-06-15,HIGH,NSO_TFR_RESOURCE_2026_06,2026-06-15,Δ vs WPP -0.00
SVN,2006,1.31,NSO published (national vital statistics / Eurostat),,2026-06-15,HIGH,NSO_TFR_RESOURCE_2026_06,2026-06-15,Δ vs WPP -0.01
SVN,2007,1.31,NSO published (national vital statistics / Eurostat),,2026-06-15,HIGH,NSO_TFR_RESOURCE_2026_06,2026-06-15,Δ vs WPP -0.08
SVN,2008,1.53,NSO published (national vital statistics / Eurostat),,2026-06-15,HIGH,NSO_TFR_RESOURCE_2026_06,2026-06-15,Δ vs WPP +0.00
SVN,2009,1.53,NSO published (national vital statistics / Eurostat),,2026-06-15,HIGH,NSO_TFR_RESOURCE_2026_06,2026-06-15,Δ vs WPP -0.01
SVN,2010,1.57,NSO published (national vital statistics / Eurostat),,2026-06-15,HIGH,NSO_TFR_RESOURCE_2026_06,2026-06-15,Δ vs WPP -0.01
SVN,2011,1.56,NSO published (national vital statistics / Eurostat),,2026-06-15,HIGH,NSO_TFR_RESOURCE_2026_06,2026-06-15,Δ vs WPP -0.01
SVN,2012,1.58,NSO published (national vital statistics / Eurostat),,2026-06-15,HIGH,NSO_TFR_RESOURCE_2026_06,2026-06-15,Δ vs WPP -0.01
SVN,2013,1.55,NSO published (national vital statistics / Eurostat),,2026-06-15,HIGH,NSO_TFR_RESOURCE_2026_06,2026-06-15,Δ vs WPP -0.00
SVN,2014,1.58,NSO published (national vital statistics / Eurostat),,2026-06-15,HIGH,NSO_TFR_RESOURCE_2026_06,2026-06-15,Δ vs WPP -0.00
SVN,2015,1.57,NSO published (national vital statistics / Eurostat),,2026-06-15,HIGH,NSO_TFR_RESOURCE_2026_06,2026-06-15,Δ vs WPP -0.01
SVN,2016,1.58,NSO published (national vital statistics / Eurostat),,2026-06-15,HIGH,NSO_TFR_RESOURCE_2026_06,2026-06-15,Δ vs WPP -0.01
SVN,2017,1.62,NSO published (national vital statistics / Eurostat),,2026-06-15,HIGH,NSO_TFR_RESOURCE_2026_06,2026-06-15,Δ vs WPP -0.00
SVN,2018,1.61,NSO published (national vital statistics / Eurostat),,2026-06-15,HIGH,NSO_TFR_RESOURCE_2026_06,2026-06-15,Δ vs WPP +0.00
SVN,2019,1.61,NSO published (national vital statistics / Eurostat),,2026-06-15,HIGH,NSO_TFR_RESOURCE_2026_06,2026-06-15,Δ vs WPP -0.00
SVN,2020,1.6,NSO published (national vital statistics / Eurostat),,2026-06-15,HIGH,NSO_TFR_RESOURCE_2026_06,2026-06-15,Δ vs WPP +0.01
SVN,2021,1.64,NSO published (national vital statistics / Eurostat),,2026-06-15,HIGH,NSO_TFR_RESOURCE_2026_06,2026-06-15,Δ vs WPP +0.00
SVN,2022,1.55,Wikipedia: Demographics of [SVN] (vital statistics),,2026-05-13,HIGH,EDITOR_DECISION_2026_05_v2,2026-05-13,Δ vs WPP -0.02
SVN,2023,1.51,Wikipedia: Demographics of [SVN] (vital statistics),,2026-05-13,HIGH,EDITOR_DECISION_2026_05_v2,2026-05-13,Δ vs WPP -0.07
SVN,2024,1.52,Wikipedia: Demographics of [SVN] (vital statistics),,2026-05-13,MEDIUM,EDITOR_DECISION_2026_05_v2,2026-05-13,Δ vs WPP -0.06. Editor certainty: Recheck
SVN,2025,1.5,Wikipedia (bidirectional TFR interpolation),,2026-05-14,MEDIUM,CALCNEW_V7_FRESH,2026-05-14,Calc New v7 (tfr_extrap_fwd). 
SWE,2016,1.85,NSO published (national vital statistics / Eurostat),,2026-06-15,HIGH,NSO_TFR_RESOURCE_2026_06,2026-06-15,Δ vs WPP +0.00
SWE,2017,1.78,NSO published (national vital statistics / Eurostat),,2026-06-15,HIGH,NSO_TFR_RESOURCE_2026_06,2026-06-15,Δ vs WPP -0.00
SWE,2018,1.76,NSO published (national vital statistics / Eurostat),,2026-06-15,HIGH,NSO_TFR_RESOURCE_2026_06,2026-06-15,Δ vs WPP +0.01
SWE,2019,1.71,NSO published (national vital statistics / Eurostat),,2026-06-15,HIGH,NSO_TFR_RESOURCE_2026_06,2026-06-15,Δ vs WPP +0.00
SWE,2020,1.67,NSO published (national vital statistics / Eurostat),,2026-06-15,HIGH,NSO_TFR_RESOURCE_2026_06,2026-06-15,Δ vs WPP -0.00
SWE,2021,1.67,NSO published (national vital statistics / Eurostat),,2026-06-15,HIGH,NSO_TFR_RESOURCE_2026_06,2026-06-15,Δ vs WPP +0.00
SWE,2022,1.53,NSO published (national vital statistics / Eurostat),,2026-06-15,HIGH,NSO_TFR_RESOURCE_2026_06,2026-06-15,Δ vs WPP -0.01
SWE,2023,1.45,NSO published (national vital statistics / Eurostat),,2026-06-15,HIGH,NSO_TFR_RESOURCE_2026_06,2026-06-15,Δ vs WPP +0.02
SWE,2024,1.43,NSO published (national vital statistics / Eurostat),,2026-06-15,HIGH,NSO_TFR_RESOURCE_2026_06,2026-06-15,Δ vs WPP -0.00
SYC,2016,2.39,Wikipedia: Demographics of [SYC] (vital statistics),,2026-05-13,HIGH,EDITOR_DECISION_2026_05_v2,2026-05-13,Δ vs WPP +0.09
SYC,2017,2.41,Wikipedia: Demographics of [SYC] (vital statistics),,2026-05-13,HIGH,EDITOR_DECISION_2026_05_v2,2026-05-13,Δ vs WPP +0.10
SYC,2018,2.41,Wikipedia: Demographics of [SYC] (vital statistics),,2026-05-13,HIGH,EDITOR_DECISION_2026_05_v2,2026-05-13,Δ vs WPP +0.12
SYC,2019,2.36,Wikipedia: Demographics of [SYC] (vital statistics),,2026-05-13,HIGH,EDITOR_DECISION_2026_05_v2,2026-05-13,Δ vs WPP +0.10
SYC,2020,2.29,Wikipedia: Demographics of [SYC] (vital statistics),,2026-05-13,HIGH,EDITOR_DECISION_2026_05_v2,2026-05-13,Δ vs WPP +0.06
SYC,2021,2.46,Wikipedia: Demographics of [SYC] (vital statistics),,2026-05-13,HIGH,EDITOR_DECISION_2026_05_v2,2026-05-13,Δ vs WPP +0.26
SYC,2022,2.01,Wikipedia: Demographics of [SYC] (vital statistics),,2026-05-13,HIGH,EDITOR_DECISION_2026_05_v2,2026-05-13,Δ vs WPP -0.16
SYC,2023,2.02,Wikipedia: Demographics of [SYC] (vital statistics),,2026-05-13,HIGH,EDITOR_DECISION_2026_05_v2,2026-05-13,Δ vs WPP -0.11
SYC,2024,1.73,Wikipedia: Demographics of [SYC] (vital statistics),,2026-05-13,MEDIUM,EDITOR_DECISION_2026_05_v2,2026-05-13,Δ vs WPP -0.38. Editor certainty: Recheck
SYC,2025,1.68,Wikipedia: Demographics of [SYC] (vital statistics),,2026-05-13,MEDIUM,EDITOR_DECISION_2026_05_v2,2026-05-13,Δ vs WPP -0.40. Editor certainty: Recheck
THA,2018,1.36,Wikipedia: Demographics of [THA] (vital statistics),,2026-05-13,HIGH,EDITOR_DECISION_2026_05_v2,2026-05-13,Δ vs WPP +0.04
THA,2019,1.25,Wikipedia: Demographics of [THA] (vital statistics),,2026-05-13,HIGH,EDITOR_DECISION_2026_05_v2,2026-05-13,Δ vs WPP -0.04
THA,2020,1.18,Wikipedia: Demographics of [THA] (vital statistics),,2026-05-13,HIGH,EDITOR_DECISION_2026_05_v2,2026-05-13,Δ vs WPP -0.08
THA,2021,1.16,Wikipedia: Demographics of [THA] (vital statistics),,2026-05-13,HIGH,EDITOR_DECISION_2026_05_v2,2026-05-13,Δ vs WPP -0.07
THA,2022,1.07,Wikipedia: Demographics of [THA] (vital statistics),,2026-05-13,HIGH,EDITOR_DECISION_2026_05_v2,2026-05-13,Δ vs WPP -0.15
THA,2023,1.11,Wikipedia: Demographics of [THA] (vital statistics),,2026-05-13,HIGH,EDITOR_DECISION_2026_05_v2,2026-05-13,Δ vs WPP -0.10
THA,2024,0.98,Wikipedia: Demographics of [THA] (vital statistics),,2026-05-13,MEDIUM,EDITOR_DECISION_2026_05_v2,2026-05-13,Δ vs WPP -0.22. Editor certainty: Recheck
THA,2025,0.87,Wikipedia: Demographics of [THA] (vital statistics),,2026-05-13,MEDIUM,EDITOR_DECISION_2026_05_v2,2026-05-13,Δ vs WPP -0.32. Editor certainty: Recheck
TJK,1984,5.494,NSO published (national vital statistics / Eurostat),,2026-06-15,HIGH,NSO_TFR_RESOURCE_2026_06,2026-06-15,Δ vs WPP -0.46
TJK,1985,5.498,NSO published (national vital statistics / Eurostat),,2026-06-15,HIGH,NSO_TFR_RESOURCE_2026_06,2026-06-15,Δ vs WPP -0.45
TJK,1986,5.698,NSO published (national vital statistics / Eurostat),,2026-06-15,HIGH,NSO_TFR_RESOURCE_2026_06,2026-06-15,Δ vs WPP -0.21
TJK,1987,5.662,NSO published (national vital statistics / Eurostat),,2026-06-15,HIGH,NSO_TFR_RESOURCE_2026_06,2026-06-15,Δ vs WPP -0.18
TJK,1988,5.348,NSO published (national vital statistics / Eurostat),,2026-06-15,HIGH,NSO_TFR_RESOURCE_2026_06,2026-06-15,Δ vs WPP -0.41
TJK,1989,5.104,NSO published (national vital statistics / Eurostat),,2026-06-15,HIGH,NSO_TFR_RESOURCE_2026_06,2026-06-15,Δ vs WPP -0.50
TJK,1990,5.091,NSO published (national vital statistics / Eurostat),,2026-06-15,HIGH,NSO_TFR_RESOURCE_2026_06,2026-06-15,Δ vs WPP -0.36
TJK,1991,5.094,NSO published (national vital statistics / Eurostat),,2026-06-15,HIGH,NSO_TFR_RESOURCE_2026_06,2026-06-15,Δ vs WPP -0.18
TJK,1992,4.205,NSO published (national vital statistics / Eurostat),,2026-06-15,HIGH,NSO_TFR_RESOURCE_2026_06,2026-06-15,Δ vs WPP -0.85
TJK,1993,4.32,NSO published (national vital statistics / Eurostat),,2026-06-15,HIGH,NSO_TFR_RESOURCE_2026_06,2026-06-15,Δ vs WPP -0.60
TJK,1994,4.355,NSO published (national vital statistics / Eurostat),,2026-06-15,HIGH,NSO_TFR_RESOURCE_2026_06,2026-06-15,Δ vs WPP -0.44
TJK,1995,4.385,NSO published (national vital statistics / Eurostat),,2026-06-15,HIGH,NSO_TFR_RESOURCE_2026_06,2026-06-15,Δ vs WPP -0.28
TJK,1996,3.931,NSO published (national vital statistics / Eurostat),,2026-06-15,HIGH,NSO_TFR_RESOURCE_2026_06,2026-06-15,Δ vs WPP -0.01
TJK,1997,4.064,NSO published (national vital statistics / Eurostat),,2026-06-15,HIGH,NSO_TFR_RESOURCE_2026_06,2026-06-15,Δ vs WPP +0.00
TJK,1998,4.068,NSO published (national vital statistics / Eurostat),,2026-06-15,HIGH,NSO_TFR_RESOURCE_2026_06,2026-06-15,Δ vs WPP -0.00
TJK,1999,3.852,NSO published (national vital statistics / Eurostat),,2026-06-15,HIGH,NSO_TFR_RESOURCE_2026_06,2026-06-15,Δ vs WPP +0.00
TJK,2000,3.493,NSO published (national vital statistics / Eurostat),,2026-06-15,HIGH,NSO_TFR_RESOURCE_2026_06,2026-06-15,Δ vs WPP +0.00
TJK,2001,3.487,NSO published (national vital statistics / Eurostat),,2026-06-15,HIGH,NSO_TFR_RESOURCE_2026_06,2026-06-15,Δ vs WPP -0.00
TJK,2002,3.471,NSO published (national vital statistics / Eurostat),,2026-06-15,HIGH,NSO_TFR_RESOURCE_2026_06,2026-06-15,Δ vs WPP +0.00
TJK,2003,3.42,NSO published (national vital statistics / Eurostat),,2026-06-15,HIGH,NSO_TFR_RESOURCE_2026_06,2026-06-15,Δ vs WPP +0.00
TJK,2004,3.354,NSO published (national vital statistics / Eurostat),,2026-06-15,HIGH,NSO_TFR_RESOURCE_2026_06,2026-06-15,Δ vs WPP -0.15
TJK,2005,3.274,NSO published (national vital statistics / Eurostat),,2026-06-15,HIGH,NSO_TFR_RESOURCE_2026_06,2026-06-15,Δ vs WPP -0.12
TJK,2006,3.266,NSO published (national vital statistics / Eurostat),,2026-06-15,HIGH,NSO_TFR_RESOURCE_2026_06,2026-06-15,Δ vs WPP -0.08
TJK,2007,3.5,Tajikistan Agency on Statistics,https://stat.tj/,2026-05-13,HIGH,EDITOR_DECISION_2026_05_v2,2026-05-13,Pre-2016 override (editor matrix start year: 2007)
TJK,2008,3.55,Tajikistan Agency on Statistics,https://stat.tj/,2026-05-13,HIGH,EDITOR_DECISION_2026_05_v2,2026-05-13,Pre-2016 override (editor matrix start year: 2007)
TJK,2009,3.48,Tajikistan Agency on Statistics,https://stat.tj/,2026-05-13,HIGH,EDITOR_DECISION_2026_05_v2,2026-05-13,Pre-2016 override (editor matrix start year: 2007)
TJK,2010,3.576,Tajikistan Agency on Statistics,https://stat.tj/,2026-05-13,HIGH,EDITOR_DECISION_2026_05_v2,2026-05-13,Pre-2016 override (editor matrix start year: 2007)
TJK,2011,3.49,Tajikistan Agency on Statistics,https://stat.tj/,2026-05-13,HIGH,EDITOR_DECISION_2026_05_v2,2026-05-13,Pre-2016 override (editor matrix start year: 2007)
TJK,2012,3.55,Tajikistan Agency on Statistics,https://stat.tj/,2026-05-13,HIGH,EDITOR_DECISION_2026_05_v2,2026-05-13,Pre-2016 override (editor matrix start year: 2007)
TJK,2013,3.54,Tajikistan Agency on Statistics,https://stat.tj/,2026-05-13,HIGH,EDITOR_DECISION_2026_05_v2,2026-05-13,Pre-2016 override (editor matrix start year: 2007)
TJK,2014,3.87,Tajikistan Agency on Statistics,https://stat.tj/,2026-05-13,HIGH,EDITOR_DECISION_2026_05_v2,2026-05-13,Pre-2016 override (editor matrix start year: 2007)
TJK,2015,4.0,Tajikistan Agency on Statistics,https://stat.tj/,2026-05-13,HIGH,EDITOR_DECISION_2026_05_v2,2026-05-13,Pre-2016 override (editor matrix start year: 2007)
TJK,2016,3.87,Tajikistan Agency on Statistics,https://stat.tj/,2026-05-13,HIGH,EDITOR_DECISION_2026_05_v2,2026-05-13,Δ vs WPP +0.49. Editor certainty: Materially Higher
TJK,2017,3.61,Tajikistan Agency on Statistics,https://stat.tj/,2026-05-13,HIGH,EDITOR_DECISION_2026_05_v2,2026-05-13,Δ vs WPP +0.32. Editor certainty: Materially Higher
TJK,2018,3.65,Tajikistan Agency on Statistics,https://stat.tj/,2026-05-13,HIGH,EDITOR_DECISION_2026_05_v2,2026-05-13,Δ vs WPP +0.36. Editor certainty: Materially Higher
TJK,2019,3.69,Tajikistan Agency on Statistics,https://stat.tj/,2026-05-13,HIGH,EDITOR_DECISION_2026_05_v2,2026-05-13,Δ vs WPP +0.41. Editor certainty: Materially Higher
TJK,2020,3.72,Tajikistan Agency on Statistics,https://stat.tj/,2026-05-13,HIGH,EDITOR_DECISION_2026_05_v2,2026-05-13,Δ vs WPP +0.51. Editor certainty: Materially Higher
TJK,2021,3.75,Tajikistan Agency on Statistics,https://stat.tj/,2026-05-13,HIGH,EDITOR_DECISION_2026_05_v2,2026-05-13,Δ vs WPP +0.58. Editor certainty: Materially Higher
TJK,2022,3.78,Tajikistan Agency on Statistics,https://stat.tj/,2026-05-13,HIGH,EDITOR_DECISION_2026_05_v2,2026-05-13,Δ vs WPP +0.65. Editor certainty: Materially Higher
TJK,2023,3.8,Tajikistan Agency on Statistics,https://stat.tj/,2026-05-13,HIGH,EDITOR_DECISION_2026_05_v2,2026-05-13,Δ vs WPP +0.73. Editor certainty: Materially Higher
TJK,2024,3.1,Tajikistan Agency on Statistics,https://stat.tj/,2026-05-13,HIGH,EDITOR_DECISION_2026_05_v2,2026-05-13,Δ vs WPP +0.06
TJK,2025,2.95,Tajikistan Agency on Statistics,https://stat.tj/,2026-05-13,HIGH,EDITOR_DECISION_2026_05_v2,2026-05-13,Δ vs WPP -0.04
TUN,1966,7.22,NSO published (national vital statistics / Eurostat),,2026-06-15,HIGH,NSO_TFR_RESOURCE_2026_06,2026-06-15,Δ vs WPP +0.16
TUN,1968,6.86,NSO published (national vital statistics / Eurostat),,2026-06-15,HIGH,NSO_TFR_RESOURCE_2026_06,2026-06-15,Δ vs WPP +0.05
TUN,1970,6.09,NSO published (national vital statistics / Eurostat),,2026-06-15,HIGH,NSO_TFR_RESOURCE_2026_06,2026-06-15,Δ vs WPP -0.34
TUN,1971,6,NSO published (national vital statistics / Eurostat),,2026-06-15,HIGH,NSO_TFR_RESOURCE_2026_06,2026-06-15,Δ vs WPP -0.29
TUN,1973,6.18,NSO published (national vital statistics / Eurostat),,2026-06-15,HIGH,NSO_TFR_RESOURCE_2026_06,2026-06-15,Δ vs WPP +0.06
TUN,1978,5.14,NSO published (national vital statistics / Eurostat),,2026-06-15,HIGH,NSO_TFR_RESOURCE_2026_06,2026-06-15,Δ vs WPP -0.26
TUN,1979,4.92,NSO published (national vital statistics / Eurostat),,2026-06-15,HIGH,NSO_TFR_RESOURCE_2026_06,2026-06-15,Δ vs WPP -0.26
TUN,1980,4.51,NSO published (national vital statistics / Eurostat),,2026-06-15,HIGH,NSO_TFR_RESOURCE_2026_06,2026-06-15,Δ vs WPP -0.52
TUN,1983,4.88,NSO published (national vital statistics / Eurostat),,2026-06-15,HIGH,NSO_TFR_RESOURCE_2026_06,2026-06-15,Δ vs WPP +0.11
TUN,1984,4.66,NSO published (national vital statistics / Eurostat),,2026-06-15,HIGH,NSO_TFR_RESOURCE_2026_06,2026-06-15,Δ vs WPP -0.00
TUN,1985,4.42,NSO published (national vital statistics / Eurostat),,2026-06-15,HIGH,NSO_TFR_RESOURCE_2026_06,2026-06-15,Δ vs WPP -0.10
TUN,1986,4.39,NSO published (national vital statistics / Eurostat),,2026-06-15,HIGH,NSO_TFR_RESOURCE_2026_06,2026-06-15,Δ vs WPP +0.03
TUN,1987,4.07,NSO published (national vital statistics / Eurostat),,2026-06-15,HIGH,NSO_TFR_RESOURCE_2026_06,2026-06-15,Δ vs WPP -0.03
TUN,1988,3.78,NSO published (national vital statistics / Eurostat),,2026-06-15,HIGH,NSO_TFR_RESOURCE_2026_06,2026-06-15,Δ vs WPP -0.05
TUN,1989,3.36,NSO published (national vital statistics / Eurostat),,2026-06-15,HIGH,NSO_TFR_RESOURCE_2026_06,2026-06-15,Δ vs WPP -0.21
TUN,1990,3.35,NSO published (national vital statistics / Eurostat),,2026-06-15,HIGH,NSO_TFR_RESOURCE_2026_06,2026-06-15,Δ vs WPP -0.09
TUN,1991,3.28,NSO published (national vital statistics / Eurostat),,2026-06-15,HIGH,NSO_TFR_RESOURCE_2026_06,2026-06-15,Δ vs WPP -0.03
TUN,1992,3.25,NSO published (national vital statistics / Eurostat),,2026-06-15,HIGH,NSO_TFR_RESOURCE_2026_06,2026-06-15,Δ vs WPP +0.06
TUN,1993,3.12,NSO published (national vital statistics / Eurostat),,2026-06-15,HIGH,NSO_TFR_RESOURCE_2026_06,2026-06-15,Δ vs WPP +0.06
TUN,1994,2.9,NSO published (national vital statistics / Eurostat),,2026-06-15,HIGH,NSO_TFR_RESOURCE_2026_06,2026-06-15,Δ vs WPP +0.03
TUN,1995,2.67,NSO published (national vital statistics / Eurostat),,2026-06-15,HIGH,NSO_TFR_RESOURCE_2026_06,2026-06-15,Δ vs WPP +0.00
TUN,1996,2.51,NSO published (national vital statistics / Eurostat),,2026-06-15,HIGH,NSO_TFR_RESOURCE_2026_06,2026-06-15,Δ vs WPP +0.02
TUN,1997,2.38,NSO published (national vital statistics / Eurostat),,2026-06-15,HIGH,NSO_TFR_RESOURCE_2026_06,2026-06-15,Δ vs WPP +0.04
TUN,1998,2.23,NSO published (national vital statistics / Eurostat),,2026-06-15,HIGH,NSO_TFR_RESOURCE_2026_06,2026-06-15,Δ vs WPP +0.03
TUN,1999,2.09,NSO published (national vital statistics / Eurostat),,2026-06-15,HIGH,NSO_TFR_RESOURCE_2026_06,2026-06-15,Δ vs WPP +0.01
TUN,2000,2.08,NSO published (national vital statistics / Eurostat),,2026-06-15,HIGH,NSO_TFR_RESOURCE_2026_06,2026-06-15,Δ vs WPP +0.05
TUN,2001,2.05,NSO published (national vital statistics / Eurostat),,2026-06-15,HIGH,NSO_TFR_RESOURCE_2026_06,2026-06-15,Δ vs WPP +0.08
TUN,2002,2,NSO published (national vital statistics / Eurostat),,2026-06-15,HIGH,NSO_TFR_RESOURCE_2026_06,2026-06-15,Δ vs WPP +0.06
TUN,2003,2.06,NSO published (national vital statistics / Eurostat),,2026-06-15,HIGH,NSO_TFR_RESOURCE_2026_06,2026-06-15,Δ vs WPP +0.10
TUN,2004,2.02,NSO published (national vital statistics / Eurostat),,2026-06-15,HIGH,NSO_TFR_RESOURCE_2026_06,2026-06-15,Δ vs WPP +0.07
TUN,2005,2.04,NSO published (national vital statistics / Eurostat),,2026-06-15,HIGH,NSO_TFR_RESOURCE_2026_06,2026-06-15,Δ vs WPP +0.09
TUN,2006,2.03,NSO published (national vital statistics / Eurostat),,2026-06-15,HIGH,NSO_TFR_RESOURCE_2026_06,2026-06-15,Δ vs WPP +0.08
TUN,2007,2.04,NSO published (national vital statistics / Eurostat),,2026-06-15,HIGH,NSO_TFR_RESOURCE_2026_06,2026-06-15,Δ vs WPP +0.08
TUN,2008,2.06,NSO published (national vital statistics / Eurostat),,2026-06-15,HIGH,NSO_TFR_RESOURCE_2026_06,2026-06-15,Δ vs WPP +0.08
TUN,2009,2.05,NSO published (national vital statistics / Eurostat),,2026-06-15,HIGH,NSO_TFR_RESOURCE_2026_06,2026-06-15,Δ vs WPP +0.05
TUN,2010,2.13,NSO published (national vital statistics / Eurostat),,2026-06-15,HIGH,NSO_TFR_RESOURCE_2026_06,2026-06-15,Δ vs WPP +0.05
TUN,2011,2.29,NSO published (national vital statistics / Eurostat),,2026-06-15,HIGH,NSO_TFR_RESOURCE_2026_06,2026-06-15,Δ vs WPP +0.10
TUN,2012,2.39,NSO published (national vital statistics / Eurostat),,2026-06-15,HIGH,NSO_TFR_RESOURCE_2026_06,2026-06-15,Δ vs WPP +0.11
TUN,2013,2.43,NSO published (national vital statistics / Eurostat),,2026-06-15,HIGH,NSO_TFR_RESOURCE_2026_06,2026-06-15,Δ vs WPP +0.12
TUN,2014,2.46,NSO published (national vital statistics / Eurostat),,2026-06-15,HIGH,NSO_TFR_RESOURCE_2026_06,2026-06-15,Δ vs WPP +0.14
TUN,2015,2.42,NSO published (national vital statistics / Eurostat),,2026-06-15,HIGH,NSO_TFR_RESOURCE_2026_06,2026-06-15,Δ vs WPP +0.11
TUN,2016,2.4,Wikipedia: Demographics of [TUN] (vital statistics),,2026-05-13,HIGH,EDITOR_DECISION_2026_05_v2,2026-05-13,Δ vs WPP +0.12
TUN,2017,2.29,Wikipedia: Demographics of [TUN] (vital statistics),,2026-05-13,HIGH,EDITOR_DECISION_2026_05_v2,2026-05-13,Δ vs WPP +0.08
TUN,2018,2.23,Wikipedia: Demographics of [TUN] (vital statistics),,2026-05-13,HIGH,EDITOR_DECISION_2026_05_v2,2026-05-13,Δ vs WPP +0.10
TUN,2019,2.17,Wikipedia: Demographics of [TUN] (vital statistics),,2026-05-13,HIGH,EDITOR_DECISION_2026_05_v2,2026-05-13,Δ vs WPP +0.07
TUN,2020,1.96,Wikipedia: Demographics of [TUN] (vital statistics),,2026-05-13,HIGH,EDITOR_DECISION_2026_05_v2,2026-05-13,Δ vs WPP -0.04
TUN,2021,1.82,Wikipedia: Demographics of [TUN] (vital statistics),,2026-05-13,HIGH,EDITOR_DECISION_2026_05_v2,2026-05-13,Δ vs WPP +0.02
TUN,2022,1.7,Wikipedia: Demographics of [TUN] (vital statistics),,2026-05-13,HIGH,EDITOR_DECISION_2026_05_v2,2026-05-13,Δ vs WPP -0.15
TUN,2023,1.58,Wikipedia: Demographics of [TUN] (vital statistics),,2026-05-13,HIGH,EDITOR_DECISION_2026_05_v2,2026-05-13,Δ vs WPP -0.25
TUN,2024,1.45,Wikipedia: Demographics of [TUN] (vital statistics),,2026-05-13,MEDIUM,EDITOR_DECISION_2026_05_v2,2026-05-13,Δ vs WPP -0.37. Editor certainty: Recheck
TUN,2025,1.4,Wikipedia (bidirectional TFR interpolation),,2026-05-14,MEDIUM,CALCNEW_V7_FRESH,2026-05-14,Calc New v7 (tfr_extrap_fwd). 
TUR,2016,2.11,NSO published (national vital statistics / Eurostat),,2026-06-15,HIGH,NSO_TFR_RESOURCE_2026_06,2026-06-15,Δ vs WPP -0.00
TUR,2017,2.07,NSO published (national vital statistics / Eurostat),,2026-06-15,HIGH,NSO_TFR_RESOURCE_2026_06,2026-06-15,Δ vs WPP -0.01
TUR,2018,1.99,NSO published (national vital statistics / Eurostat),,2026-06-15,HIGH,NSO_TFR_RESOURCE_2026_06,2026-06-15,Δ vs WPP -0.01
TUR,2019,1.88,NSO published (national vital statistics / Eurostat),,2026-06-15,HIGH,NSO_TFR_RESOURCE_2026_06,2026-06-15,Δ vs WPP -0.01
TUR,2022,1.63,NSO published (national vital statistics / Eurostat),,2026-06-15,HIGH,NSO_TFR_RESOURCE_2026_06,2026-06-15,Δ vs WPP +0.01
TUR,2023,1.51,Wikipedia: Demographics of [TUR] (vital statistics),,2026-05-13,HIGH,EDITOR_DECISION_2026_05_v2,2026-05-13,Δ vs WPP -0.11
TUR,2024,1.48,Wikipedia: Demographics of [TUR] (vital statistics),,2026-05-13,MEDIUM,EDITOR_DECISION_2026_05_v2,2026-05-13,Δ vs WPP -0.14. Editor certainty: Recheck
TUR,2025,1.43,Wikipedia: Demographics of [TUR] (vital statistics),,2026-05-13,MEDIUM,EDITOR_DECISION_2026_05_v2,2026-05-13,Δ vs WPP -0.19. Editor certainty: Recheck
TWN,2018,1.06,Wikipedia: Demographics of [TWN] (vital statistics),,2026-05-13,HIGH,EDITOR_DECISION_2026_05_v2,2026-05-13,Δ vs WPP -0.02
TWN,2024,0.89,Wikipedia: Demographics of [TWN] (vital statistics),,2026-05-13,HIGH,EDITOR_DECISION_2026_05_v2,2026-05-13,Δ vs WPP +0.03
TWN,2025,0.7,Wikipedia: Demographics of [TWN] (vital statistics),,2026-05-13,MEDIUM,EDITOR_DECISION_2026_05_v2,2026-05-13,Δ vs WPP -0.16. Editor certainty: Recheck
UKR,2016,1.47,Wikipedia: Demographics of [UKR] (vital statistics),,2026-05-13,HIGH,EDITOR_DECISION_2026_05_v2,2026-05-13,Δ vs WPP +0.08
UKR,2017,1.37,Wikipedia: Demographics of [UKR] (vital statistics),,2026-05-13,HIGH,EDITOR_DECISION_2026_05_v2,2026-05-13,Δ vs WPP +0.07
UKR,2018,1.3,Wikipedia: Demographics of [UKR] (vital statistics),,2026-05-13,HIGH,EDITOR_DECISION_2026_05_v2,2026-05-13,Δ vs WPP +0.07
UKR,2022,0.9,Ukraine wartime override sheet 2026-05-20 (registration + UNHCR + NASU),,2026-05-20,HIGH,EDITOR_OVERRIDE_2026_05,2026-05-20,wartime structural override
UKR,2023,0.95,Ukraine wartime override sheet 2026-05-20 (registration + UNHCR + NASU),,2026-05-20,HIGH,EDITOR_OVERRIDE_2026_05,2026-05-20,wartime structural override
UKR,2024,0.92,Ukraine wartime override sheet 2026-05-20 (registration + UNHCR + NASU),,2026-05-20,HIGH,EDITOR_OVERRIDE_2026_05,2026-05-20,wartime structural override
UKR,2025,0.9,Ukraine wartime override sheet 2026-05-20 (registration + UNHCR + NASU),,2026-05-20,HIGH,EDITOR_OVERRIDE_2026_05,2026-05-20,wartime structural override
URY,1965,2.84,NSO published (national vital statistics / Eurostat),,2026-06-15,HIGH,NSO_TFR_RESOURCE_2026_06,2026-06-15,Δ vs WPP -0.00
URY,1966,2.82,NSO published (national vital statistics / Eurostat),,2026-06-15,HIGH,NSO_TFR_RESOURCE_2026_06,2026-06-15,Δ vs WPP +0.00
URY,1967,2.78,NSO published (national vital statistics / Eurostat),,2026-06-15,HIGH,NSO_TFR_RESOURCE_2026_06,2026-06-15,Δ vs WPP -0.00
URY,1968,2.77,NSO published (national vital statistics / Eurostat),,2026-06-15,HIGH,NSO_TFR_RESOURCE_2026_06,2026-06-15,Δ vs WPP -0.00
URY,1969,2.77,NSO published (national vital statistics / Eurostat),,2026-06-15,HIGH,NSO_TFR_RESOURCE_2026_06,2026-06-15,Δ vs WPP +0.00
URY,1970,2.77,NSO published (national vital statistics / Eurostat),,2026-06-15,HIGH,NSO_TFR_RESOURCE_2026_06,2026-06-15,Δ vs WPP -0.00
URY,1971,2.77,NSO published (national vital statistics / Eurostat),,2026-06-15,HIGH,NSO_TFR_RESOURCE_2026_06,2026-06-15,Δ vs WPP +0.00
URY,1972,2.78,NSO published (national vital statistics / Eurostat),,2026-06-15,HIGH,NSO_TFR_RESOURCE_2026_06,2026-06-15,Δ vs WPP -0.00
URY,1973,2.85,NSO published (national vital statistics / Eurostat),,2026-06-15,HIGH,NSO_TFR_RESOURCE_2026_06,2026-06-15,Δ vs WPP -0.00
URY,1974,2.96,NSO published (national vital statistics / Eurostat),,2026-06-15,HIGH,NSO_TFR_RESOURCE_2026_06,2026-06-15,Δ vs WPP +0.00
URY,1975,3.02,NSO published (national vital statistics / Eurostat),,2026-06-15,HIGH,NSO_TFR_RESOURCE_2026_06,2026-06-15,Δ vs WPP +0.00
URY,1976,3,NSO published (national vital statistics / Eurostat),,2026-06-15,HIGH,NSO_TFR_RESOURCE_2026_06,2026-06-15,Δ vs WPP -0.01
URY,1977,2.9,NSO published (national vital statistics / Eurostat),,2026-06-15,HIGH,NSO_TFR_RESOURCE_2026_06,2026-06-15,Δ vs WPP +0.00
URY,1978,2.83,NSO published (national vital statistics / Eurostat),,2026-06-15,HIGH,NSO_TFR_RESOURCE_2026_06,2026-06-15,Δ vs WPP +0.00
URY,1979,2.71,NSO published (national vital statistics / Eurostat),,2026-06-15,HIGH,NSO_TFR_RESOURCE_2026_06,2026-06-15,Δ vs WPP -0.00
URY,1980,2.59,NSO published (national vital statistics / Eurostat),,2026-06-15,HIGH,NSO_TFR_RESOURCE_2026_06,2026-06-15,Δ vs WPP +0.00
URY,1981,2.53,NSO published (national vital statistics / Eurostat),,2026-06-15,HIGH,NSO_TFR_RESOURCE_2026_06,2026-06-15,Δ vs WPP -0.00
URY,1982,2.51,NSO published (national vital statistics / Eurostat),,2026-06-15,HIGH,NSO_TFR_RESOURCE_2026_06,2026-06-15,Δ vs WPP -0.00
URY,1983,2.49,NSO published (national vital statistics / Eurostat),,2026-06-15,HIGH,NSO_TFR_RESOURCE_2026_06,2026-06-15,Δ vs WPP +0.00
URY,1984,2.47,NSO published (national vital statistics / Eurostat),,2026-06-15,HIGH,NSO_TFR_RESOURCE_2026_06,2026-06-15,Δ vs WPP -0.00
URY,1985,2.47,NSO published (national vital statistics / Eurostat),,2026-06-15,HIGH,NSO_TFR_RESOURCE_2026_06,2026-06-15,Δ vs WPP -0.00
URY,1986,2.47,NSO published (national vital statistics / Eurostat),,2026-06-15,HIGH,NSO_TFR_RESOURCE_2026_06,2026-06-15,Δ vs WPP +0.00
URY,1987,2.49,NSO published (national vital statistics / Eurostat),,2026-06-15,HIGH,NSO_TFR_RESOURCE_2026_06,2026-06-15,Δ vs WPP +0.00
URY,1988,2.5,NSO published (national vital statistics / Eurostat),,2026-06-15,HIGH,NSO_TFR_RESOURCE_2026_06,2026-06-15,Δ vs WPP -0.00
URY,1989,2.5,NSO published (national vital statistics / Eurostat),,2026-06-15,HIGH,NSO_TFR_RESOURCE_2026_06,2026-06-15,Δ vs WPP +0.00
URY,1990,2.48,NSO published (national vital statistics / Eurostat),,2026-06-15,HIGH,NSO_TFR_RESOURCE_2026_06,2026-06-15,Δ vs WPP +0.00
URY,1991,2.51,NSO published (national vital statistics / Eurostat),,2026-06-15,HIGH,NSO_TFR_RESOURCE_2026_06,2026-06-15,Δ vs WPP +0.06
URY,1992,2.49,NSO published (national vital statistics / Eurostat),,2026-06-15,HIGH,NSO_TFR_RESOURCE_2026_06,2026-06-15,Δ vs WPP +0.06
URY,1993,2.47,NSO published (national vital statistics / Eurostat),,2026-06-15,HIGH,NSO_TFR_RESOURCE_2026_06,2026-06-15,Δ vs WPP +0.06
URY,1994,2.44,NSO published (national vital statistics / Eurostat),,2026-06-15,HIGH,NSO_TFR_RESOURCE_2026_06,2026-06-15,Δ vs WPP +0.02
URY,1995,2.4,NSO published (national vital statistics / Eurostat),,2026-06-15,HIGH,NSO_TFR_RESOURCE_2026_06,2026-06-15,Δ vs WPP -0.00
URY,1996,2.36,NSO published (national vital statistics / Eurostat),,2026-06-15,HIGH,NSO_TFR_RESOURCE_2026_06,2026-06-15,Δ vs WPP -0.00
URY,1997,2.33,NSO published (national vital statistics / Eurostat),,2026-06-15,HIGH,NSO_TFR_RESOURCE_2026_06,2026-06-15,Δ vs WPP +0.00
URY,1998,2.29,NSO published (national vital statistics / Eurostat),,2026-06-15,HIGH,NSO_TFR_RESOURCE_2026_06,2026-06-15,Δ vs WPP +0.02
URY,1999,2.27,NSO published (national vital statistics / Eurostat),,2026-06-15,HIGH,NSO_TFR_RESOURCE_2026_06,2026-06-15,Δ vs WPP +0.02
URY,2000,2.24,NSO published (national vital statistics / Eurostat),,2026-06-15,HIGH,NSO_TFR_RESOURCE_2026_06,2026-06-15,Δ vs WPP +0.04
URY,2001,2.22,NSO published (national vital statistics / Eurostat),,2026-06-15,HIGH,NSO_TFR_RESOURCE_2026_06,2026-06-15,Δ vs WPP +0.06
URY,2002,2.21,NSO published (national vital statistics / Eurostat),,2026-06-15,HIGH,NSO_TFR_RESOURCE_2026_06,2026-06-15,Δ vs WPP +0.05
URY,2003,2.19,NSO published (national vital statistics / Eurostat),,2026-06-15,HIGH,NSO_TFR_RESOURCE_2026_06,2026-06-15,Δ vs WPP +0.07
URY,2004,2.17,NSO published (national vital statistics / Eurostat),,2026-06-15,HIGH,NSO_TFR_RESOURCE_2026_06,2026-06-15,Δ vs WPP +0.08
URY,2005,2.16,INE Uruguay,https://www.ine.gub.uy/,2026-05-13,HIGH,EDITOR_DECISION_2026_05_v2,2026-05-13,Pre-2016 override (editor matrix start year: 2005)
URY,2006,2.14,INE Uruguay,https://www.ine.gub.uy/,2026-05-13,HIGH,EDITOR_DECISION_2026_05_v2,2026-05-13,Pre-2016 override (editor matrix start year: 2005)
URY,2007,2.13,INE Uruguay,https://www.ine.gub.uy/,2026-05-13,HIGH,EDITOR_DECISION_2026_05_v2,2026-05-13,Pre-2016 override (editor matrix start year: 2005)
URY,2008,2.11,INE Uruguay,https://www.ine.gub.uy/,2026-05-13,HIGH,EDITOR_DECISION_2026_05_v2,2026-05-13,Pre-2016 override (editor matrix start year: 2005)
URY,2009,2.09,INE Uruguay,https://www.ine.gub.uy/,2026-05-13,HIGH,EDITOR_DECISION_2026_05_v2,2026-05-13,Pre-2016 override (editor matrix start year: 2005)
URY,2010,2.08,INE Uruguay,https://www.ine.gub.uy/,2026-05-13,HIGH,EDITOR_DECISION_2026_05_v2,2026-05-13,Pre-2016 override (editor matrix start year: 2005)
URY,2011,2.06,INE Uruguay,https://www.ine.gub.uy/,2026-05-13,HIGH,EDITOR_DECISION_2026_05_v2,2026-05-13,Pre-2016 override (editor matrix start year: 2005)
URY,2012,2.05,INE Uruguay,https://www.ine.gub.uy/,2026-05-13,HIGH,EDITOR_DECISION_2026_05_v2,2026-05-13,Pre-2016 override (editor matrix start year: 2005)
URY,2013,2.03,INE Uruguay,https://www.ine.gub.uy/,2026-05-13,HIGH,EDITOR_DECISION_2026_05_v2,2026-05-13,Pre-2016 override (editor matrix start year: 2005)
URY,2014,2.02,INE Uruguay,https://www.ine.gub.uy/,2026-05-13,HIGH,EDITOR_DECISION_2026_05_v2,2026-05-13,Pre-2016 override (editor matrix start year: 2005)
URY,2015,1.95,INE Uruguay,https://www.ine.gub.uy/,2026-05-13,HIGH,EDITOR_DECISION_2026_05_v2,2026-05-13,Pre-2016 override (editor matrix start year: 2005)
URY,2016,1.87,INE Uruguay,https://www.ine.gub.uy/,2026-05-13,HIGH,EDITOR_DECISION_2026_05_v2,2026-05-13,Δ vs WPP -0.10. Editor certainty: Materially Lower
URY,2017,1.71,INE Uruguay,https://www.ine.gub.uy/,2026-05-13,HIGH,EDITOR_DECISION_2026_05_v2,2026-05-13,Δ vs WPP -0.11. Editor certainty: Materially Lower
URY,2018,1.6,INE Uruguay,https://www.ine.gub.uy/,2026-05-13,HIGH,EDITOR_DECISION_2026_05_v2,2026-05-13,Δ vs WPP -0.08. Editor certainty: Materially Lower
URY,2019,1.5,INE Uruguay,https://www.ine.gub.uy/,2026-05-13,HIGH,EDITOR_DECISION_2026_05_v2,2026-05-13,Δ vs WPP -0.07. Editor certainty: Materially Lower
URY,2020,1.4,INE Uruguay,https://www.ine.gub.uy/,2026-05-13,HIGH,EDITOR_DECISION_2026_05_v2,2026-05-13,Δ vs WPP -0.10. Editor certainty: Materially Lower
URY,2021,1.34,INE Uruguay,https://www.ine.gub.uy/,2026-05-13,HIGH,EDITOR_DECISION_2026_05_v2,2026-05-13,Δ vs WPP -0.11. Editor certainty: Materially Lower
URY,2022,1.28,INE Uruguay,https://www.ine.gub.uy/,2026-05-13,HIGH,EDITOR_DECISION_2026_05_v2,2026-05-13,Δ vs WPP -0.14. Editor certainty: Materially Lower
URY,2023,1.25,INE Uruguay,https://www.ine.gub.uy/,2026-05-13,HIGH,EDITOR_DECISION_2026_05_v2,2026-05-13,Δ vs WPP -0.16. Editor certainty: Materially Lower
URY,2024,1.19,INE Uruguay,https://www.ine.gub.uy/,2026-05-13,HIGH,EDITOR_DECISION_2026_05_v2,2026-05-13,Δ vs WPP -0.21. Editor certainty: Materially Lower
URY,2025,1.14,"Wikipedia (TFR from observed births × local-window ratio, outlier-filtered)",,2026-05-14,HIGH,CALCNEW_V7_FRESH,2026-05-14,"Calc New v7 (v7_births_5anchor_±5y). R=0.000040, anchors=[(2020, 35866.0, 1.4, 3.903e-05), (2021, 34597.0, 1.34, 3.873e-05), (2022, 32301.0, 1.28, 3.963e-05), (2023, 31381.0, 1.25, 3.983e-05), (2024, 29899.0, 1.19, 3.98e-05)], dropped=[], window=±5y. Wiki-observed births 2025: 28,903."
USA,1965,2.928,NSO published (national vital statistics / Eurostat),,2026-06-15,HIGH,NSO_TFR_RESOURCE_2026_06,2026-06-15,Δ vs WPP -0.06
USA,1966,2.736,NSO published (national vital statistics / Eurostat),,2026-06-15,HIGH,NSO_TFR_RESOURCE_2026_06,2026-06-15,Δ vs WPP -0.03
USA,1967,2.578,NSO published (national vital statistics / Eurostat),,2026-06-15,HIGH,NSO_TFR_RESOURCE_2026_06,2026-06-15,Δ vs WPP -0.03
USA,1968,2.477,NSO published (national vital statistics / Eurostat),,2026-06-15,HIGH,NSO_TFR_RESOURCE_2026_06,2026-06-15,Δ vs WPP -0.03
USA,1969,2.465,NSO published (national vital statistics / Eurostat),,2026-06-15,HIGH,NSO_TFR_RESOURCE_2026_06,2026-06-15,Δ vs WPP -0.04
USA,1970,2.48,NSO published (national vital statistics / Eurostat),,2026-06-15,HIGH,NSO_TFR_RESOURCE_2026_06,2026-06-15,Δ vs WPP -0.03
USA,1971,2.266,NSO published (national vital statistics / Eurostat),,2026-06-15,HIGH,NSO_TFR_RESOURCE_2026_06,2026-06-15,Δ vs WPP -0.05
USA,1972,2.01,NSO published (national vital statistics / Eurostat),,2026-06-15,HIGH,NSO_TFR_RESOURCE_2026_06,2026-06-15,Δ vs WPP -0.05
USA,1973,1.879,NSO published (national vital statistics / Eurostat),,2026-06-15,HIGH,NSO_TFR_RESOURCE_2026_06,2026-06-15,Δ vs WPP -0.04
USA,1974,1.835,NSO published (national vital statistics / Eurostat),,2026-06-15,HIGH,NSO_TFR_RESOURCE_2026_06,2026-06-15,Δ vs WPP -0.04
USA,1975,1.774,NSO published (national vital statistics / Eurostat),,2026-06-15,HIGH,NSO_TFR_RESOURCE_2026_06,2026-06-15,Δ vs WPP -0.04
USA,1976,1.738,NSO published (national vital statistics / Eurostat),,2026-06-15,HIGH,NSO_TFR_RESOURCE_2026_06,2026-06-15,Δ vs WPP -0.05
USA,1977,1.789,NSO published (national vital statistics / Eurostat),,2026-06-15,HIGH,NSO_TFR_RESOURCE_2026_06,2026-06-15,Δ vs WPP -0.04
USA,1978,1.76,NSO published (national vital statistics / Eurostat),,2026-06-15,HIGH,NSO_TFR_RESOURCE_2026_06,2026-06-15,Δ vs WPP -0.04
USA,1979,1.808,NSO published (national vital statistics / Eurostat),,2026-06-15,HIGH,NSO_TFR_RESOURCE_2026_06,2026-06-15,Δ vs WPP -0.03
USA,1980,1.839,NSO published (national vital statistics / Eurostat),,2026-06-15,HIGH,NSO_TFR_RESOURCE_2026_06,2026-06-15,Δ vs WPP -0.02
USA,1981,1.812,NSO published (national vital statistics / Eurostat),,2026-06-15,HIGH,NSO_TFR_RESOURCE_2026_06,2026-06-15,Δ vs WPP -0.04
USA,1982,1.827,NSO published (national vital statistics / Eurostat),,2026-06-15,HIGH,NSO_TFR_RESOURCE_2026_06,2026-06-15,Δ vs WPP -0.03
USA,1983,1.799,NSO published (national vital statistics / Eurostat),,2026-06-15,HIGH,NSO_TFR_RESOURCE_2026_06,2026-06-15,Δ vs WPP -0.03
USA,1984,1.806,NSO published (national vital statistics / Eurostat),,2026-06-15,HIGH,NSO_TFR_RESOURCE_2026_06,2026-06-15,Δ vs WPP -0.02
USA,1985,1.844,NSO published (national vital statistics / Eurostat),,2026-06-15,HIGH,NSO_TFR_RESOURCE_2026_06,2026-06-15,Δ vs WPP -0.01
USA,1986,1.837,NSO published (national vital statistics / Eurostat),,2026-06-15,HIGH,NSO_TFR_RESOURCE_2026_06,2026-06-15,Δ vs WPP -0.02
USA,1987,1.872,NSO published (national vital statistics / Eurostat),,2026-06-15,HIGH,NSO_TFR_RESOURCE_2026_06,2026-06-15,Δ vs WPP -0.01
USA,1988,1.934,NSO published (national vital statistics / Eurostat),,2026-06-15,HIGH,NSO_TFR_RESOURCE_2026_06,2026-06-15,Δ vs WPP -0.01
USA,1989,2.014,NSO published (national vital statistics / Eurostat),,2026-06-15,HIGH,NSO_TFR_RESOURCE_2026_06,2026-06-15,Δ vs WPP +0.00
USA,1990,2.081,NSO published (national vital statistics / Eurostat),,2026-06-15,HIGH,NSO_TFR_RESOURCE_2026_06,2026-06-15,Δ vs WPP +0.01
USA,1991,2.062,NSO published (national vital statistics / Eurostat),,2026-06-15,HIGH,NSO_TFR_RESOURCE_2026_06,2026-06-15,Δ vs WPP +0.00
USA,1992,2.046,NSO published (national vital statistics / Eurostat),,2026-06-15,HIGH,NSO_TFR_RESOURCE_2026_06,2026-06-15,Δ vs WPP +0.01
USA,1993,2.019,NSO published (national vital statistics / Eurostat),,2026-06-15,HIGH,NSO_TFR_RESOURCE_2026_06,2026-06-15,Δ vs WPP +0.01
USA,1994,2.001,NSO published (national vital statistics / Eurostat),,2026-06-15,HIGH,NSO_TFR_RESOURCE_2026_06,2026-06-15,Δ vs WPP +0.01
USA,1995,1.978,NSO published (national vital statistics / Eurostat),,2026-06-15,HIGH,NSO_TFR_RESOURCE_2026_06,2026-06-15,Δ vs WPP +0.01
USA,1996,1.976,NSO published (national vital statistics / Eurostat),,2026-06-15,HIGH,NSO_TFR_RESOURCE_2026_06,2026-06-15,Δ vs WPP +0.02
USA,1997,1.971,NSO published (national vital statistics / Eurostat),,2026-06-15,HIGH,NSO_TFR_RESOURCE_2026_06,2026-06-15,Δ vs WPP +0.02
USA,1998,1.999,NSO published (national vital statistics / Eurostat),,2026-06-15,HIGH,NSO_TFR_RESOURCE_2026_06,2026-06-15,Δ vs WPP +0.02
USA,1999,2.007,NSO published (national vital statistics / Eurostat),,2026-06-15,HIGH,NSO_TFR_RESOURCE_2026_06,2026-06-15,Δ vs WPP +0.02
USA,2000,2.056,NSO published (national vital statistics / Eurostat),,2026-06-15,HIGH,NSO_TFR_RESOURCE_2026_06,2026-06-15,Δ vs WPP +0.03
USA,2001,2.03,NSO published (national vital statistics / Eurostat),,2026-06-15,HIGH,NSO_TFR_RESOURCE_2026_06,2026-06-15,Δ vs WPP +0.02
USA,2002,2.02,NSO published (national vital statistics / Eurostat),,2026-06-15,HIGH,NSO_TFR_RESOURCE_2026_06,2026-06-15,Δ vs WPP +0.02
USA,2003,2.047,NSO published (national vital statistics / Eurostat),,2026-06-15,HIGH,NSO_TFR_RESOURCE_2026_06,2026-06-15,Δ vs WPP +0.02
USA,2004,2.051,NSO published (national vital statistics / Eurostat),,2026-06-15,HIGH,NSO_TFR_RESOURCE_2026_06,2026-06-15,Δ vs WPP +0.02
USA,2005,2.057,NSO published (national vital statistics / Eurostat),,2026-06-15,HIGH,NSO_TFR_RESOURCE_2026_06,2026-06-15,Δ vs WPP +0.02
USA,2006,2.108,NSO published (national vital statistics / Eurostat),,2026-06-15,HIGH,NSO_TFR_RESOURCE_2026_06,2026-06-15,Δ vs WPP +0.02
USA,2007,2.12,NSO published (national vital statistics / Eurostat),,2026-06-15,HIGH,NSO_TFR_RESOURCE_2026_06,2026-06-15,Δ vs WPP +0.02
USA,2008,2.072,NSO published (national vital statistics / Eurostat),,2026-06-15,HIGH,NSO_TFR_RESOURCE_2026_06,2026-06-15,Δ vs WPP +0.02
USA,2009,2.002,NSO published (national vital statistics / Eurostat),,2026-06-15,HIGH,NSO_TFR_RESOURCE_2026_06,2026-06-15,Δ vs WPP +0.02
USA,2010,1.931,NSO published (national vital statistics / Eurostat),,2026-06-15,HIGH,NSO_TFR_RESOURCE_2026_06,2026-06-15,Δ vs WPP +0.02
USA,2011,1.894,NSO published (national vital statistics / Eurostat),,2026-06-15,HIGH,NSO_TFR_RESOURCE_2026_06,2026-06-15,Δ vs WPP +0.01
USA,2012,1.88,NSO published (national vital statistics / Eurostat),,2026-06-15,HIGH,NSO_TFR_RESOURCE_2026_06,2026-06-15,Δ vs WPP +0.02
USA,2013,1.857,NSO published (national vital statistics / Eurostat),,2026-06-15,HIGH,NSO_TFR_RESOURCE_2026_06,2026-06-15,Δ vs WPP +0.02
USA,2014,1.862,NSO published (national vital statistics / Eurostat),,2026-06-15,HIGH,NSO_TFR_RESOURCE_2026_06,2026-06-15,Δ vs WPP +0.01
USA,2015,1.843,NSO published (national vital statistics / Eurostat),,2026-06-15,HIGH,NSO_TFR_RESOURCE_2026_06,2026-06-15,Δ vs WPP +0.01
USA,2016,1.82,Wikipedia: Demographics of [USA] (vital statistics),,2026-05-13,HIGH,EDITOR_DECISION_2026_05_v2,2026-05-13,Δ vs WPP +0.02
USA,2017,1.765,NSO published (national vital statistics / Eurostat),,2026-06-15,HIGH,NSO_TFR_RESOURCE_2026_06,2026-06-15,Δ vs WPP +0.01
USA,2018,1.73,Wikipedia: Demographics of [USA] (vital statistics),,2026-05-13,HIGH,EDITOR_DECISION_2026_05_v2,2026-05-13,Δ vs WPP +0.02
USA,2019,1.706,Wikipedia: Demographics of [USA] (vital statistics),,2026-05-13,HIGH,EDITOR_DECISION_2026_05_v2,2026-05-13,Δ vs WPP +0.03
USA,2020,1.641,NSO published (national vital statistics / Eurostat),,2026-06-15,HIGH,NSO_TFR_RESOURCE_2026_06,2026-06-15,Δ vs WPP +0.03
USA,2021,1.664,Wikipedia: Demographics of [USA] (vital statistics),,2026-05-13,HIGH,EDITOR_DECISION_2026_05_v2,2026-05-13,Δ vs WPP +0.03
USA,2022,1.656,NSO published (national vital statistics / Eurostat),,2026-06-15,HIGH,NSO_TFR_RESOURCE_2026_06,2026-06-15,Δ vs WPP -0.01
USA,2023,1.621,NSO published (national vital statistics / Eurostat),,2026-06-15,HIGH,NSO_TFR_RESOURCE_2026_06,2026-06-15,Δ vs WPP -0.00
USA,2024,1.599,Wikipedia: Demographics of [USA] (vital statistics),,2026-05-13,HIGH,EDITOR_DECISION_2026_05_v2,2026-05-13,Δ vs WPP -0.02
USA,2025,1.583,Wikipedia: Demographics of [USA] (vital statistics),,2026-05-13,HIGH,EDITOR_DECISION_2026_05_v2,2026-05-13,Δ vs WPP -0.04
UZB,2009,2.53,Uzbekistan Statistical Agency,https://stat.uz/,2026-05-13,HIGH,EDITOR_DECISION_2026_05_v2,2026-05-13,Pre-2016 override (editor matrix start year: 2009)
UZB,2010,2.34,Uzbekistan Statistical Agency,https://stat.uz/,2026-05-13,HIGH,EDITOR_DECISION_2026_05_v2,2026-05-13,Pre-2016 override (editor matrix start year: 2009)
UZB,2011,2.24,Uzbekistan Statistical Agency,https://stat.uz/,2026-05-13,HIGH,EDITOR_DECISION_2026_05_v2,2026-05-13,Pre-2016 override (editor matrix start year: 2009)
UZB,2012,2.19,Uzbekistan Statistical Agency,https://stat.uz/,2026-05-13,HIGH,EDITOR_DECISION_2026_05_v2,2026-05-13,Pre-2016 override (editor matrix start year: 2009)
UZB,2013,2.35,Uzbekistan Statistical Agency,https://stat.uz/,2026-05-13,HIGH,EDITOR_DECISION_2026_05_v2,2026-05-13,Pre-2016 override (editor matrix start year: 2009)
UZB,2014,2.46,Uzbekistan Statistical Agency,https://stat.uz/,2026-05-13,HIGH,EDITOR_DECISION_2026_05_v2,2026-05-13,Pre-2016 override (editor matrix start year: 2009)
UZB,2015,2.49,Uzbekistan Statistical Agency,https://stat.uz/,2026-05-13,HIGH,EDITOR_DECISION_2026_05_v2,2026-05-13,Pre-2016 override (editor matrix start year: 2009)
UZB,2016,2.46,Uzbekistan Statistical Agency,https://stat.uz/,2026-05-13,HIGH,EDITOR_DECISION_2026_05_v2,2026-05-13,Δ vs WPP -0.10. Editor certainty: Materially Lower
UZB,2017,2.42,Uzbekistan Statistical Agency,https://stat.uz/,2026-05-13,HIGH,EDITOR_DECISION_2026_05_v2,2026-05-13,Δ vs WPP -0.15. Editor certainty: Materially Lower
UZB,2018,2.6,Uzbekistan Statistical Agency,https://stat.uz/,2026-05-13,HIGH,EDITOR_DECISION_2026_05_v2,2026-05-13,Δ vs WPP -0.11. Editor certainty: Materially Lower
UZB,2019,2.79,Uzbekistan Statistical Agency,https://stat.uz/,2026-05-13,HIGH,EDITOR_DECISION_2026_05_v2,2026-05-13,Δ vs WPP -0.08. Editor certainty: Materially Lower
UZB,2020,2.9,Uzbekistan Statistical Agency,https://stat.uz/,2026-05-13,HIGH,EDITOR_DECISION_2026_05_v2,2026-05-13,Δ vs WPP -0.16. Editor certainty: Materially Lower
UZB,2021,3.17,Uzbekistan Statistical Agency,https://stat.uz/,2026-05-13,HIGH,EDITOR_DECISION_2026_05_v2,2026-05-13,Δ vs WPP -0.10. Editor certainty: Materially Lower
UZB,2022,3.31,Uzbekistan Statistical Agency,https://stat.uz/,2026-05-13,HIGH,EDITOR_DECISION_2026_05_v2,2026-05-13,Δ vs WPP -0.09. Editor certainty: Materially Lower
UZB,2023,3.45,Uzbekistan Statistical Agency,https://stat.uz/,2026-05-13,HIGH,EDITOR_DECISION_2026_05_v2,2026-05-13,Δ vs WPP -0.05. Editor certainty: Materially Lower
UZB,2024,3.35,Uzbekistan Statistical Agency,https://stat.uz/,2026-05-13,HIGH,EDITOR_DECISION_2026_05_v2,2026-05-13,Δ vs WPP -0.14. Editor certainty: Materially Lower
UZB,2025,3.15,Uzbekistan Statistical Agency,https://stat.uz/,2026-05-13,HIGH,EDITOR_DECISION_2026_05_v2,2026-05-13,Δ vs WPP -0.30. Editor certainty: Materially Lower
VCT,2005,1.9,NSO published (national vital statistics / Eurostat),,2026-06-15,HIGH,NSO_TFR_RESOURCE_2026_06,2026-06-15,Δ vs WPP -0.17
VCT,2006,2.1,NSO published (national vital statistics / Eurostat),,2026-06-15,HIGH,NSO_TFR_RESOURCE_2026_06,2026-06-15,Δ vs WPP +0.07
VCT,2007,2,NSO published (national vital statistics / Eurostat),,2026-06-15,HIGH,NSO_TFR_RESOURCE_2026_06,2026-06-15,Δ vs WPP -0.06
VCT,2008,2.1,NSO published (national vital statistics / Eurostat),,2026-06-15,HIGH,NSO_TFR_RESOURCE_2026_06,2026-06-15,Δ vs WPP -0.05
VCT,2009,2.235,NSO published (national vital statistics / Eurostat),,2026-06-15,HIGH,NSO_TFR_RESOURCE_2026_06,2026-06-15,Δ vs WPP +0.06
VCT,2010,2.253,NSO published (national vital statistics / Eurostat),,2026-06-15,HIGH,NSO_TFR_RESOURCE_2026_06,2026-06-15,Δ vs WPP +0.11
VCT,2011,1.892,NSO published (national vital statistics / Eurostat),,2026-06-15,HIGH,NSO_TFR_RESOURCE_2026_06,2026-06-15,Δ vs WPP -0.18
VCT,2012,2.213,NSO published (national vital statistics / Eurostat),,2026-06-15,HIGH,NSO_TFR_RESOURCE_2026_06,2026-06-15,Δ vs WPP +0.10
VCT,2013,2.09,NSO published (national vital statistics / Eurostat),,2026-06-15,HIGH,NSO_TFR_RESOURCE_2026_06,2026-06-15,Δ vs WPP -0.02
VCT,2014,2.211,NSO published (national vital statistics / Eurostat),,2026-06-15,HIGH,NSO_TFR_RESOURCE_2026_06,2026-06-15,Δ vs WPP +0.07
VCT,2015,2.188,NSO published (national vital statistics / Eurostat),,2026-06-15,HIGH,NSO_TFR_RESOURCE_2026_06,2026-06-15,Δ vs WPP +0.06
VCT,2016,2.102,Wikipedia: Demographics of [VCT] (vital statistics),,2026-05-13,HIGH,EDITOR_DECISION_2026_05_v2,2026-05-13,Δ vs WPP +0.05
VCT,2017,1.858,Wikipedia: Demographics of [VCT] (vital statistics),,2026-05-13,HIGH,EDITOR_DECISION_2026_05_v2,2026-05-13,Δ vs WPP -0.08
VCT,2018,1.848,Wikipedia: Demographics of [VCT] (vital statistics),,2026-05-13,HIGH,EDITOR_DECISION_2026_05_v2,2026-05-13,Δ vs WPP -0.05
VCT,2019,1.74,Wikipedia: Demographics of [VCT] (vital statistics),,2026-05-13,HIGH,EDITOR_DECISION_2026_05_v2,2026-05-13,Δ vs WPP -0.12
VCT,2020,1.598,Wikipedia: Demographics of [VCT] (vital statistics),,2026-05-13,HIGH,EDITOR_DECISION_2026_05_v2,2026-05-13,Δ vs WPP -0.23
VCT,2021,1.756,Wikipedia: Demographics of [VCT] (vital statistics),,2026-05-13,HIGH,EDITOR_DECISION_2026_05_v2,2026-05-13,Δ vs WPP -0.05
VCT,2022,1.542,Wikipedia: Demographics of [VCT] (vital statistics),,2026-05-13,HIGH,EDITOR_DECISION_2026_05_v2,2026-05-13,Δ vs WPP -0.25
VCT,2023,1.49,"Wikipedia (TFR from observed births × local-window ratio, outlier-filtered)",,2026-05-14,HIGH,CALCNEW_V7_FRESH,2026-05-14,"Calc New v7 (v7_births_5anchor_±5y). R=0.001231, anchors=[(2018, 1524.0, 1.848, 0.0012126), (2019, 1426.0, 1.739, 0.0012195), (2020, 1320.0, 1.598, 0.00121061), (2021, 1370.0, 1.756, 0.00128175), (2022, 1264.0, 1.542, 0.00121994)], dropped=[], window=±5y. Wiki-observed births 2023: 1,212."
VCT,2024,1.48,Wikipedia (bidirectional TFR interpolation),,2026-05-14,MEDIUM,CALCNEW_V7_FRESH,2026-05-14,Calc New v7 (tfr_extrap_fwd). 
VCT,2025,1.45,Wikipedia (bidirectional TFR interpolation),,2026-05-14,MEDIUM,CALCNEW_V7_FRESH,2026-05-14,Calc New v7 (tfr_extrap_fwd). 
VIR,2015,2.23,NSO published (national vital statistics / Eurostat),,2026-06-15,HIGH,NSO_TFR_RESOURCE_2026_06,2026-06-15,Δ vs WPP +0.01
VIR,2016,1.8,USVI / CDC NCHS,,2026-05-13,HIGH,EDITOR_DECISION_2026_05_v2,2026-05-13,Δ vs WPP -0.40. Editor certainty: Materially Lower
VIR,2017,1.7,Wikipedia (bidirectional TFR interpolation),,2026-05-14,MEDIUM,CALCNEW_V7_FRESH,2026-05-14,Calc New v7 (tfr_interp). 
VIR,2018,1.59,Wikipedia (bidirectional TFR interpolation),,2026-05-14,MEDIUM,CALCNEW_V7_FRESH,2026-05-14,Calc New v7 (tfr_interp). 
VIR,2019,1.49,Wikipedia (bidirectional TFR interpolation),,2026-05-14,MEDIUM,CALCNEW_V7_FRESH,2026-05-14,Calc New v7 (tfr_interp). 
VIR,2020,1.394,USVI / CDC NCHS,,2026-05-13,HIGH,EDITOR_DECISION_2026_05_v2,2026-05-13,Δ vs WPP -0.75. Editor certainty: Materially Lower
VIR,2021,1.458,USVI / CDC NCHS,,2026-05-13,HIGH,EDITOR_DECISION_2026_05_v2,2026-05-13,Δ vs WPP -0.66. Editor certainty: Materially Lower
VIR,2022,1.427,USVI / CDC NCHS,,2026-05-13,HIGH,EDITOR_DECISION_2026_05_v2,2026-05-13,Δ vs WPP -0.67. Editor certainty: Materially Lower
VIR,2023,1.368,USVI / CDC NCHS,,2026-05-13,HIGH,EDITOR_DECISION_2026_05_v2,2026-05-13,Δ vs WPP -0.72. Editor certainty: Materially Lower
VIR,2024,1.33,Wikipedia (bidirectional TFR interpolation),,2026-05-14,MEDIUM,CALCNEW_V7_FRESH,2026-05-14,Calc New v7 (tfr_extrap_fwd). 
VIR,2025,1.28,Wikipedia (bidirectional TFR interpolation),,2026-05-14,MEDIUM,CALCNEW_V7_FRESH,2026-05-14,Calc New v7 (tfr_extrap_fwd). 
VNM,2016,2.09,Wikipedia: Demographics of [VNM] (vital statistics),,2026-05-13,HIGH,EDITOR_DECISION_2026_05_v2,2026-05-13,Δ vs WPP +0.09
VNM,2017,2.04,Wikipedia: Demographics of [VNM] (vital statistics),,2026-05-13,HIGH,EDITOR_DECISION_2026_05_v2,2026-05-13,Δ vs WPP +0.05
VNM,2018,2.05,Wikipedia: Demographics of [VNM] (vital statistics),,2026-05-13,HIGH,EDITOR_DECISION_2026_05_v2,2026-05-13,Δ vs WPP +0.17
VNM,2019,2.09,Wikipedia: Demographics of [VNM] (vital statistics),,2026-05-13,HIGH,EDITOR_DECISION_2026_05_v2,2026-05-13,Δ vs WPP +0.15
VNM,2020,1.93,Wikipedia: Demographics of [VNM] (vital statistics),,2026-05-13,HIGH,EDITOR_DECISION_2026_05_v2,2026-05-13,Δ vs WPP -0.03
VNM,2021,2.11,Wikipedia: Demographics of [VNM] (vital statistics),,2026-05-13,HIGH,EDITOR_DECISION_2026_05_v2,2026-05-13,Δ vs WPP +0.17
VNM,2022,2.01,Wikipedia: Demographics of [VNM] (vital statistics),,2026-05-13,HIGH,EDITOR_DECISION_2026_05_v2,2026-05-13,Δ vs WPP +0.08
VNM,2023,1.96,Wikipedia: Demographics of [VNM] (vital statistics),,2026-05-13,HIGH,EDITOR_DECISION_2026_05_v2,2026-05-13,Δ vs WPP +0.05
VNM,2025,1.92,Wikipedia: Demographics of [VNM] (vital statistics),,2026-05-13,HIGH,EDITOR_DECISION_2026_05_v2,2026-05-13,Δ vs WPP +0.04
XKX,1965,5.97,NSO published (national vital statistics / Eurostat),,2026-06-15,HIGH,NSO_TFR_RESOURCE_2026_06,2026-06-15,Δ vs WPP -0.06
XKX,1966,5.66,NSO published (national vital statistics / Eurostat),,2026-06-15,HIGH,NSO_TFR_RESOURCE_2026_06,2026-06-15,Δ vs WPP -0.29
XKX,1967,5.71,NSO published (national vital statistics / Eurostat),,2026-06-15,HIGH,NSO_TFR_RESOURCE_2026_06,2026-06-15,Δ vs WPP -0.17
XKX,1968,5.64,NSO published (national vital statistics / Eurostat),,2026-06-15,HIGH,NSO_TFR_RESOURCE_2026_06,2026-06-15,Δ vs WPP -0.17
XKX,1969,5.69,NSO published (national vital statistics / Eurostat),,2026-06-15,HIGH,NSO_TFR_RESOURCE_2026_06,2026-06-15,Δ vs WPP -0.04
XKX,1970,5.4,NSO published (national vital statistics / Eurostat),,2026-06-15,HIGH,NSO_TFR_RESOURCE_2026_06,2026-06-15,Δ vs WPP -0.22
XKX,1971,5.74,NSO published (national vital statistics / Eurostat),,2026-06-15,HIGH,NSO_TFR_RESOURCE_2026_06,2026-06-15,Δ vs WPP +0.18
XKX,1972,5.57,NSO published (national vital statistics / Eurostat),,2026-06-15,HIGH,NSO_TFR_RESOURCE_2026_06,2026-06-15,Δ vs WPP +0.08
XKX,1973,5.35,NSO published (national vital statistics / Eurostat),,2026-06-15,HIGH,NSO_TFR_RESOURCE_2026_06,2026-06-15,Δ vs WPP -0.07
XKX,1974,5.4,NSO published (national vital statistics / Eurostat),,2026-06-15,HIGH,NSO_TFR_RESOURCE_2026_06,2026-06-15,Δ vs WPP +0.03
XKX,1975,5.19,NSO published (national vital statistics / Eurostat),,2026-06-15,HIGH,NSO_TFR_RESOURCE_2026_06,2026-06-15,Δ vs WPP -0.09
XKX,1976,5.24,NSO published (national vital statistics / Eurostat),,2026-06-15,HIGH,NSO_TFR_RESOURCE_2026_06,2026-06-15,Δ vs WPP +0.06
XKX,1977,4.92,NSO published (national vital statistics / Eurostat),,2026-06-15,HIGH,NSO_TFR_RESOURCE_2026_06,2026-06-15,Δ vs WPP -0.09
XKX,1978,4.66,NSO published (national vital statistics / Eurostat),,2026-06-15,HIGH,NSO_TFR_RESOURCE_2026_06,2026-06-15,Δ vs WPP -0.17
XKX,1979,4.51,NSO published (national vital statistics / Eurostat),,2026-06-15,HIGH,NSO_TFR_RESOURCE_2026_06,2026-06-15,Δ vs WPP -0.19
XKX,1980,4.82,NSO published (national vital statistics / Eurostat),,2026-06-15,HIGH,NSO_TFR_RESOURCE_2026_06,2026-06-15,Δ vs WPP +0.16
XKX,1981,4.55,NSO published (national vital statistics / Eurostat),,2026-06-15,HIGH,NSO_TFR_RESOURCE_2026_06,2026-06-15,Δ vs WPP +0.05
XKX,1982,4.71,NSO published (national vital statistics / Eurostat),,2026-06-15,HIGH,NSO_TFR_RESOURCE_2026_06,2026-06-15,Δ vs WPP +0.22
XKX,1983,4.29,NSO published (national vital statistics / Eurostat),,2026-06-15,HIGH,NSO_TFR_RESOURCE_2026_06,2026-06-15,Δ vs WPP -0.17
XKX,1984,4.58,NSO published (national vital statistics / Eurostat),,2026-06-15,HIGH,NSO_TFR_RESOURCE_2026_06,2026-06-15,Δ vs WPP +0.17
XKX,1985,4.3,NSO published (national vital statistics / Eurostat),,2026-06-15,HIGH,NSO_TFR_RESOURCE_2026_06,2026-06-15,Δ vs WPP +0.10
XKX,1986,4.18,NSO published (national vital statistics / Eurostat),,2026-06-15,HIGH,NSO_TFR_RESOURCE_2026_06,2026-06-15,Δ vs WPP +0.07
XKX,1987,4.12,NSO published (national vital statistics / Eurostat),,2026-06-15,HIGH,NSO_TFR_RESOURCE_2026_06,2026-06-15,Δ vs WPP +0.02
XKX,1988,3.96,NSO published (national vital statistics / Eurostat),,2026-06-15,HIGH,NSO_TFR_RESOURCE_2026_06,2026-06-15,Δ vs WPP -0.01
XKX,1989,3.63,NSO published (national vital statistics / Eurostat),,2026-06-15,HIGH,NSO_TFR_RESOURCE_2026_06,2026-06-15,Δ vs WPP -0.04
XKX,1990,3.59,NSO published (national vital statistics / Eurostat),,2026-06-15,HIGH,NSO_TFR_RESOURCE_2026_06,2026-06-15,Δ vs WPP -0.08
XKX,1991,3.52,NSO published (national vital statistics / Eurostat),,2026-06-15,HIGH,NSO_TFR_RESOURCE_2026_06,2026-06-15,Δ vs WPP +0.15
XKX,1992,2.83,NSO published (national vital statistics / Eurostat),,2026-06-15,HIGH,NSO_TFR_RESOURCE_2026_06,2026-06-15,Δ vs WPP +0.06
XKX,1993,2.71,NSO published (national vital statistics / Eurostat),,2026-06-15,HIGH,NSO_TFR_RESOURCE_2026_06,2026-06-15,Δ vs WPP +0.06
XKX,1994,2.57,NSO published (national vital statistics / Eurostat),,2026-06-15,HIGH,NSO_TFR_RESOURCE_2026_06,2026-06-15,Δ vs WPP +0.05
XKX,1995,2.55,NSO published (national vital statistics / Eurostat),,2026-06-15,HIGH,NSO_TFR_RESOURCE_2026_06,2026-06-15,Δ vs WPP +0.03
XKX,1996,2.56,NSO published (national vital statistics / Eurostat),,2026-06-15,HIGH,NSO_TFR_RESOURCE_2026_06,2026-06-15,Δ vs WPP +0.02
XKX,1997,2.33,NSO published (national vital statistics / Eurostat),,2026-06-15,HIGH,NSO_TFR_RESOURCE_2026_06,2026-06-15,Δ vs WPP +0.02
XKX,1998,2.34,NSO published (national vital statistics / Eurostat),,2026-06-15,HIGH,NSO_TFR_RESOURCE_2026_06,2026-06-15,Δ vs WPP -0.01
XKX,1999,2.28,Kosovo Agency of Statistics (ASK),https://ask.rks-gov.net/,2026-05-13,HIGH,EDITOR_DECISION_2026_05_v2,2026-05-13,Pre-2016 override (editor matrix start year: 1999)
XKX,2000,2.31,Kosovo Agency of Statistics (ASK),https://ask.rks-gov.net/,2026-05-13,HIGH,EDITOR_DECISION_2026_05_v2,2026-05-13,Pre-2016 override (editor matrix start year: 1999)
XKX,2001,2.26,Kosovo Agency of Statistics (ASK),https://ask.rks-gov.net/,2026-05-13,HIGH,EDITOR_DECISION_2026_05_v2,2026-05-13,Pre-2016 override (editor matrix start year: 1999)
XKX,2002,2.22,Kosovo Agency of Statistics (ASK),https://ask.rks-gov.net/,2026-05-13,HIGH,EDITOR_DECISION_2026_05_v2,2026-05-13,Pre-2016 override (editor matrix start year: 1999)
XKX,2003,2.0,Kosovo Agency of Statistics (ASK),https://ask.rks-gov.net/,2026-05-13,HIGH,EDITOR_DECISION_2026_05_v2,2026-05-13,Pre-2016 override (editor matrix start year: 1999)
XKX,2004,2.21,Kosovo Agency of Statistics (ASK),https://ask.rks-gov.net/,2026-05-13,HIGH,EDITOR_DECISION_2026_05_v2,2026-05-13,Pre-2016 override (editor matrix start year: 1999)
XKX,2005,2.38,Kosovo Agency of Statistics (ASK),https://ask.rks-gov.net/,2026-05-13,HIGH,EDITOR_DECISION_2026_05_v2,2026-05-13,Pre-2016 override (editor matrix start year: 1999)
XKX,2006,2.24,Kosovo Agency of Statistics (ASK),https://ask.rks-gov.net/,2026-05-13,HIGH,EDITOR_DECISION_2026_05_v2,2026-05-13,Pre-2016 override (editor matrix start year: 1999)
XKX,2007,2.21,Kosovo Agency of Statistics (ASK),https://ask.rks-gov.net/,2026-05-13,HIGH,EDITOR_DECISION_2026_05_v2,2026-05-13,Pre-2016 override (editor matrix start year: 1999)
XKX,2008,2.32,Kosovo Agency of Statistics (ASK),https://ask.rks-gov.net/,2026-05-13,HIGH,EDITOR_DECISION_2026_05_v2,2026-05-13,Pre-2016 override (editor matrix start year: 1999)
XKX,2009,2.36,Kosovo Agency of Statistics (ASK),https://ask.rks-gov.net/,2026-05-13,HIGH,EDITOR_DECISION_2026_05_v2,2026-05-13,Pre-2016 override (editor matrix start year: 1999)
XKX,2010,2.38,Kosovo Agency of Statistics (ASK),https://ask.rks-gov.net/,2026-05-13,HIGH,EDITOR_DECISION_2026_05_v2,2026-05-13,Pre-2016 override (editor matrix start year: 1999)
XKX,2011,1.99,Kosovo Agency of Statistics (ASK),https://ask.rks-gov.net/,2026-05-13,HIGH,EDITOR_DECISION_2026_05_v2,2026-05-13,Pre-2016 override (editor matrix start year: 1999)
XKX,2012,2.02,Kosovo Agency of Statistics (ASK),https://ask.rks-gov.net/,2026-05-13,HIGH,EDITOR_DECISION_2026_05_v2,2026-05-13,Pre-2016 override (editor matrix start year: 1999)
XKX,2013,2.17,Kosovo Agency of Statistics (ASK),https://ask.rks-gov.net/,2026-05-13,HIGH,EDITOR_DECISION_2026_05_v2,2026-05-13,Pre-2016 override (editor matrix start year: 1999)
XKX,2014,1.95,Kosovo Agency of Statistics (ASK),https://ask.rks-gov.net/,2026-05-13,HIGH,EDITOR_DECISION_2026_05_v2,2026-05-13,Pre-2016 override (editor matrix start year: 1999)
XKX,2015,1.88,Kosovo Agency of Statistics (ASK),https://ask.rks-gov.net/,2026-05-13,HIGH,EDITOR_DECISION_2026_05_v2,2026-05-13,Pre-2016 override (editor matrix start year: 1999)
XKX,2016,1.82,Kosovo Agency of Statistics (ASK),https://ask.rks-gov.net/,2026-05-13,HIGH,EDITOR_DECISION_2026_05_v2,2026-05-13,Δ vs WPP +0.18. Editor certainty: Materially Higher
XKX,2017,1.86,Kosovo Agency of Statistics (ASK),https://ask.rks-gov.net/,2026-05-13,HIGH,EDITOR_DECISION_2026_05_v2,2026-05-13,Δ vs WPP +0.24. Editor certainty: Materially Higher
XKX,2018,1.84,Kosovo Agency of Statistics (ASK),https://ask.rks-gov.net/,2026-05-13,HIGH,EDITOR_DECISION_2026_05_v2,2026-05-13,Δ vs WPP +0.26. Editor certainty: Materially Higher
XKX,2019,1.79,Kosovo Agency of Statistics (ASK),https://ask.rks-gov.net/,2026-05-13,HIGH,EDITOR_DECISION_2026_05_v2,2026-05-13,Δ vs WPP +0.22. Editor certainty: Materially Higher
XKX,2020,1.85,Kosovo Agency of Statistics (ASK),https://ask.rks-gov.net/,2026-05-13,HIGH,EDITOR_DECISION_2026_05_v2,2026-05-13,Δ vs WPP +0.28. Editor certainty: Materially Higher
XKX,2021,1.96,Kosovo Agency of Statistics (ASK),https://ask.rks-gov.net/,2026-05-13,HIGH,EDITOR_DECISION_2026_05_v2,2026-05-13,Δ vs WPP +0.40. Editor certainty: Materially Higher
XKX,2022,1.98,Kosovo Agency of Statistics (ASK),https://ask.rks-gov.net/,2026-05-13,HIGH,EDITOR_DECISION_2026_05_v2,2026-05-13,Δ vs WPP +0.42. Editor certainty: Materially Higher
XKX,2023,1.93,Kosovo Agency of Statistics (ASK),https://ask.rks-gov.net/,2026-05-13,HIGH,EDITOR_DECISION_2026_05_v2,2026-05-13,Δ vs WPP +0.38. Editor certainty: Materially Higher
XKX,2024,1.95,Kosovo Agency of Statistics (ASK),https://ask.rks-gov.net/,2026-05-13,HIGH,EDITOR_DECISION_2026_05_v2,2026-05-13,Δ vs WPP +0.41. Editor certainty: Materially Higher
XKX,2025,1.95,"Wikipedia (TFR from observed births × local-window ratio, outlier-filtered)",,2026-05-14,HIGH,CALCNEW_V7_FRESH,2026-05-14,"Calc New v7 (v7_births_5anchor_±5y). R=0.000089, anchors=[(2020, 21907.0, 1.85, 8.445e-05), (2021, 22830.0, 1.96, 8.585e-05), (2022, 22632.0, 1.98, 8.749e-05), (2023, 21654.0, 1.93, 8.913e-05), (2024, 21487.0, 1.95, 9.075e-05)], dropped=[], window=±5y. Wiki-observed births 2025: 21,975."
ZAF,2016,2.33,Wikipedia: Demographics of [ZAF] (vital statistics),,2026-05-13,HIGH,EDITOR_DECISION_2026_05_v2,2026-05-13,Δ vs WPP +0.07
ZAF,2018,2.34,Wikipedia: Demographics of [ZAF] (vital statistics),,2026-05-13,HIGH,EDITOR_DECISION_2026_05_v2,2026-05-13,Δ vs WPP +0.07
ZAF,2019,2.38,Wikipedia: Demographics of [ZAF] (vital statistics),,2026-05-13,HIGH,EDITOR_DECISION_2026_05_v2,2026-05-13,Δ vs WPP +0.12
ZAF,2020,2.42,Wikipedia: Demographics of [ZAF] (vital statistics),,2026-05-13,HIGH,EDITOR_DECISION_2026_05_v2,2026-05-13,Δ vs WPP +0.16
ZAF,2021,2.42,Wikipedia: Demographics of [ZAF] (vital statistics),,2026-05-13,HIGH,EDITOR_DECISION_2026_05_v2,2026-05-13,Δ vs WPP +0.17
ZAF,2022,2.42,Wikipedia: Demographics of [ZAF] (vital statistics),,2026-05-13,HIGH,EDITOR_DECISION_2026_05_v2,2026-05-13,Δ vs WPP +0.19
ZAF,2023,2.42,Wikipedia: Demographics of [ZAF] (vital statistics),,2026-05-13,HIGH,EDITOR_DECISION_2026_05_v2,2026-05-13,Δ vs WPP +0.20
ZAF,2024,2.41,Wikipedia: Demographics of [ZAF] (vital statistics),,2026-05-13,MEDIUM,EDITOR_DECISION_2026_05_v2,2026-05-13,Δ vs WPP +0.20. Editor certainty: Recheck
ZAF,2025,2.22,Wikipedia: Demographics of [ZAF] (vital statistics),,2026-05-13,HIGH,EDITOR_DECISION_2026_05_v2,2026-05-13,Δ vs WPP +0.03
